,Giving,Internet usage,God,Loss of interest,Unpopularity,Writing notes,Self-criticism,Finding lost valuables,Dreams,Workaholism,Energy levels,Parents' advice,Small - big dogs,Interests or hobbies,Lying,Borrowed stuff,Personality,Mood swings,Punctuality,Friends versus money,Decision making,Responding to a serious letter,Judgment calls,Reliability,Socializing,Achievements,Happiness in life,Changing the past,Daily events,New environment,Assertiveness,Elections,Hypochondria,Children,Compassion to animals,Loneliness,Fake,Empathy,Smoking,Alcohol,Healthy eating,Flying,Storm,Darkness,Heights,Spiders,Snakes,Rats,Ageing,Dangerous dogs,Fear of public speaking,Music,Slow songs or fast songs,Dance,Folk,Country,Classical music,Musical,Pop,Rock,Metal or Hardrock,Punk,"Hiphop, Rap","Reggae, Ska","Swing, Jazz",Rock n roll,Alternative,Latino,"Techno, Trance",Opera,History,Psychology,Politics,Mathematics,Physics,Internet,PC,Economy Management,Biology,Chemistry,Reading,Geography,Foreign languages,Medicine,Law,Cars,Art exhibitions,Religion,"Countryside, outdoors",Dancing,Musical instruments,Writing,Passive sport,Active sport,Gardening,Celebrities,Shopping,Science and technology,Theatre,Fun with friends,Adrenaline sports,Pets
0,1.0,2.0,1.0,5.0,3.0,1.0,4.0,1.0,3.0,2.0,4.0,3.0,3.0,3.0,3.0,2.0,4.0,2.0,2.0,3.0,4.0,3.0,5.0,4.0,5.0,3.0,4.0,3.0,5.0,4.0,4.0,5.0,3.0,3.0,1.0,3.0,3.0,2.0,4.0,2.0,4.0,1.0,1.0,3.0,2.0,2.0,5.0,2.0,2.0,2.0,1.0,3.0,3.0,2.0,1.0,1.0,4.0,3.0,3.0,4.0,1.0,1.0,1.0,1.0,5.0,3.0,5.0,2.0,2.0,4.0,3.0,5.0,5.0,2.0,4.0,5.0,3.0,5.0,2.0,2.0,5.0,2.0,4.0,2.0,4.0,1.0,4.0,1.0,4.0,1.0,2.0,1.0,4.0,3.0,1.0,1.0,3.0,3.0,5.0,5.0,1.0,1.0
1,5.0,2.0,1.0,1.0,5.0,5.0,5.0,2.0,4.0,4.0,3.0,4.0,3.0,5.0,2.0,4.0,4.0,3.0,3.0,3.0,4.0,4.0,5.0,4.0,3.0,2.0,4.0,3.0,5.0,4.0,5.0,5.0,1.0,4.0,5.0,2.0,3.0,5.0,3.0,3.0,3.0,5.0,2.0,3.0,2.0,2.0,4.0,1.0,4.0,1.0,1.0,5.0,3.0,5.0,4.0,4.0,5.0,5.0,5.0,4.0,2.0,4.0,3.0,4.0,4.0,5.0,3.0,3.0,4.0,3.0,2.0,3.0,3.0,1.0,1.0,5.0,3.0,4.0,1.0,1.0,4.0,3.0,5.0,1.0,4.0,2.0,3.0,1.0,3.0,3.0,2.0,1.0,5.0,5.0,1.0,1.0,3.0,2.0,4.0,5.0,4.0,5.0
2,3.0,2.0,3.0,2.0,3.0,3.0,3.0,1.0,4.0,3.0,3.0,4.0,4.0,3.0,3.0,4.0,3.0,3.0,1.0,4.0,4.0,4.0,3.0,4.0,4.0,3.0,4.0,5.0,2.0,4.0,4.0,3.0,2.0,4.0,4.0,3.0,2.0,2.0,2.0,1.0,3.0,3.0,2.0,1.0,4.0,3.0,4.0,4.0,3.0,4.0,4.0,4.0,3.0,4.0,1.0,3.0,2.0,3.0,2.0,2.0,1.0,1.0,3.0,3.0,3.0,2.0,2.0,4.0,5.0,4.0,2.0,1.0,2.0,5.0,5.0,5.0,5.0,3.0,3.0,3.0,2.0,3.0,4.0,2.0,1.0,5.0,2.0,2.0,4.0,1.0,1.0,1.0,4.0,1.0,3.0,2.0,2.0,5.0,4.0,5.0,4.0,3.0
3,2.0,2.0,5.0,1.0,5.0,3.0,5.0,1.0,4.0,4.0,5.0,2.0,3.0,5.0,4.0,1.0,5.0,2.0,3.0,4.0,2.0,4.0,4.0,3.0,3.0,2.0,5.0,1.0,3.0,4.0,4.0,3.0,1.0,4.0,3.0,1.0,2.0,2.0,3.0,3.0,4.0,1.0,1.0,1.0,1.0,1.0,1.0,1.0,1.0,1.0,1.0,5.0,2.0,2.0,1.0,1.0,3.0,1.0,3.0,5.0,3.0,4.0,1.0,4.0,2.0,3.0,5.0,1.0,2.0,1.0,1.0,5.0,2.0,1.0,2.0,5.0,3.0,5.0,2.0,2.0,1.0,2.0,3.0,1.0,2.0,1.0,2.0,1.0,2.0,2.0,2.0,1.0,5.0,1.0,2.0,1.0,4.0,3.0,1.0,5.0,4.0,2.0
4,1.0,2.0,1.0,3.0,1.0,4.0,3.0,4.0,4.0,5.0,4.0,1.0,3.0,4.0,4.0,5.0,4.0,4.0,1.0,3.0,5.0,4.0,4.0,4.0,3.0,4.0,5.0,1.0,3.0,1.0,4.0,1.0,2.0,1.0,4.0,1.0,2.0,4.0,4.0,3.0,4.0,2.0,2.0,3.0,3.0,3.0,1.0,1.0,1.0,1.0,3.0,5.0,3.0,1.0,2.0,2.0,2.0,2.0,2.0,5.0,5.0,5.0,1.0,5.0,3.0,4.0,4.0,2.0,2.0,1.0,3.0,4.0,3.0,5.0,3.0,5.0,2.0,2.0,3.0,4.0,5.0,2.0,5.0,3.0,3.0,2.0,3.0,1.0,4.0,1.0,1.0,1.0,5.0,5.0,1.0,2.0,2.0,4.0,3.0,5.0,1.0,3.0
5,2.0,3.0,4.0,1.0,4.0,3.0,3.0,4.0,4.0,3.0,3.0,3.0,1.0,2.0,4.0,4.0,3.0,2.0,2.0,3.0,3.0,3.0,4.0,4.0,3.0,2.0,3.0,3.0,2.0,4.0,2.0,1.0,4.0,4.0,3.0,4.0,2.0,1.0,1.0,2.0,3.0,1.0,3.0,3.0,2.0,5.0,5.0,5.0,1.0,4.0,5.0,5.0,3.0,3.0,1.0,1.0,3.0,3.0,4.0,5.0,3.0,5.0,3.0,1.0,1.0,2.0,2.0,3.0,1.0,2.0,2.0,1.0,2.0,4.0,1.0,4.0,3.0,5.0,2.0,1.0,5.0,4.0,5.0,1.0,3.0,2.0,2.0,2.0,3.0,1.0,1.0,4.0,4.0,1.0,2.0,3.0,3.0,1.0,2.0,3.0,1.0,1.0
6,1.0,2.0,4.0,5.0,5.0,1.0,5.0,1.0,3.0,2.0,5.0,3.0,5.0,5.0,3.0,5.0,3.0,1.0,2.0,4.0,3.0,3.0,5.0,5.0,1.0,3.0,4.0,2.0,4.0,5.0,5.0,4.0,1.0,1.0,5.0,4.0,4.0,1.0,2.0,3.0,4.0,1.0,4.0,4.0,1.0,5.0,5.0,5.0,5.0,5.0,5.0,5.0,3.0,4.0,2.0,1.0,4.0,1.0,4.0,5.0,3.0,4.0,3.0,4.0,4.0,4.0,5.0,1.0,4.0,1.0,3.0,2.0,1.0,4.0,2.0,5.0,3.0,5.0,1.0,1.0,5.0,3.0,5.0,1.0,1.0,5.0,5.0,1.0,3.0,3.0,1.0,1.0,5.0,3.0,1.0,5.0,5.0,1.0,5.0,5.0,1.0,5.0
7,3.0,3.0,3.0,5.0,1.0,1.0,1.0,2.0,3.0,1.0,4.0,3.0,2.0,3.0,3.0,5.0,3.0,3.0,2.0,5.0,1.0,3.0,3.0,3.0,4.0,4.0,4.0,3.0,1.0,3.0,3.0,1.0,5.0,3.0,5.0,3.0,1.0,3.0,2.0,2.0,1.0,1.0,2.0,3.0,1.0,4.0,3.0,1.0,1.0,2.0,3.0,5.0,3.0,3.0,2.0,1.0,2.0,3.0,5.0,2.0,1.0,1.0,4.0,3.0,3.0,2.0,1.0,1.0,1.0,1.0,1.0,1.0,1.0,2.0,1.0,5.0,5.0,1.0,2.0,2.0,3.0,1.0,3.0,2.0,2.0,1.0,1.0,1.0,1.0,1.0,1.0,1.0,3.0,1.0,1.0,3.0,4.0,1.0,2.0,5.0,1.0,5.0
8,5.0,1.0,5.0,3.0,3.0,4.0,4.0,5.0,3.0,3.0,5.0,3.0,5.0,3.0,2.0,5.0,5.0,2.0,3.0,4.0,3.0,1.0,4.0,4.0,5.0,4.0,4.0,3.0,2.0,4.0,4.0,2.0,2.0,5.0,5.0,4.0,2.0,5.0,4.0,3.0,2.0,1.0,2.0,2.0,2.0,5.0,5.0,4.0,3.0,3.0,4.0,5.0,3.0,4.0,2.0,2.0,2.0,3.0,3.0,4.0,4.0,2.0,4.0,2.0,4.0,5.0,5.0,4.0,2.0,2.0,3.0,2.0,1.0,1.0,1.0,4.0,3.0,1.0,1.0,1.0,4.0,3.0,5.0,1.0,1.0,5.0,2.0,1.0,3.0,4.0,1.0,1.0,1.0,4.0,1.0,2.0,4.0,2.0,2.0,5.0,4.0,3.0
9,4.0,2.0,3.0,2.0,3.0,5.0,4.0,5.0,3.0,3.0,3.0,4.0,1.0,3.0,3.0,4.0,4.0,3.0,1.0,5.0,3.0,3.0,5.0,3.0,5.0,4.0,4.0,4.0,1.0,4.0,4.0,3.0,1.0,4.0,5.0,3.0,1.0,5.0,2.0,2.0,3.0,1.0,3.0,5.0,5.0,5.0,5.0,4.0,5.0,4.0,5.0,5.0,3.0,2.0,3.0,3.0,2.0,3.0,4.0,4.0,2.0,2.0,2.0,4.0,4.0,4.0,3.0,3.0,1.0,2.0,5.0,4.0,1.0,1.0,1.0,5.0,4.0,3.0,2.0,1.0,3.0,4.0,5.0,1.0,2.0,1.0,3.0,1.0,4.0,3.0,3.0,4.0,3.0,1.0,1.0,1.0,5.0,3.0,4.0,5.0,5.0,5.0
10,4.0,3.0,5.0,2.0,4.0,1.0,4.0,2.0,4.0,1.0,5.0,3.0,3.0,3.0,3.0,1.0,3.0,3.0,3.0,3.0,5.0,4.0,4.0,3.0,2.0,3.0,4.0,5.0,1.0,3.0,1.0,3.0,1.0,3.0,2.0,3.0,2.0,5.0,2.0,2.0,3.0,2.0,3.0,1.0,3.0,5.0,3.0,1.0,5.0,4.0,3.0,4.0,2.0,3.0,2.0,1.0,3.0,4.0,3.0,4.0,1.0,3.0,1.0,3.0,1.0,2.0,3.0,1.0,1.0,1.0,1.0,1.0,1.0,1.0,1.0,4.0,1.0,1.0,2.0,2.0,3.0,1.0,4.0,4.0,1.0,3.0,1.0,4.0,4.0,1.0,3.0,1.0,5.0,1.0,1.0,1.0,4.0,3.0,2.0,5.0,2.0,3.0
11,3.0,2.0,3.0,3.0,1.0,4.0,3.0,3.0,4.0,2.0,5.0,3.0,1.0,5.0,3.0,5.0,3.0,4.0,1.0,2.0,2.0,5.0,5.0,4.0,2.0,5.0,4.0,4.0,4.0,2.0,2.0,5.0,1.0,4.0,2.0,3.0,4.0,2.0,2.0,2.0,3.0,1.0,1.0,1.0,2.0,2.0,3.0,1.0,1.0,5.0,4.0,5.0,3.0,5.0,1.0,2.0,3.0,2.0,4.0,3.0,1.0,1.0,4.0,2.0,2.0,3.0,1.0,1.0,4.0,1.0,1.0,1.0,1.0,4.0,4.0,5.0,5.0,2.0,2.0,1.0,1.0,5.0,3.0,1.0,4.0,5.0,1.0,1.0,3.0,1.0,2.0,1.0,5.0,5.0,1.0,5.0,4.0,5.0,1.0,5.0,5.0,3.0
12,1.0,3.0,5.0,5.0,5.0,1.0,5.0,5.0,3.0,1.0,5.0,5.0,5.0,5.0,2.0,5.0,5.0,1.0,1.0,5.0,1.0,5.0,5.0,5.0,5.0,5.0,5.0,5.0,1.0,5.0,5.0,5.0,1.0,5.0,5.0,5.0,3.0,1.0,2.0,3.0,3.0,3.0,1.0,1.0,1.0,5.0,5.0,1.0,1.0,1.0,3.0,5.0,3.0,3.0,2.0,1.0,4.0,3.0,3.0,5.0,4.0,2.0,2.0,3.0,4.0,5.0,4.0,2.0,3.0,3.0,5.0,4.0,4.0,5.0,5.0,5.0,5.0,4.0,3.0,5.0,3.0,5.0,4.0,4.0,5.0,5.0,5.0,3.0,4.0,1.0,1.0,1.0,3.0,1.0,2.0,1.0,5.0,5.0,5.0,5.0,5.0,5.0
13,1.0,3.0,1.0,3.0,5.0,4.0,5.0,1.0,3.0,4.0,3.0,2.0,1.0,3.0,3.0,5.0,3.0,1.0,1.0,3.0,3.0,3.0,4.0,5.0,3.0,4.0,4.0,1.0,3.0,4.0,3.0,4.0,1.0,1.0,2.0,2.0,1.0,4.0,2.0,2.0,2.0,1.0,1.0,1.0,1.0,1.0,1.0,1.0,1.0,3.0,2.0,4.0,4.0,2.0,2.0,2.0,2.0,2.0,2.0,4.0,2.0,5.0,1.0,4.0,2.0,3.0,4.0,2.0,4.0,2.0,3.0,3.0,3.0,1.0,3.0,5.0,5.0,5.0,1.0,1.0,1.0,2.0,4.0,1.0,1.0,4.0,2.0,3.0,5.0,1.0,1.0,1.0,1.0,1.0,1.0,1.0,3.0,5.0,1.0,2.0,2.0,1.0
14,4.0,1.0,4.0,1.0,3.0,1.0,2.0,2.0,3.0,2.0,4.0,3.0,4.0,4.0,2.0,5.0,4.0,2.0,1.0,5.0,4.0,2.0,3.0,4.0,3.0,4.0,4.0,2.0,4.0,5.0,3.0,3.0,1.0,5.0,5.0,2.0,2.0,4.0,1.0,2.0,3.0,3.0,3.0,3.0,1.0,2.0,4.0,2.0,4.0,4.0,4.0,5.0,3.0,4.0,3.0,1.0,1.0,1.0,4.0,5.0,5.0,5.0,5.0,5.0,4.0,5.0,4.0,2.0,1.0,1.0,4.0,1.0,3.0,2.0,1.0,4.0,4.0,2.0,2.0,1.0,4.0,3.0,3.0,2.0,2.0,5.0,2.0,1.0,4.0,3.0,1.0,1.0,4.0,5.0,1.0,4.0,4.0,3.0,3.0,5.0,5.0,5.0
15,4.0,2.0,3.0,3.0,3.0,1.0,3.0,5.0,3.0,1.0,4.0,3.0,1.0,4.0,3.0,5.0,4.0,2.0,2.0,4.0,3.0,3.0,3.0,3.0,4.0,3.0,4.0,3.0,3.0,4.0,4.0,5.0,1.0,4.0,4.0,3.0,1.0,5.0,2.0,2.0,3.0,4.0,2.0,3.0,1.0,2.0,3.0,2.0,1.0,3.0,2.0,5.0,3.0,4.0,4.0,2.0,3.0,2.0,3.0,3.0,2.0,2.0,2.0,3.0,1.0,2.0,3.0,3.0,2.0,1.0,4.0,5.0,4.0,3.0,4.0,4.0,3.0,2.0,3.0,2.0,2.0,3.0,4.0,3.0,5.0,2.0,2.0,2.0,3.0,4.0,5.0,2.0,5.0,5.0,3.0,2.0,4.0,2.0,3.0,5.0,3.0,5.0
16,4.0,2.0,1.0,2.0,4.0,3.0,4.0,4.0,3.0,2.0,4.0,4.0,5.0,3.0,3.0,5.0,3.0,2.0,1.0,3.0,4.0,3.0,5.0,4.0,3.0,3.0,4.0,3.0,2.0,3.0,4.0,5.0,1.0,3.0,5.0,2.0,2.0,4.0,2.0,2.0,3.0,3.0,2.0,4.0,3.0,5.0,5.0,5.0,5.0,3.0,5.0,5.0,3.0,4.0,1.0,1.0,3.0,4.0,2.0,4.0,1.0,3.0,5.0,5.0,3.0,2.0,2.0,3.0,1.0,2.0,3.0,4.0,3.0,1.0,1.0,4.0,3.0,3.0,2.0,1.0,1.0,2.0,4.0,3.0,2.0,3.0,3.0,1.0,3.0,2.0,3.0,1.0,5.0,2.0,1.0,2.0,4.0,2.0,3.0,5.0,1.0,4.0
17,1.0,2.0,3.0,1.0,3.0,1.0,1.0,1.0,3.0,1.0,5.0,3.0,1.0,5.0,2.0,5.0,4.0,2.0,2.0,1.0,1.0,3.0,5.0,1.0,4.0,2.0,4.0,1.0,3.0,5.0,4.0,1.0,1.0,3.0,5.0,1.0,1.0,5.0,4.0,2.0,3.0,3.0,5.0,5.0,5.0,5.0,5.0,5.0,1.0,5.0,2.0,5.0,5.0,3.0,1.0,3.0,2.0,3.0,3.0,4.0,3.0,4.0,4.0,2.0,2.0,4.0,4.0,2.0,3.0,1.0,4.0,5.0,3.0,1.0,1.0,5.0,4.0,3.0,1.0,1.0,3.0,3.0,3.0,1.0,2.0,3.0,4.0,2.0,2.0,1.0,2.0,1.0,2.0,2.0,1.0,4.0,5.0,3.0,3.0,5.0,1.0,5.0
18,3.0,2.0,3.0,3.0,3.0,3.0,3.0,3.0,3.0,4.0,3.0,3.0,2.0,3.0,2.0,5.0,3.0,3.0,2.0,4.0,3.0,3.0,3.0,4.0,3.0,3.0,3.0,3.0,3.0,3.0,3.0,3.0,2.0,3.0,3.0,3.0,2.0,3.0,2.0,2.0,3.0,2.0,2.0,2.0,2.0,1.0,2.0,2.0,2.0,2.0,2.0,5.0,3.0,2.0,4.0,3.0,3.0,3.0,3.0,3.0,1.0,1.0,1.0,3.0,3.0,3.0,3.0,4.0,2.0,4.0,3.0,3.0,4.0,3.0,2.0,4.0,3.0,4.0,2.0,2.0,3.0,4.0,4.0,3.0,3.0,4.0,3.0,3.0,4.0,3.0,2.0,3.0,3.0,3.0,3.0,3.0,4.0,4.0,4.0,4.0,4.0,3.0
19,1.0,2.0,5.0,3.0,2.0,2.0,5.0,3.0,3.0,2.0,3.0,1.0,3.0,5.0,1.0,3.0,4.0,5.0,3.0,3.0,3.0,3.0,5.0,5.0,3.0,2.0,3.0,2.0,1.0,5.0,3.0,1.0,3.0,4.0,5.0,5.0,2.0,5.0,3.0,3.0,4.0,1.0,1.0,1.0,3.0,5.0,1.0,1.0,3.0,3.0,1.0,3.0,5.0,5.0,1.0,1.0,1.0,1.0,3.0,5.0,2.0,1.0,1.0,3.0,2.0,2.0,5.0,5.0,3.0,1.0,1.0,1.0,1.0,1.0,2.0,3.0,4.0,1.0,2.0,1.0,3.0,5.0,5.0,2.0,1.0,1.0,3.0,1.0,5.0,1.0,1.0,1.0,5.0,5.0,1.0,1.0,3.0,5.0,1.0,5.0,5.0,1.0
20,5.0,1.0,5.0,3.0,5.0,1.0,4.0,5.0,4.0,2.0,5.0,5.0,3.0,5.0,3.0,5.0,3.0,3.0,2.0,1.0,3.0,4.0,5.0,1.0,5.0,1.0,4.0,3.0,3.0,3.0,5.0,5.0,1.0,5.0,4.0,3.0,2.0,5.0,1.0,2.0,3.0,1.0,1.0,1.0,1.0,3.0,1.0,1.0,1.0,1.0,1.0,5.0,3.0,3.0,5.0,1.0,5.0,3.0,4.0,4.0,1.0,1.0,1.0,1.0,3.0,3.0,4.0,3.0,1.0,2.0,1.0,1.0,4.0,3.0,2.0,3.0,1.0,3.0,5.0,5.0,1.0,5.0,5.0,5.0,1.0,2.0,5.0,3.0,5.0,5.0,5.0,1.0,5.0,1.0,3.0,1.0,1.0,4.0,5.0,5.0,4.0,1.0
21,4.0,2.0,5.0,1.0,5.0,5.0,5.0,5.0,4.0,5.0,4.0,5.0,3.0,5.0,3.0,4.0,3.0,5.0,2.0,4.0,3.0,1.0,3.0,4.0,5.0,1.0,3.0,3.0,2.0,5.0,5.0,5.0,1.0,5.0,3.0,4.0,2.0,5.0,1.0,2.0,3.0,1.0,1.0,1.0,1.0,1.0,1.0,1.0,1.0,1.0,1.0,5.0,3.0,3.0,5.0,1.0,5.0,3.0,3.0,3.0,1.0,1.0,1.0,2.0,5.0,4.0,4.0,4.0,1.0,5.0,5.0,1.0,1.0,5.0,3.0,3.0,1.0,5.0,5.0,5.0,5.0,2.0,5.0,4.0,2.0,1.0,5.0,4.0,5.0,3.0,5.0,1.0,2.0,1.0,1.0,1.0,2.0,2.0,5.0,5.0,3.0,1.0
22,1.0,1.0,5.0,3.0,4.0,5.0,2.0,3.0,4.0,3.0,4.0,3.0,1.0,2.0,2.0,4.0,3.0,3.0,1.0,4.0,3.0,3.0,4.0,4.0,2.0,2.0,4.0,4.0,4.0,3.0,3.0,2.0,1.0,4.0,4.0,2.0,3.0,5.0,2.0,2.0,3.0,3.0,4.0,3.0,4.0,5.0,5.0,5.0,2.0,4.0,3.0,5.0,1.0,4.0,4.0,2.0,2.0,3.0,5.0,1.0,1.0,1.0,1.0,2.0,1.0,2.0,2.0,4.0,1.0,2.0,1.0,2.0,2.0,1.0,2.0,3.0,1.0,4.0,2.0,1.0,5.0,2.0,5.0,1.0,2.0,1.0,2.0,3.0,3.0,1.0,1.0,1.0,1.0,3.0,3.0,3.0,5.0,3.0,5.0,3.0,2.0,5.0
23,3.0,2.0,5.0,1.0,5.0,4.0,3.0,4.0,4.0,5.0,5.0,4.0,3.0,4.0,3.0,4.0,4.0,2.0,3.0,4.0,3.0,3.0,4.0,4.0,5.0,4.0,4.0,3.0,3.0,4.0,5.0,1.0,4.0,5.0,5.0,2.0,1.0,1.0,2.0,2.0,3.0,4.0,3.0,4.0,3.0,5.0,5.0,3.0,2.0,2.0,1.0,5.0,3.0,3.0,2.0,2.0,3.0,4.0,5.0,5.0,1.0,1.0,4.0,2.0,4.0,3.0,1.0,5.0,2.0,2.0,5.0,4.0,5.0,1.0,1.0,4.0,2.0,4.0,2.0,1.0,3.0,3.0,5.0,2.0,5.0,5.0,2.0,3.0,4.0,4.0,5.0,1.0,1.0,5.0,1.0,2.0,5.0,2.0,4.0,5.0,1.0,3.0
24,1.0,2.0,3.0,3.0,5.0,1.0,4.0,2.0,3.0,3.0,5.0,3.0,3.0,5.0,3.0,5.0,4.0,4.0,1.0,3.0,3.0,2.0,2.0,4.0,3.0,3.0,3.0,5.0,2.0,3.0,3.0,1.0,5.0,3.0,4.0,4.0,3.0,3.0,1.0,1.0,3.0,3.0,3.0,2.0,2.0,5.0,5.0,5.0,3.0,4.0,4.0,5.0,3.0,3.0,3.0,2.0,2.0,3.0,5.0,5.0,4.0,4.0,1.0,2.0,1.0,5.0,2.0,1.0,2.0,2.0,4.0,1.0,1.0,1.0,1.0,5.0,2.0,2.0,3.0,5.0,3.0,3.0,1.0,5.0,1.0,4.0,1.0,3.0,5.0,1.0,2.0,1.0,5.0,5.0,2.0,2.0,4.0,5.0,2.0,3.0,3.0,5.0
25,4.0,1.0,5.0,2.0,3.0,4.0,4.0,4.0,3.0,2.0,3.0,3.0,3.0,4.0,3.0,4.0,3.0,4.0,2.0,4.0,2.0,3.0,3.0,4.0,3.0,2.0,4.0,2.0,4.0,2.0,2.0,2.0,1.0,4.0,1.0,2.0,1.0,4.0,2.0,2.0,4.0,2.0,3.0,3.0,2.0,5.0,5.0,5.0,4.0,4.0,3.0,4.0,2.0,2.0,4.0,2.0,3.0,3.0,4.0,2.0,1.0,1.0,1.0,1.0,3.0,2.0,2.0,3.0,2.0,4.0,3.0,3.0,3.0,1.0,1.0,2.0,1.0,4.0,1.0,1.0,5.0,3.0,2.0,1.0,2.0,1.0,2.0,3.0,4.0,3.0,2.0,1.0,3.0,4.0,4.0,3.0,4.0,1.0,4.0,4.0,2.0,4.0
26,4.0,2.0,5.0,3.0,3.0,4.0,5.0,3.0,4.0,4.0,3.0,5.0,5.0,5.0,3.0,5.0,4.0,4.0,1.0,5.0,4.0,3.0,4.0,4.0,3.0,3.0,4.0,3.0,3.0,4.0,4.0,5.0,2.0,5.0,5.0,4.0,2.0,4.0,2.0,2.0,3.0,1.0,1.0,1.0,1.0,1.0,2.0,1.0,2.0,2.0,3.0,5.0,5.0,5.0,5.0,4.0,5.0,3.0,4.0,4.0,3.0,2.0,2.0,1.0,3.0,5.0,3.0,5.0,2.0,2.0,3.0,3.0,1.0,2.0,3.0,5.0,2.0,1.0,5.0,5.0,4.0,3.0,3.0,2.0,1.0,4.0,2.0,4.0,5.0,3.0,2.0,2.0,4.0,5.0,5.0,4.0,4.0,3.0,1.0,4.0,4.0,5.0
27,1.0,2.0,5.0,3.0,3.0,5.0,5.0,3.0,3.0,5.0,3.0,4.0,2.0,2.0,3.0,5.0,3.0,3.0,1.0,5.0,4.0,3.0,5.0,5.0,2.0,2.0,4.0,2.0,3.0,2.0,5.0,5.0,1.0,3.0,5.0,4.0,2.0,5.0,1.0,2.0,3.0,2.0,2.0,1.0,2.0,3.0,4.0,1.0,1.0,5.0,3.0,5.0,4.0,4.0,2.0,3.0,3.0,4.0,5.0,5.0,2.0,5.0,4.0,2.0,2.0,2.0,4.0,3.0,5.0,2.0,3.0,3.0,3.0,3.0,4.0,5.0,4.0,4.0,5.0,5.0,5.0,4.0,5.0,5.0,4.0,5.0,3.0,3.0,5.0,2.0,1.0,1.0,3.0,3.0,3.0,4.0,4.0,5.0,4.0,5.0,4.0,4.0
28,2.0,2.0,2.0,4.0,2.0,5.0,4.0,1.0,2.0,2.0,2.0,3.0,1.0,4.0,3.0,3.0,3.0,4.0,2.0,5.0,5.0,2.0,4.0,5.0,4.0,2.0,3.0,1.0,1.0,2.0,2.0,2.0,4.0,4.0,4.0,3.0,2.0,4.0,2.0,3.0,3.0,1.0,2.0,3.0,3.0,4.0,3.0,4.0,1.0,4.0,2.0,5.0,3.0,3.0,3.0,1.0,4.0,4.0,4.0,5.0,3.0,3.0,3.0,3.0,5.0,5.0,3.0,4.0,1.0,4.0,4.0,3.0,1.0,1.0,1.0,3.0,2.0,1.0,4.0,1.0,4.0,4.0,5.0,3.0,1.0,1.0,5.0,3.0,4.0,2.0,5.0,2.0,5.0,2.0,2.0,3.0,4.0,2.0,5.0,5.0,3.0,1.0
29,2.0,2.0,4.0,4.0,4.0,2.0,5.0,3.0,3.0,4.0,2.0,3.0,4.0,1.0,3.0,4.0,3.0,3.0,2.0,4.0,3.0,3.0,4.0,3.0,2.0,3.0,3.0,3.0,2.0,2.0,1.0,2.0,3.0,2.0,4.0,5.0,2.0,4.0,1.0,2.0,2.0,3.0,4.0,2.0,4.0,1.0,1.0,1.0,4.0,1.0,5.0,3.0,3.0,2.0,2.0,4.0,3.0,2.0,4.0,3.0,1.0,2.0,1.0,1.0,1.0,2.0,1.0,1.0,1.0,2.0,2.0,1.0,1.0,5.0,4.0,3.0,1.0,2.0,4.0,2.0,1.0,4.0,1.0,2.0,1.0,2.0,1.0,1.0,3.0,1.0,1.0,3.0,5.0,2.0,1.0,1.0,1.0,2.0,1.0,2.0,2.0,2.0
30,3.0,1.0,5.0,4.0,3.0,3.0,3.0,4.0,3.0,5.0,3.0,3.0,3.0,4.0,3.0,3.0,3.0,3.0,3.0,3.0,2.0,4.0,3.0,3.0,5.0,3.0,3.0,4.0,3.0,5.0,3.0,3.0,1.0,3.0,3.0,2.0,3.0,5.0,3.0,1.0,3.0,1.0,2.0,2.0,2.0,1.0,2.0,1.0,1.0,2.0,1.0,5.0,3.0,5.0,2.0,5.0,5.0,5.0,5.0,5.0,1.0,1.0,3.0,3.0,4.0,5.0,5.0,3.0,3.0,5.0,3.0,5.0,2.0,1.0,2.0,3.0,2.0,2.0,4.0,3.0,3.0,1.0,2.0,5.0,4.0,1.0,3.0,5.0,2.0,4.0,2.0,2.0,3.0,1.0,1.0,1.0,1.0,5.0,4.0,4.0,1.0,2.0
31,1.0,3.0,1.0,5.0,5.0,1.0,5.0,1.0,3.0,1.0,2.0,2.0,3.0,5.0,4.0,5.0,2.0,1.0,1.0,1.0,5.0,1.0,5.0,3.0,3.0,5.0,1.0,5.0,5.0,5.0,1.0,1.0,5.0,4.0,5.0,5.0,3.0,1.0,3.0,2.0,2.0,1.0,4.0,4.0,1.0,5.0,5.0,5.0,5.0,5.0,2.0,5.0,4.0,1.0,1.0,1.0,1.0,1.0,2.0,2.0,2.0,2.0,5.0,1.0,1.0,1.0,1.0,1.0,5.0,1.0,3.0,3.0,2.0,1.0,1.0,5.0,5.0,1.0,1.0,1.0,1.0,1.0,3.0,1.0,1.0,4.0,3.0,1.0,3.0,5.0,3.0,4.0,5.0,5.0,3.0,4.0,5.0,5.0,1.0,5.0,5.0,2.0
32,2.0,3.0,3.0,2.0,3.0,1.0,5.0,1.0,3.0,1.0,3.0,2.0,5.0,4.0,4.0,5.0,3.0,4.0,3.0,3.0,3.0,2.0,4.0,4.0,3.0,2.0,3.0,3.0,4.0,4.0,3.0,5.0,2.0,3.0,4.0,3.0,2.0,3.0,2.0,2.0,1.0,1.0,2.0,2.0,2.0,2.0,2.0,2.0,4.0,2.0,2.0,4.0,3.0,3.0,3.0,4.0,4.0,3.0,4.0,4.0,3.0,3.0,3.0,4.0,3.0,4.0,4.0,2.0,3.0,3.0,4.0,4.0,4.0,3.0,2.0,5.0,4.0,3.0,2.0,1.0,4.0,5.0,4.0,3.0,2.0,4.0,3.0,4.0,4.0,1.0,1.0,3.0,4.0,1.0,2.0,1.0,2.0,4.0,3.0,5.0,4.0,2.0
33,4.0,2.0,3.0,2.0,1.0,3.0,4.0,2.0,5.0,3.0,5.0,3.0,2.0,5.0,3.0,4.0,4.0,4.0,2.0,5.0,5.0,2.0,5.0,4.0,2.0,2.0,5.0,3.0,4.0,4.0,3.0,4.0,1.0,3.0,2.0,3.0,4.0,5.0,1.0,1.0,4.0,1.0,1.0,2.0,1.0,5.0,3.0,2.0,4.0,2.0,1.0,5.0,4.0,3.0,5.0,2.0,5.0,5.0,4.0,2.0,1.0,1.0,1.0,2.0,5.0,5.0,3.0,3.0,2.0,5.0,3.0,2.0,1.0,3.0,3.0,4.0,4.0,1.0,4.0,4.0,4.0,4.0,2.0,3.0,1.0,1.0,2.0,1.0,5.0,5.0,5.0,1.0,1.0,5.0,5.0,1.0,4.0,4.0,5.0,5.0,4.0,4.0
34,4.0,3.0,2.0,1.0,4.0,3.0,5.0,1.0,5.0,3.0,5.0,4.0,1.0,4.0,3.0,4.0,4.0,2.0,1.0,5.0,3.0,3.0,5.0,4.0,4.0,2.0,4.0,3.0,3.0,5.0,4.0,1.0,4.0,4.0,5.0,3.0,1.0,5.0,1.0,2.0,3.0,2.0,4.0,5.0,4.0,2.0,1.0,1.0,3.0,3.0,3.0,5.0,3.0,2.0,3.0,4.0,4.0,4.0,3.0,5.0,5.0,5.0,2.0,5.0,5.0,5.0,5.0,4.0,2.0,3.0,2.0,5.0,1.0,3.0,3.0,5.0,4.0,3.0,5.0,4.0,5.0,3.0,5.0,5.0,3.0,3.0,5.0,1.0,3.0,1.0,2.0,5.0,3.0,3.0,4.0,2.0,4.0,5.0,3.0,5.0,3.0,5.0
35,2.0,2.0,5.0,5.0,3.0,1.0,5.0,1.0,3.0,1.0,5.0,3.0,5.0,2.0,3.0,1.0,4.0,3.0,2.0,5.0,1.0,1.0,5.0,4.0,2.0,3.0,4.0,5.0,3.0,5.0,3.0,1.0,1.0,5.0,3.0,3.0,3.0,1.0,3.0,2.0,5.0,1.0,1.0,2.0,1.0,3.0,3.0,1.0,1.0,1.0,2.0,5.0,5.0,3.0,2.0,3.0,3.0,3.0,2.0,5.0,2.0,2.0,5.0,1.0,5.0,5.0,1.0,2.0,4.0,1.0,2.0,3.0,2.0,3.0,5.0,5.0,2.0,1.0,5.0,2.0,4.0,3.0,3.0,5.0,2.0,5.0,3.0,3.0,3.0,5.0,3.0,4.0,1.0,5.0,4.0,3.0,2.0,4.0,3.0,5.0,5.0,5.0
36,3.0,3.0,4.0,4.0,3.0,4.0,3.0,3.0,3.0,3.0,4.0,4.0,2.0,5.0,3.0,3.0,4.0,3.0,3.0,5.0,2.0,3.0,5.0,4.0,3.0,4.0,2.0,3.0,5.0,5.0,4.0,5.0,1.0,5.0,4.0,3.0,2.0,5.0,2.0,2.0,3.0,2.0,1.0,4.0,2.0,1.0,1.0,1.0,1.0,2.0,2.0,5.0,4.0,2.0,1.0,1.0,3.0,4.0,5.0,4.0,1.0,1.0,5.0,3.0,4.0,4.0,2.0,3.0,1.0,1.0,5.0,5.0,5.0,2.0,2.0,5.0,5.0,4.0,1.0,1.0,3.0,2.0,3.0,1.0,5.0,3.0,1.0,3.0,3.0,3.0,3.0,5.0,4.0,3.0,2.0,1.0,1.0,5.0,3.0,4.0,3.0,4.0
37,4.0,2.0,3.0,1.0,3.0,3.0,4.0,5.0,3.0,4.0,5.0,4.0,1.0,5.0,3.0,4.0,3.0,3.0,1.0,5.0,4.0,5.0,3.0,5.0,2.0,3.0,3.0,4.0,4.0,2.0,4.0,1.0,4.0,5.0,5.0,3.0,3.0,4.0,3.0,2.0,5.0,4.0,4.0,3.0,3.0,5.0,5.0,5.0,5.0,5.0,4.0,5.0,4.0,4.0,3.0,1.0,3.0,5.0,5.0,5.0,5.0,5.0,3.0,4.0,2.0,5.0,4.0,3.0,3.0,3.0,5.0,4.0,3.0,1.0,1.0,5.0,3.0,3.0,4.0,4.0,5.0,5.0,5.0,3.0,2.0,1.0,5.0,3.0,4.0,4.0,5.0,4.0,3.0,4.0,1.0,5.0,5.0,2.0,4.0,5.0,3.0,4.0
38,2.0,2.0,5.0,2.0,5.0,2.0,4.0,4.0,3.0,3.0,3.0,4.0,1.0,3.0,2.0,5.0,3.0,3.0,1.0,5.0,5.0,3.0,3.0,4.0,2.0,3.0,3.0,3.0,4.0,3.0,5.0,5.0,4.0,5.0,5.0,3.0,3.0,5.0,2.0,2.0,3.0,3.0,3.0,2.0,3.0,2.0,3.0,5.0,4.0,5.0,3.0,5.0,3.0,3.0,2.0,1.0,4.0,3.0,3.0,5.0,3.0,3.0,1.0,2.0,4.0,4.0,4.0,2.0,1.0,3.0,3.0,3.0,3.0,1.0,1.0,3.0,1.0,2.0,2.0,1.0,4.0,3.0,4.0,2.0,2.0,1.0,4.0,3.0,3.0,2.0,1.0,1.0,2.0,2.0,1.0,3.0,3.0,1.0,4.0,4.0,1.0,2.0
39,1.0,2.0,1.0,1.0,5.0,2.0,5.0,3.0,4.0,4.0,5.0,4.0,4.0,3.0,4.0,3.0,3.0,3.0,2.0,1.0,4.0,2.0,5.0,5.0,3.0,1.0,5.0,1.0,5.0,5.0,2.0,5.0,1.0,3.0,5.0,1.0,5.0,3.0,2.0,3.0,1.0,1.0,1.0,1.0,3.0,1.0,1.0,1.0,1.0,1.0,1.0,4.0,4.0,3.0,3.0,2.0,4.0,2.0,2.0,4.0,4.0,3.0,3.0,3.0,4.0,4.0,4.0,3.0,3.0,2.0,5.0,4.0,5.0,2.0,2.0,3.0,3.0,4.0,2.0,2.0,2.0,4.0,3.0,2.0,5.0,4.0,4.0,3.0,3.0,2.0,2.0,3.0,3.0,3.0,2.0,1.0,2.0,3.0,3.0,4.0,3.0,2.0
40,3.0,2.0,1.0,2.0,5.0,4.0,5.0,3.0,3.0,4.0,3.0,4.0,3.0,4.0,3.0,4.0,3.0,3.0,3.0,4.0,4.0,4.0,4.0,3.0,3.0,4.0,4.0,2.0,3.0,2.0,5.0,5.0,3.0,3.0,4.0,3.0,2.0,4.0,1.0,3.0,2.0,2.0,2.0,1.0,2.0,1.0,1.0,1.0,3.0,4.0,2.0,5.0,3.0,3.0,2.0,3.0,3.0,4.0,3.0,5.0,4.0,3.0,1.0,4.0,4.0,5.0,3.0,4.0,1.0,2.0,4.0,4.0,3.0,5.0,5.0,4.0,4.0,4.0,4.0,4.0,4.0,2.0,4.0,2.0,3.0,3.0,4.0,3.0,4.0,5.0,1.0,1.0,2.0,4.0,2.0,1.0,2.0,5.0,3.0,5.0,3.0,4.0
41,1.0,2.0,1.0,1.0,5.0,1.0,3.0,5.0,3.0,1.0,1.0,3.0,3.0,2.0,3.0,5.0,4.0,2.0,1.0,5.0,3.0,3.0,3.0,1.0,2.0,2.0,3.0,2.0,5.0,3.0,5.0,5.0,1.0,1.0,4.0,4.0,2.0,2.0,2.0,2.0,1.0,1.0,1.0,1.0,4.0,1.0,3.0,1.0,1.0,2.0,3.0,4.0,3.0,2.0,2.0,1.0,3.0,1.0,3.0,5.0,4.0,4.0,1.0,3.0,3.0,5.0,4.0,1.0,1.0,1.0,4.0,2.0,5.0,1.0,1.0,5.0,5.0,1.0,1.0,1.0,4.0,3.0,2.0,1.0,4.0,4.0,2.0,1.0,2.0,1.0,1.0,1.0,3.0,2.0,1.0,2.0,1.0,3.0,2.0,3.0,1.0,4.0
42,5.0,1.0,2.0,1.0,5.0,3.0,3.0,1.0,4.0,1.0,3.0,4.0,4.0,3.0,4.0,4.0,3.0,2.0,2.0,1.0,5.0,4.0,5.0,4.0,3.0,3.0,3.0,3.0,3.0,3.0,2.0,4.0,3.0,3.0,5.0,3.0,4.0,5.0,1.0,2.0,3.0,2.0,1.0,2.0,4.0,3.0,5.0,2.0,1.0,2.0,5.0,5.0,3.0,3.0,2.0,2.0,2.0,3.0,2.0,2.0,1.0,1.0,4.0,3.0,1.0,2.0,1.0,3.0,2.0,1.0,4.0,4.0,2.0,3.0,1.0,5.0,2.0,3.0,1.0,1.0,5.0,1.0,2.0,1.0,1.0,1.0,3.0,3.0,4.0,5.0,5.0,3.0,5.0,1.0,3.0,2.0,1.0,2.0,5.0,4.0,1.0,4.0
43,3.0,2.0,1.0,5.0,2.0,4.0,3.0,5.0,3.0,4.0,5.0,4.0,4.0,5.0,3.0,5.0,3.0,3.0,3.0,4.0,2.0,4.0,3.0,3.0,3.0,4.0,4.0,3.0,3.0,5.0,3.0,5.0,1.0,4.0,5.0,1.0,1.0,5.0,2.0,2.0,4.0,1.0,1.0,1.0,3.0,5.0,5.0,2.0,2.0,5.0,3.0,5.0,3.0,5.0,1.0,2.0,2.0,2.0,5.0,4.0,2.0,1.0,4.0,2.0,2.0,2.0,2.0,5.0,5.0,1.0,4.0,2.0,1.0,1.0,1.0,3.0,1.0,1.0,5.0,5.0,5.0,5.0,5.0,3.0,1.0,1.0,4.0,1.0,5.0,5.0,1.0,1.0,3.0,5.0,1.0,1.0,5.0,3.0,5.0,5.0,3.0,1.0
44,2.0,2.0,1.0,4.0,1.0,1.0,1.0,2.0,4.0,1.0,5.0,2.0,5.0,5.0,2.0,3.0,4.0,2.0,3.0,3.0,1.0,2.0,4.0,3.0,5.0,1.0,4.0,2.0,2.0,5.0,5.0,3.0,1.0,2.0,2.0,2.0,2.0,3.0,4.0,3.0,1.0,1.0,1.0,1.0,1.0,1.0,1.0,1.0,3.0,1.0,2.0,5.0,5.0,3.0,2.0,1.0,3.0,1.0,3.0,4.0,5.0,4.0,1.0,1.0,1.0,3.0,4.0,1.0,2.0,1.0,1.0,1.0,4.0,4.0,4.0,5.0,5.0,2.0,1.0,1.0,1.0,4.0,4.0,1.0,2.0,5.0,1.0,3.0,1.0,1.0,4.0,1.0,1.0,4.0,1.0,1.0,1.0,5.0,3.0,5.0,5.0,1.0
45,5.0,3.0,3.0,4.0,3.0,2.0,3.0,3.0,3.0,2.0,4.0,4.0,1.0,3.0,3.0,4.0,3.0,4.0,2.0,4.0,3.0,4.0,4.0,4.0,2.0,4.0,3.0,3.0,3.0,2.0,4.0,5.0,2.0,5.0,3.0,3.0,2.0,4.0,1.0,2.0,3.0,4.0,5.0,3.0,2.0,4.0,3.0,3.0,2.0,5.0,4.0,5.0,3.0,3.0,3.0,3.0,3.0,5.0,5.0,4.0,2.0,1.0,2.0,2.0,2.0,3.0,1.0,3.0,3.0,2.0,3.0,3.0,2.0,2.0,2.0,5.0,3.0,2.0,2.0,2.0,5.0,2.0,1.0,2.0,2.0,2.0,3.0,2.0,4.0,5.0,2.0,3.0,3.0,1.0,3.0,4.0,5.0,2.0,5.0,5.0,2.0,2.0
46,2.0,2.0,1.0,1.0,3.0,2.0,5.0,2.0,2.0,4.0,4.0,3.0,3.0,5.0,3.0,4.0,3.0,2.0,2.0,5.0,5.0,4.0,4.0,4.0,4.0,2.0,5.0,5.0,5.0,4.0,5.0,5.0,1.0,4.0,4.0,2.0,2.0,4.0,4.0,2.0,3.0,4.0,1.0,3.0,4.0,3.0,3.0,2.0,3.0,3.0,3.0,5.0,3.0,5.0,2.0,2.0,2.0,2.0,5.0,5.0,4.0,4.0,2.0,3.0,2.0,4.0,4.0,2.0,3.0,2.0,4.0,3.0,5.0,3.0,3.0,3.0,3.0,5.0,2.0,1.0,5.0,4.0,5.0,3.0,4.0,1.0,2.0,4.0,5.0,5.0,1.0,1.0,1.0,4.0,1.0,3.0,4.0,2.0,4.0,5.0,3.0,1.0
47,3.0,1.0,4.0,1.0,2.0,2.0,1.0,2.0,3.0,5.0,5.0,4.0,4.0,5.0,2.0,5.0,3.0,1.0,2.0,4.0,3.0,2.0,5.0,5.0,5.0,3.0,5.0,1.0,5.0,5.0,5.0,5.0,1.0,4.0,5.0,1.0,1.0,5.0,2.0,2.0,5.0,1.0,1.0,1.0,1.0,1.0,1.0,1.0,1.0,1.0,1.0,5.0,3.0,4.0,1.0,1.0,1.0,1.0,3.0,3.0,1.0,3.0,4.0,5.0,1.0,3.0,5.0,1.0,3.0,1.0,5.0,3.0,5.0,3.0,3.0,4.0,4.0,4.0,2.0,2.0,4.0,5.0,5.0,4.0,4.0,5.0,2.0,3.0,4.0,1.0,3.0,1.0,5.0,5.0,1.0,1.0,4.0,4.0,2.0,5.0,5.0,5.0
48,2.0,2.0,4.0,4.0,4.0,3.0,3.0,2.0,3.0,1.0,4.0,4.0,1.0,3.0,2.0,5.0,3.0,3.0,3.0,3.0,4.0,3.0,3.0,5.0,3.0,4.0,5.0,5.0,2.0,2.0,5.0,5.0,1.0,4.0,5.0,1.0,1.0,4.0,1.0,2.0,3.0,2.0,4.0,2.0,2.0,1.0,1.0,1.0,1.0,3.0,2.0,5.0,4.0,3.0,2.0,2.0,3.0,2.0,5.0,4.0,2.0,2.0,2.0,3.0,3.0,3.0,3.0,3.0,3.0,1.0,4.0,4.0,4.0,4.0,1.0,3.0,1.0,5.0,1.0,1.0,1.0,3.0,3.0,2.0,2.0,1.0,1.0,1.0,4.0,1.0,1.0,1.0,4.0,3.0,3.0,3.0,2.0,1.0,2.0,5.0,2.0,4.0
49,5.0,1.0,5.0,1.0,5.0,4.0,3.0,5.0,2.0,2.0,5.0,3.0,1.0,3.0,1.0,5.0,3.0,3.0,2.0,3.0,2.0,4.0,4.0,5.0,3.0,3.0,4.0,3.0,2.0,4.0,3.0,5.0,1.0,5.0,5.0,2.0,1.0,5.0,1.0,1.0,3.0,1.0,5.0,1.0,1.0,3.0,5.0,3.0,3.0,4.0,2.0,3.0,3.0,3.0,1.0,1.0,2.0,5.0,3.0,2.0,1.0,1.0,4.0,3.0,3.0,4.0,1.0,5.0,3.0,1.0,2.0,5.0,2.0,5.0,2.0,3.0,2.0,1.0,5.0,1.0,5.0,2.0,3.0,1.0,2.0,2.0,3.0,5.0,5.0,1.0,2.0,1.0,5.0,3.0,5.0,1.0,3.0,2.0,5.0,5.0,4.0,5.0
50,1.0,2.0,4.0,1.0,3.0,1.0,2.0,2.0,3.0,1.0,4.0,4.0,3.0,4.0,3.0,3.0,3.0,3.0,2.0,3.0,3.0,5.0,5.0,2.0,4.0,4.0,4.0,2.0,2.0,4.0,3.0,1.0,1.0,4.0,3.0,2.0,1.0,3.0,4.0,3.0,1.0,1.0,1.0,2.0,1.0,2.0,3.0,4.0,3.0,4.0,3.0,5.0,3.0,5.0,1.0,1.0,1.0,2.0,3.0,2.0,1.0,2.0,3.0,2.0,2.0,2.0,2.0,5.0,3.0,1.0,3.0,3.0,2.0,1.0,1.0,4.0,2.0,4.0,3.0,2.0,1.0,2.0,3.0,2.0,3.0,2.0,1.0,1.0,2.0,1.0,1.0,1.0,5.0,5.0,1.0,2.0,5.0,2.0,3.0,5.0,5.0,4.0
51,5.0,1.0,4.0,4.0,3.0,5.0,5.0,2.0,3.0,3.0,4.0,3.0,3.0,4.0,3.0,4.0,3.0,4.0,3.0,5.0,4.0,2.0,4.0,4.0,4.0,5.0,3.0,4.0,3.0,2.0,2.0,5.0,2.0,5.0,5.0,3.0,2.0,5.0,2.0,3.0,4.0,1.0,2.0,5.0,5.0,3.0,5.0,3.0,4.0,4.0,5.0,5.0,3.0,5.0,2.0,3.0,2.0,2.0,4.0,3.0,1.0,1.0,5.0,4.0,4.0,5.0,1.0,5.0,2.0,1.0,3.0,5.0,3.0,1.0,1.0,3.0,2.0,1.0,1.0,1.0,5.0,2.0,4.0,2.0,1.0,1.0,3.0,2.0,5.0,5.0,1.0,5.0,1.0,5.0,2.0,2.0,3.0,2.0,1.0,5.0,3.0,5.0
52,4.0,2.0,4.0,3.0,4.0,2.0,4.0,3.0,3.0,4.0,5.0,3.0,3.0,4.0,3.0,4.0,4.0,3.0,3.0,3.0,5.0,3.0,3.0,4.0,3.0,3.0,4.0,3.0,3.0,4.0,5.0,5.0,1.0,3.0,3.0,3.0,3.0,3.0,2.0,1.0,5.0,1.0,1.0,1.0,4.0,3.0,4.0,3.0,5.0,5.0,1.0,4.0,3.0,2.0,3.0,1.0,4.0,1.0,4.0,1.0,1.0,1.0,4.0,4.0,1.0,2.0,3.0,1.0,3.0,1.0,5.0,1.0,5.0,2.0,1.0,4.0,2.0,4.0,1.0,1.0,3.0,4.0,2.0,1.0,5.0,5.0,1.0,1.0,3.0,1.0,1.0,1.0,1.0,5.0,1.0,4.0,4.0,4.0,1.0,5.0,3.0,5.0
53,5.0,1.0,1.0,4.0,4.0,4.0,3.0,3.0,3.0,2.0,4.0,4.0,3.0,5.0,2.0,5.0,3.0,4.0,1.0,3.0,5.0,2.0,5.0,5.0,4.0,4.0,4.0,3.0,4.0,4.0,4.0,5.0,1.0,2.0,5.0,2.0,4.0,4.0,1.0,1.0,5.0,3.0,2.0,2.0,4.0,2.0,3.0,4.0,2.0,3.0,3.0,4.0,2.0,2.0,2.0,2.0,4.0,5.0,4.0,4.0,2.0,2.0,5.0,4.0,4.0,4.0,3.0,2.0,4.0,3.0,2.0,4.0,4.0,4.0,2.0,4.0,4.0,2.0,4.0,4.0,3.0,4.0,4.0,5.0,5.0,4.0,5.0,4.0,4.0,2.0,4.0,3.0,4.0,5.0,1.0,4.0,2.0,4.0,2.0,5.0,5.0,4.0
54,3.0,3.0,3.0,2.0,3.0,5.0,2.0,1.0,3.0,3.0,3.0,3.0,3.0,5.0,4.0,5.0,3.0,3.0,1.0,4.0,2.0,1.0,5.0,5.0,2.0,3.0,3.0,3.0,3.0,3.0,4.0,5.0,2.0,2.0,5.0,1.0,1.0,3.0,4.0,2.0,3.0,2.0,2.0,5.0,1.0,1.0,1.0,1.0,5.0,1.0,2.0,5.0,3.0,1.0,1.0,2.0,5.0,1.0,3.0,5.0,3.0,2.0,1.0,3.0,2.0,5.0,3.0,2.0,1.0,5.0,5.0,1.0,1.0,1.0,1.0,3.0,3.0,1.0,1.0,1.0,5.0,3.0,5.0,1.0,1.0,1.0,2.0,1.0,2.0,1.0,3.0,1.0,2.0,1.0,1.0,1.0,1.0,1.0,5.0,5.0,1.0,5.0
55,5.0,2.0,5.0,2.0,3.0,5.0,4.0,4.0,4.0,3.0,4.0,5.0,3.0,5.0,3.0,5.0,3.0,4.0,2.0,3.0,3.0,2.0,3.0,4.0,4.0,4.0,3.0,3.0,3.0,4.0,3.0,3.0,1.0,5.0,5.0,3.0,1.0,3.0,3.0,2.0,3.0,1.0,1.0,1.0,1.0,1.0,2.0,3.0,3.0,4.0,1.0,5.0,3.0,4.0,4.0,2.0,3.0,4.0,3.0,3.0,1.0,1.0,2.0,3.0,2.0,2.0,2.0,3.0,1.0,4.0,3.0,3.0,2.0,3.0,3.0,4.0,3.0,3.0,3.0,3.0,4.0,4.0,3.0,3.0,3.0,3.0,3.0,3.0,5.0,3.0,3.0,4.0,5.0,3.0,4.0,3.0,4.0,3.0,5.0,5.0,3.0,5.0
56,4.0,2.0,1.0,3.0,4.0,4.0,5.0,3.0,3.0,4.0,3.0,4.0,4.0,2.0,2.0,5.0,3.0,5.0,2.0,1.0,4.0,1.0,4.0,4.0,3.0,1.0,5.0,1.0,2.0,4.0,4.0,5.0,4.0,4.0,5.0,3.0,1.0,5.0,1.0,2.0,4.0,1.0,1.0,1.0,2.0,5.0,5.0,1.0,2.0,2.0,4.0,5.0,3.0,1.0,3.0,2.0,4.0,5.0,3.0,5.0,3.0,5.0,2.0,4.0,1.0,4.0,4.0,4.0,1.0,5.0,5.0,4.0,1.0,1.0,1.0,3.0,2.0,1.0,1.0,1.0,5.0,4.0,5.0,2.0,1.0,3.0,1.0,2.0,2.0,2.0,5.0,2.0,1.0,4.0,1.0,2.0,1.0,4.0,5.0,5.0,5.0,3.0
57,1.0,2.0,1.0,3.0,3.0,2.0,5.0,3.0,3.0,2.0,5.0,4.0,2.0,5.0,3.0,4.0,4.0,2.0,3.0,4.0,4.0,3.0,4.0,3.0,4.0,3.0,4.0,3.0,3.0,5.0,4.0,3.0,1.0,3.0,3.0,1.0,2.0,3.0,3.0,3.0,4.0,1.0,1.0,1.0,1.0,2.0,1.0,2.0,1.0,1.0,2.0,5.0,4.0,2.0,1.0,1.0,1.0,1.0,2.0,2.0,3.0,3.0,5.0,1.0,1.0,1.0,2.0,1.0,2.0,1.0,2.0,3.0,3.0,2.0,3.0,5.0,5.0,3.0,2.0,1.0,1.0,2.0,2.0,3.0,1.0,2.0,1.0,1.0,1.0,1.0,1.0,1.0,5.0,5.0,1.0,1.0,3.0,4.0,1.0,5.0,5.0,4.0
58,1.0,2.0,1.0,3.0,1.0,5.0,5.0,3.0,3.0,2.0,2.0,3.0,2.0,2.0,1.0,5.0,3.0,4.0,1.0,2.0,5.0,4.0,4.0,4.0,2.0,3.0,4.0,1.0,2.0,2.0,3.0,3.0,3.0,2.0,4.0,3.0,1.0,1.0,1.0,3.0,3.0,2.0,1.0,1.0,1.0,4.0,3.0,1.0,2.0,3.0,4.0,5.0,3.0,3.0,3.0,2.0,3.0,3.0,2.0,5.0,4.0,4.0,2.0,5.0,4.0,5.0,4.0,3.0,1.0,2.0,1.0,2.0,1.0,4.0,3.0,5.0,4.0,3.0,1.0,2.0,5.0,2.0,2.0,1.0,1.0,1.0,1.0,1.0,3.0,1.0,3.0,1.0,1.0,1.0,1.0,1.0,1.0,4.0,4.0,4.0,1.0,3.0
59,2.0,2.0,5.0,5.0,3.0,5.0,3.0,5.0,3.0,2.0,3.0,4.0,3.0,2.0,3.0,3.0,4.0,2.0,1.0,3.0,3.0,2.0,5.0,4.0,3.0,1.0,5.0,1.0,5.0,4.0,3.0,5.0,2.0,5.0,4.0,3.0,3.0,5.0,1.0,2.0,4.0,1.0,1.0,1.0,1.0,2.0,2.0,4.0,1.0,2.0,2.0,4.0,3.0,4.0,3.0,1.0,4.0,4.0,4.0,3.0,1.0,1.0,3.0,3.0,5.0,2.0,2.0,3.0,4.0,3.0,4.0,5.0,5.0,2.0,2.0,4.0,2.0,2.0,5.0,5.0,2.0,3.0,4.0,5.0,2.0,5.0,4.0,1.0,5.0,5.0,3.0,1.0,5.0,2.0,1.0,3.0,3.0,4.0,4.0,2.0,1.0,1.0
60,2.0,2.0,5.0,2.0,3.0,1.0,3.0,3.0,3.0,2.0,3.0,4.0,3.0,1.0,4.0,3.0,3.0,2.0,3.0,4.0,3.0,3.0,4.0,3.0,3.0,3.0,4.0,4.0,3.0,3.0,4.0,1.0,2.0,4.0,4.0,3.0,2.0,4.0,3.0,2.0,3.0,2.0,2.0,4.0,4.0,4.0,3.0,3.0,1.0,2.0,4.0,4.0,4.0,5.0,2.0,3.0,1.0,3.0,4.0,4.0,3.0,1.0,4.0,2.0,2.0,3.0,3.0,3.0,4.0,1.0,1.0,2.0,2.0,2.0,1.0,5.0,2.0,4.0,2.0,2.0,4.0,3.0,4.0,1.0,2.0,3.0,3.0,3.0,2.0,1.0,1.0,1.0,3.0,1.0,1.0,5.0,4.0,2.0,3.0,5.0,1.0,5.0
61,5.0,2.0,5.0,1.0,5.0,5.0,4.0,4.0,4.0,2.0,5.0,4.0,1.0,5.0,3.0,5.0,4.0,2.0,2.0,5.0,2.0,3.0,5.0,4.0,4.0,4.0,5.0,5.0,4.0,3.0,5.0,5.0,1.0,5.0,3.0,2.0,1.0,5.0,1.0,1.0,2.0,2.0,1.0,1.0,3.0,2.0,3.0,3.0,3.0,5.0,2.0,5.0,4.0,5.0,4.0,5.0,4.0,5.0,5.0,5.0,5.0,5.0,2.0,5.0,5.0,5.0,5.0,5.0,5.0,4.0,5.0,4.0,2.0,5.0,5.0,5.0,5.0,2.0,3.0,2.0,3.0,5.0,5.0,3.0,3.0,5.0,5.0,4.0,5.0,2.0,5.0,4.0,5.0,5.0,2.0,3.0,3.0,5.0,4.0,5.0,5.0,5.0
62,5.0,2.0,5.0,5.0,3.0,5.0,5.0,2.0,3.0,5.0,5.0,4.0,2.0,5.0,3.0,3.0,5.0,2.0,2.0,3.0,5.0,3.0,5.0,5.0,3.0,2.0,5.0,3.0,4.0,2.0,5.0,3.0,4.0,4.0,5.0,2.0,1.0,3.0,3.0,1.0,5.0,1.0,1.0,1.0,1.0,1.0,3.0,1.0,1.0,3.0,1.0,5.0,4.0,2.0,5.0,4.0,5.0,5.0,2.0,3.0,2.0,3.0,2.0,3.0,5.0,4.0,4.0,3.0,4.0,5.0,5.0,4.0,5.0,5.0,5.0,5.0,5.0,5.0,2.0,1.0,5.0,1.0,5.0,3.0,3.0,4.0,5.0,5.0,5.0,4.0,4.0,5.0,5.0,5.0,5.0,3.0,3.0,4.0,5.0,4.0,4.0,4.0
63,3.0,1.0,5.0,3.0,3.0,2.0,3.0,1.0,4.0,3.0,4.0,3.0,3.0,3.0,3.0,1.0,3.0,3.0,3.0,3.0,3.0,3.0,1.0,3.0,3.0,3.0,4.0,2.0,2.0,5.0,3.0,2.0,1.0,3.0,3.0,2.0,2.0,3.0,3.0,2.0,3.0,1.0,3.0,3.0,2.0,3.0,3.0,2.0,3.0,3.0,3.0,5.0,3.0,4.0,1.0,1.0,1.0,3.0,3.0,3.0,1.0,2.0,3.0,2.0,1.0,1.0,2.0,2.0,4.0,2.0,3.0,2.0,2.0,2.0,2.0,4.0,2.0,1.0,5.0,4.0,1.0,2.0,1.0,2.0,3.0,2.0,3.0,1.0,4.0,4.0,1.0,1.0,4.0,4.0,4.0,4.0,5.0,3.0,2.0,5.0,4.0,5.0
64,3.0,2.0,3.0,3.0,3.0,1.0,3.0,3.0,3.0,2.0,4.0,3.0,4.0,3.0,3.0,3.0,3.0,3.0,2.0,3.0,3.0,3.0,4.0,5.0,3.0,3.0,4.0,2.0,2.0,3.0,3.0,4.0,2.0,3.0,4.0,3.0,2.0,4.0,1.0,2.0,3.0,2.0,1.0,2.0,2.0,3.0,3.0,2.0,3.0,3.0,3.0,5.0,3.0,4.0,3.0,1.0,2.0,2.0,4.0,4.0,4.0,4.0,2.0,2.0,2.0,4.0,2.0,2.0,3.0,2.0,4.0,2.0,2.0,3.0,2.0,3.0,2.0,2.0,2.0,2.0,2.0,4.0,2.0,2.0,2.0,4.0,2.0,3.0,4.0,1.0,1.0,1.0,5.0,4.0,1.0,3.0,2.0,4.0,2.0,5.0,5.0,4.0
65,3.0,2.0,2.0,3.0,3.0,2.0,4.0,5.0,4.0,4.0,4.0,4.0,1.0,3.0,2.0,5.0,4.0,3.0,1.0,5.0,4.0,4.0,3.0,5.0,4.0,3.0,4.0,1.0,2.0,3.0,3.0,5.0,1.0,3.0,5.0,3.0,2.0,5.0,1.0,2.0,3.0,3.0,3.0,1.0,1.0,4.0,5.0,2.0,4.0,5.0,4.0,5.0,3.0,3.0,2.0,3.0,2.0,4.0,5.0,2.0,1.0,1.0,4.0,3.0,2.0,4.0,3.0,4.0,1.0,2.0,2.0,2.0,1.0,1.0,1.0,5.0,3.0,2.0,5.0,5.0,5.0,2.0,5.0,4.0,1.0,1.0,1.0,1.0,5.0,3.0,2.0,5.0,5.0,1.0,2.0,4.0,4.0,5.0,4.0,4.0,3.0,5.0
66,3.0,2.0,5.0,5.0,3.0,3.0,3.0,3.0,3.0,3.0,5.0,3.0,1.0,5.0,2.0,5.0,3.0,3.0,2.0,3.0,3.0,3.0,3.0,5.0,3.0,1.0,3.0,5.0,3.0,5.0,3.0,1.0,1.0,5.0,5.0,5.0,3.0,5.0,4.0,2.0,4.0,2.0,3.0,5.0,4.0,5.0,5.0,3.0,3.0,5.0,5.0,5.0,3.0,3.0,2.0,2.0,1.0,3.0,4.0,4.0,1.0,5.0,4.0,4.0,2.0,2.0,5.0,2.0,1.0,1.0,5.0,5.0,1.0,1.0,1.0,5.0,3.0,3.0,2.0,1.0,5.0,1.0,3.0,3.0,3.0,4.0,5.0,3.0,3.0,4.0,2.0,3.0,5.0,5.0,1.0,3.0,5.0,4.0,3.0,5.0,3.0,5.0
67,3.0,2.0,5.0,4.0,3.0,1.0,5.0,3.0,4.0,2.0,4.0,3.0,4.0,2.0,3.0,4.0,3.0,3.0,3.0,5.0,5.0,3.0,3.0,2.0,4.0,3.0,4.0,2.0,1.0,5.0,3.0,5.0,1.0,5.0,4.0,3.0,5.0,3.0,2.0,1.0,3.0,1.0,1.0,2.0,1.0,2.0,5.0,3.0,1.0,1.0,2.0,5.0,3.0,1.0,1.0,1.0,3.0,3.0,3.0,5.0,4.0,2.0,1.0,1.0,3.0,4.0,2.0,4.0,1.0,2.0,5.0,5.0,4.0,1.0,1.0,5.0,1.0,1.0,2.0,3.0,5.0,4.0,4.0,1.0,5.0,2.0,1.0,5.0,2.0,1.0,1.0,3.0,5.0,1.0,3.0,1.0,5.0,1.0,4.0,5.0,1.0,3.0
68,2.0,2.0,5.0,4.0,5.0,4.0,4.0,5.0,4.0,5.0,4.0,4.0,1.0,2.0,3.0,4.0,3.0,4.0,2.0,3.0,4.0,4.0,4.0,5.0,4.0,4.0,4.0,3.0,4.0,5.0,3.0,3.0,1.0,5.0,3.0,4.0,2.0,5.0,2.0,2.0,2.0,1.0,2.0,1.0,1.0,1.0,1.0,1.0,2.0,4.0,3.0,5.0,3.0,3.0,2.0,2.0,3.0,2.0,4.0,4.0,1.0,2.0,4.0,3.0,4.0,4.0,5.0,3.0,2.0,2.0,4.0,2.0,3.0,4.0,2.0,5.0,4.0,5.0,2.0,1.0,5.0,4.0,5.0,2.0,3.0,2.0,2.0,3.0,1.0,4.0,1.0,1.0,3.0,4.0,1.0,4.0,3.0,2.0,3.0,5.0,2.0,1.0
69,3.0,2.0,3.0,2.0,3.0,4.0,4.0,3.0,4.0,3.0,3.0,3.0,3.0,2.0,2.0,3.0,4.0,4.0,2.0,3.0,3.0,2.0,4.0,3.0,3.0,3.0,4.0,4.0,4.0,3.0,4.0,4.0,2.0,3.0,4.0,3.0,3.0,3.0,3.0,2.0,4.0,2.0,2.0,3.0,3.0,5.0,5.0,2.0,4.0,3.0,3.0,5.0,3.0,3.0,1.0,1.0,3.0,2.0,4.0,4.0,2.0,4.0,4.0,1.0,3.0,3.0,4.0,2.0,3.0,3.0,4.0,3.0,3.0,1.0,1.0,4.0,2.0,4.0,4.0,2.0,4.0,4.0,4.0,3.0,2.0,2.0,3.0,2.0,3.0,2.0,2.0,1.0,3.0,4.0,2.0,2.0,4.0,3.0,3.0,5.0,2.0,4.0
70,1.0,2.0,5.0,5.0,1.0,1.0,5.0,1.0,5.0,1.0,4.0,4.0,4.0,5.0,2.0,4.0,4.0,2.0,2.0,4.0,4.0,4.0,5.0,5.0,5.0,1.0,4.0,5.0,4.0,5.0,3.0,5.0,1.0,4.0,3.0,3.0,1.0,3.0,2.0,2.0,4.0,1.0,1.0,1.0,1.0,1.0,1.0,1.0,3.0,1.0,3.0,5.0,4.0,3.0,5.0,2.0,4.0,3.0,3.0,4.0,2.0,3.0,5.0,5.0,2.0,3.0,5.0,4.0,3.0,3.0,4.0,3.0,3.0,3.0,3.0,5.0,3.0,2.0,5.0,5.0,5.0,5.0,4.0,3.0,2.0,4.0,3.0,2.0,5.0,2.0,1.0,1.0,1.0,5.0,5.0,3.0,2.0,5.0,2.0,5.0,5.0,5.0
71,4.0,2.0,5.0,2.0,3.0,4.0,4.0,3.0,3.0,4.0,5.0,4.0,3.0,4.0,3.0,5.0,3.0,2.0,3.0,3.0,3.0,1.0,3.0,5.0,4.0,3.0,4.0,2.0,4.0,5.0,3.0,1.0,1.0,5.0,5.0,3.0,1.0,2.0,2.0,2.0,3.0,1.0,2.0,4.0,2.0,5.0,5.0,2.0,2.0,3.0,4.0,5.0,3.0,3.0,2.0,4.0,5.0,3.0,5.0,5.0,2.0,4.0,1.0,4.0,4.0,4.0,5.0,3.0,1.0,3.0,3.0,3.0,2.0,5.0,4.0,5.0,3.0,2.0,5.0,5.0,4.0,4.0,5.0,5.0,2.0,2.0,2.0,3.0,5.0,3.0,4.0,1.0,5.0,5.0,4.0,4.0,5.0,3.0,3.0,5.0,4.0,5.0
72,3.0,3.0,2.0,5.0,3.0,5.0,3.0,1.0,3.0,1.0,2.0,3.0,2.0,3.0,3.0,5.0,4.0,4.0,3.0,3.0,5.0,5.0,5.0,4.0,3.0,2.0,3.0,3.0,3.0,4.0,5.0,5.0,1.0,3.0,4.0,3.0,1.0,4.0,2.0,2.0,3.0,2.0,3.0,2.0,5.0,3.0,3.0,3.0,3.0,5.0,5.0,5.0,3.0,3.0,3.0,1.0,3.0,1.0,3.0,4.0,1.0,1.0,2.0,2.0,3.0,2.0,5.0,2.0,2.0,1.0,3.0,5.0,3.0,1.0,1.0,5.0,4.0,3.0,3.0,3.0,2.0,5.0,5.0,3.0,1.0,1.0,5.0,1.0,5.0,4.0,1.0,4.0,2.0,4.0,1.0,3.0,5.0,5.0,5.0,5.0,1.0,4.0
73,1.0,2.0,3.0,4.0,5.0,4.0,5.0,3.0,3.0,3.0,3.0,4.0,5.0,3.0,3.0,4.0,3.0,3.0,3.0,4.0,3.0,4.0,4.0,5.0,3.0,4.0,3.0,2.0,3.0,2.0,4.0,5.0,3.0,2.0,2.0,3.0,2.0,3.0,2.0,3.0,5.0,1.0,1.0,1.0,2.0,1.0,1.0,1.0,1.0,1.0,2.0,2.0,3.0,2.0,2.0,2.0,2.0,2.0,2.0,4.0,4.0,4.0,3.0,3.0,3.0,3.0,4.0,2.0,1.0,1.0,1.0,2.0,2.0,3.0,3.0,4.0,5.0,4.0,2.0,2.0,2.0,1.0,3.0,2.0,2.0,2.0,2.0,1.0,2.0,1.0,1.0,1.0,4.0,4.0,1.0,1.0,1.0,4.0,3.0,5.0,4.0,2.0
74,2.0,1.0,5.0,3.0,4.0,4.0,4.0,4.0,3.0,1.0,4.0,3.0,3.0,3.0,3.0,5.0,4.0,4.0,1.0,5.0,3.0,3.0,5.0,4.0,3.0,3.0,4.0,2.0,2.0,3.0,3.0,5.0,2.0,4.0,5.0,2.0,2.0,5.0,1.0,2.0,3.0,2.0,4.0,4.0,2.0,2.0,1.0,2.0,3.0,1.0,3.0,5.0,4.0,5.0,3.0,1.0,2.0,2.0,4.0,5.0,2.0,2.0,2.0,3.0,4.0,3.0,4.0,3.0,1.0,1.0,4.0,3.0,2.0,1.0,1.0,4.0,2.0,1.0,5.0,4.0,3.0,2.0,3.0,5.0,2.0,1.0,3.0,5.0,3.0,2.0,1.0,1.0,2.0,1.0,1.0,1.0,5.0,3.0,1.0,5.0,1.0,5.0
75,5.0,1.0,3.0,3.0,4.0,5.0,3.0,3.0,4.0,3.0,3.0,4.0,3.0,3.0,2.0,5.0,4.0,3.0,3.0,4.0,3.0,4.0,2.0,3.0,3.0,2.0,3.0,3.0,3.0,3.0,3.0,5.0,1.0,3.0,5.0,3.0,1.0,5.0,2.0,2.0,5.0,5.0,4.0,3.0,3.0,3.0,5.0,3.0,4.0,5.0,3.0,5.0,3.0,3.0,3.0,3.0,3.0,2.0,3.0,4.0,3.0,1.0,3.0,2.0,4.0,4.0,3.0,4.0,4.0,2.0,2.0,2.0,2.0,1.0,1.0,3.0,3.0,4.0,2.0,1.0,1.0,1.0,3.0,1.0,1.0,1.0,1.0,1.0,1.0,1.0,3.0,1.0,2.0,5.0,1.0,3.0,3.0,3.0,1.0,5.0,1.0,3.0
76,5.0,2.0,5.0,4.0,2.0,2.0,2.0,3.0,3.0,3.0,5.0,2.0,4.0,3.0,3.0,5.0,5.0,5.0,2.0,1.0,1.0,1.0,5.0,3.0,5.0,4.0,5.0,5.0,3.0,3.0,3.0,1.0,5.0,5.0,5.0,5.0,1.0,3.0,1.0,1.0,3.0,2.0,3.0,5.0,5.0,5.0,3.0,1.0,1.0,1.0,1.0,5.0,4.0,5.0,1.0,5.0,1.0,5.0,4.0,4.0,1.0,3.0,4.0,2.0,3.0,4.0,3.0,2.0,4.0,1.0,1.0,2.0,1.0,3.0,3.0,5.0,3.0,3.0,1.0,1.0,3.0,5.0,3.0,2.0,1.0,3.0,5.0,2.0,5.0,5.0,2.0,2.0,1.0,5.0,1.0,5.0,5.0,3.0,1.0,5.0,4.0,3.0
77,1.0,2.0,1.0,2.0,2.0,3.0,3.0,2.0,4.0,1.0,4.0,2.0,3.0,5.0,2.0,5.0,4.0,1.0,2.0,4.0,1.0,2.0,4.0,4.0,5.0,4.0,4.0,3.0,2.0,4.0,3.0,5.0,1.0,4.0,3.0,3.0,2.0,5.0,4.0,3.0,4.0,1.0,1.0,1.0,2.0,1.0,1.0,1.0,4.0,3.0,2.0,5.0,3.0,5.0,4.0,4.0,5.0,4.0,4.0,5.0,3.0,3.0,4.0,5.0,5.0,5.0,4.0,5.0,3.0,3.0,3.0,1.0,1.0,3.0,4.0,5.0,5.0,1.0,1.0,1.0,4.0,3.0,4.0,3.0,3.0,4.0,3.0,1.0,5.0,3.0,3.0,1.0,5.0,3.0,1.0,3.0,2.0,5.0,4.0,5.0,5.0,1.0
78,5.0,2.0,5.0,1.0,5.0,5.0,4.0,2.0,3.0,4.0,5.0,4.0,2.0,5.0,3.0,3.0,4.0,5.0,3.0,5.0,2.0,3.0,5.0,3.0,5.0,2.0,5.0,5.0,5.0,5.0,5.0,5.0,1.0,5.0,5.0,5.0,1.0,5.0,2.0,3.0,3.0,5.0,1.0,3.0,3.0,2.0,3.0,3.0,5.0,4.0,1.0,5.0,3.0,5.0,2.0,2.0,3.0,3.0,4.0,4.0,2.0,1.0,4.0,3.0,3.0,4.0,3.0,2.0,2.0,2.0,5.0,5.0,5.0,2.0,1.0,4.0,2.0,5.0,2.0,2.0,2.0,3.0,5.0,5.0,3.0,1.0,1.0,2.0,1.0,1.0,1.0,5.0,3.0,5.0,1.0,1.0,3.0,4.0,2.0,5.0,4.0,4.0
79,1.0,2.0,1.0,5.0,2.0,1.0,1.0,1.0,3.0,3.0,5.0,2.0,5.0,4.0,3.0,3.0,4.0,5.0,2.0,5.0,1.0,3.0,4.0,4.0,4.0,2.0,4.0,2.0,3.0,4.0,5.0,5.0,1.0,4.0,2.0,1.0,2.0,4.0,4.0,3.0,3.0,1.0,5.0,5.0,5.0,5.0,5.0,5.0,3.0,5.0,4.0,5.0,3.0,3.0,4.0,2.0,2.0,2.0,3.0,5.0,3.0,5.0,5.0,4.0,2.0,5.0,2.0,2.0,2.0,2.0,4.0,3.0,2.0,1.0,1.0,3.0,4.0,1.0,1.0,1.0,2.0,1.0,3.0,1.0,1.0,4.0,1.0,1.0,4.0,1.0,3.0,1.0,2.0,4.0,1.0,1.0,2.0,3.0,1.0,5.0,3.0,4.0
80,2.0,2.0,4.0,1.0,5.0,1.0,4.0,5.0,3.0,1.0,3.0,2.0,3.0,2.0,4.0,2.0,3.0,3.0,2.0,5.0,5.0,4.0,5.0,3.0,3.0,3.0,4.0,3.0,2.0,3.0,5.0,3.0,1.0,3.0,3.0,1.0,2.0,4.0,3.0,2.0,3.0,1.0,1.0,1.0,2.0,1.0,1.0,1.0,3.0,1.0,3.0,5.0,2.0,2.0,4.0,3.0,5.0,3.0,2.0,4.0,3.0,3.0,2.0,3.0,5.0,3.0,4.0,4.0,1.0,3.0,5.0,4.0,3.0,3.0,4.0,4.0,4.0,2.0,4.0,4.0,5.0,5.0,5.0,4.0,3.0,4.0,4.0,4.0,4.0,1.0,1.0,2.0,4.0,2.0,1.0,1.0,3.0,3.0,5.0,3.0,1.0,3.0
81,3.0,2.0,5.0,1.0,5.0,5.0,3.0,4.0,4.0,4.0,3.0,4.0,3.0,5.0,3.0,5.0,4.0,2.0,1.0,2.0,5.0,3.0,4.0,5.0,5.0,4.0,4.0,2.0,3.0,4.0,4.0,5.0,1.0,5.0,4.0,3.0,2.0,5.0,1.0,2.0,3.0,2.0,2.0,1.0,1.0,4.0,4.0,4.0,4.0,4.0,1.0,5.0,4.0,5.0,2.0,3.0,2.0,5.0,5.0,4.0,1.0,3.0,3.0,3.0,3.0,3.0,3.0,5.0,2.0,1.0,3.0,4.0,3.0,1.0,1.0,5.0,2.0,2.0,1.0,1.0,5.0,4.0,5.0,1.0,2.0,1.0,3.0,1.0,2.0,3.0,1.0,4.0,1.0,2.0,1.0,5.0,5.0,4.0,5.0,5.0,3.0,5.0
82,2.0,2.0,1.0,1.0,4.0,2.0,5.0,2.0,4.0,3.0,4.0,3.0,2.0,4.0,2.0,4.0,3.0,3.0,3.0,4.0,5.0,2.0,2.0,3.0,2.0,3.0,3.0,2.0,2.0,4.0,4.0,4.0,1.0,2.0,2.0,3.0,4.0,3.0,2.0,2.0,2.0,2.0,2.0,2.0,3.0,2.0,2.0,2.0,2.0,4.0,3.0,5.0,3.0,2.0,3.0,1.0,3.0,3.0,3.0,5.0,3.0,2.0,2.0,2.0,3.0,2.0,5.0,1.0,4.0,1.0,2.0,3.0,1.0,1.0,4.0,4.0,4.0,1.0,5.0,5.0,2.0,1.0,2.0,5.0,1.0,5.0,3.0,3.0,2.0,1.0,5.0,1.0,4.0,4.0,1.0,2.0,3.0,5.0,3.0,5.0,2.0,2.0
83,4.0,2.0,2.0,2.0,4.0,1.0,1.0,4.0,4.0,1.0,4.0,1.0,3.0,4.0,3.0,3.0,3.0,3.0,3.0,5.0,2.0,2.0,5.0,4.0,3.0,3.0,4.0,2.0,2.0,4.0,4.0,5.0,1.0,3.0,5.0,1.0,1.0,4.0,3.0,2.0,3.0,2.0,1.0,3.0,2.0,5.0,4.0,3.0,2.0,3.0,3.0,5.0,5.0,4.0,1.0,1.0,1.0,2.0,5.0,4.0,1.0,1.0,4.0,5.0,3.0,4.0,4.0,4.0,2.0,1.0,2.0,1.0,1.0,1.0,1.0,5.0,2.0,4.0,3.0,1.0,2.0,3.0,3.0,1.0,4.0,2.0,3.0,1.0,4.0,5.0,2.0,1.0,5.0,4.0,1.0,2.0,3.0,2.0,3.0,5.0,3.0,5.0
84,3.0,2.0,2.0,1.0,3.0,2.0,3.0,4.0,4.0,2.0,4.0,4.0,3.0,3.0,2.0,5.0,3.0,2.0,2.0,5.0,4.0,4.0,3.0,4.0,2.0,4.0,5.0,2.0,2.0,3.0,3.0,3.0,1.0,4.0,4.0,2.0,2.0,3.0,1.0,2.0,3.0,1.0,1.0,1.0,1.0,1.0,1.0,1.0,1.0,1.0,3.0,5.0,3.0,2.0,2.0,2.0,3.0,2.0,2.0,5.0,5.0,5.0,1.0,4.0,4.0,4.0,2.0,3.0,2.0,3.0,5.0,2.0,3.0,5.0,5.0,4.0,3.0,2.0,4.0,3.0,5.0,4.0,3.0,3.0,2.0,4.0,5.0,2.0,5.0,2.0,4.0,1.0,5.0,4.0,2.0,1.0,2.0,5.0,4.0,5.0,2.0,4.0
85,3.0,1.0,4.0,2.0,5.0,1.0,3.0,3.0,3.0,5.0,2.0,3.0,2.0,1.0,3.0,5.0,3.0,2.0,3.0,4.0,4.0,3.0,3.0,3.0,1.0,3.0,4.0,4.0,1.0,3.0,3.0,5.0,3.0,3.0,5.0,3.0,3.0,4.0,3.0,2.0,3.0,1.0,1.0,3.0,2.0,2.0,1.0,2.0,5.0,2.0,4.0,5.0,3.0,2.0,4.0,3.0,5.0,3.0,2.0,5.0,5.0,5.0,2.0,5.0,4.0,3.0,5.0,2.0,1.0,5.0,3.0,4.0,2.0,3.0,2.0,3.0,1.0,1.0,5.0,5.0,5.0,3.0,4.0,5.0,1.0,1.0,5.0,3.0,5.0,1.0,1.0,2.0,1.0,2.0,2.0,1.0,2.0,4.0,5.0,5.0,1.0,5.0
86,2.0,1.0,1.0,1.0,4.0,3.0,5.0,4.0,3.0,4.0,4.0,4.0,2.0,3.0,3.0,4.0,3.0,4.0,2.0,5.0,5.0,3.0,4.0,4.0,2.0,2.0,3.0,4.0,1.0,2.0,2.0,4.0,1.0,4.0,4.0,2.0,2.0,4.0,1.0,2.0,2.0,1.0,2.0,2.0,3.0,5.0,5.0,5.0,4.0,5.0,4.0,5.0,2.0,3.0,1.0,2.0,3.0,4.0,5.0,3.0,1.0,2.0,2.0,2.0,3.0,3.0,2.0,4.0,1.0,3.0,3.0,4.0,1.0,2.0,2.0,3.0,1.0,2.0,5.0,5.0,5.0,3.0,5.0,5.0,1.0,1.0,2.0,1.0,2.0,3.0,2.0,2.0,3.0,2.0,4.0,1.0,4.0,3.0,4.0,5.0,1.0,2.0
87,1.0,2.0,3.0,1.0,3.0,1.0,1.0,2.0,4.0,3.0,4.0,3.0,4.0,5.0,3.0,4.0,4.0,3.0,2.0,3.0,2.0,3.0,4.0,4.0,3.0,2.0,4.0,2.0,3.0,3.0,4.0,2.0,1.0,2.0,4.0,3.0,1.0,5.0,2.0,3.0,4.0,1.0,1.0,3.0,3.0,2.0,1.0,1.0,2.0,4.0,4.0,5.0,3.0,3.0,2.0,1.0,2.0,3.0,4.0,5.0,3.0,3.0,5.0,4.0,2.0,3.0,3.0,2.0,4.0,1.0,2.0,4.0,3.0,3.0,4.0,4.0,3.0,4.0,3.0,3.0,3.0,3.0,4.0,4.0,1.0,2.0,2.0,3.0,2.0,2.0,3.0,5.0,5.0,3.0,1.0,1.0,4.0,4.0,2.0,4.0,4.0,2.0
88,2.0,2.0,5.0,1.0,3.0,3.0,4.0,3.0,3.0,2.0,3.0,4.0,1.0,1.0,3.0,4.0,3.0,3.0,3.0,4.0,5.0,4.0,2.0,3.0,2.0,2.0,4.0,2.0,3.0,3.0,2.0,5.0,4.0,4.0,4.0,2.0,3.0,4.0,2.0,2.0,2.0,2.0,2.0,3.0,4.0,5.0,5.0,5.0,4.0,5.0,5.0,4.0,2.0,4.0,3.0,2.0,3.0,2.0,3.0,2.0,2.0,1.0,4.0,2.0,1.0,2.0,2.0,2.0,2.0,1.0,1.0,2.0,3.0,3.0,1.0,4.0,1.0,5.0,1.0,1.0,1.0,1.0,3.0,1.0,2.0,1.0,1.0,1.0,2.0,1.0,1.0,1.0,2.0,2.0,1.0,2.0,3.0,1.0,2.0,4.0,1.0,1.0
89,3.0,2.0,5.0,3.0,3.0,5.0,5.0,2.0,3.0,4.0,4.0,1.0,3.0,2.0,3.0,5.0,3.0,4.0,2.0,4.0,3.0,4.0,5.0,3.0,2.0,2.0,4.0,4.0,2.0,3.0,3.0,3.0,2.0,3.0,5.0,3.0,2.0,5.0,1.0,2.0,3.0,3.0,3.0,2.0,4.0,5.0,3.0,3.0,3.0,1.0,1.0,5.0,3.0,4.0,1.0,3.0,2.0,5.0,4.0,3.0,1.0,2.0,3.0,1.0,2.0,4.0,4.0,3.0,2.0,3.0,2.0,3.0,1.0,2.0,1.0,5.0,4.0,3.0,2.0,2.0,5.0,5.0,5.0,1.0,2.0,1.0,4.0,3.0,4.0,3.0,4.0,3.0,3.0,2.0,2.0,2.0,2.0,2.0,5.0,5.0,4.0,5.0
90,5.0,1.0,5.0,1.0,1.0,5.0,1.0,4.0,3.0,5.0,5.0,3.0,1.0,5.0,2.0,5.0,5.0,1.0,3.0,5.0,3.0,5.0,5.0,4.0,3.0,3.0,4.0,3.0,5.0,3.0,3.0,1.0,2.0,3.0,5.0,1.0,1.0,5.0,1.0,2.0,5.0,1.0,3.0,3.0,2.0,5.0,2.0,1.0,1.0,4.0,1.0,5.0,3.0,3.0,3.0,4.0,4.0,4.0,3.0,3.0,2.0,2.0,4.0,2.0,5.0,3.0,4.0,2.0,3.0,3.0,5.0,5.0,4.0,2.0,2.0,5.0,3.0,3.0,3.0,2.0,5.0,2.0,4.0,2.0,2.0,2.0,5.0,4.0,5.0,5.0,1.0,2.0,4.0,5.0,5.0,3.0,5.0,4.0,5.0,5.0,2.0,5.0
91,1.0,2.0,1.0,4.0,3.0,4.0,4.0,3.0,3.0,1.0,4.0,3.0,5.0,4.0,3.0,5.0,3.0,3.0,1.0,4.0,2.0,2.0,4.0,3.0,2.0,3.0,4.0,1.0,3.0,3.0,3.0,4.0,1.0,3.0,5.0,3.0,1.0,5.0,2.0,2.0,2.0,2.0,4.0,3.0,3.0,5.0,3.0,2.0,1.0,1.0,3.0,5.0,4.0,4.0,2.0,2.0,3.0,5.0,5.0,4.0,2.0,2.0,5.0,3.0,4.0,4.0,4.0,4.0,3.0,4.0,4.0,5.0,2.0,2.0,2.0,4.0,2.0,3.0,2.0,1.0,4.0,1.0,4.0,2.0,3.0,2.0,4.0,1.0,4.0,4.0,1.0,1.0,3.0,4.0,1.0,3.0,3.0,2.0,5.0,5.0,3.0,5.0
92,2.0,2.0,5.0,4.0,4.0,1.0,5.0,1.0,3.0,2.0,5.0,4.0,4.0,3.0,3.0,5.0,3.0,2.0,2.0,5.0,3.0,3.0,5.0,3.0,3.0,3.0,4.0,5.0,3.0,3.0,3.0,3.0,1.0,3.0,5.0,3.0,3.0,5.0,1.0,2.0,3.0,3.0,1.0,1.0,2.0,1.0,3.0,1.0,5.0,4.0,3.0,5.0,3.0,3.0,1.0,3.0,4.0,1.0,5.0,5.0,4.0,4.0,1.0,2.0,5.0,5.0,5.0,1.0,3.0,1.0,5.0,1.0,2.0,1.0,1.0,4.0,5.0,2.0,1.0,1.0,3.0,3.0,4.0,1.0,2.0,5.0,1.0,3.0,4.0,2.0,1.0,1.0,5.0,5.0,1.0,1.0,2.0,4.0,3.0,5.0,5.0,3.0
93,4.0,1.0,1.0,2.0,3.0,1.0,2.0,2.0,3.0,4.0,5.0,3.0,3.0,5.0,1.0,3.0,3.0,3.0,2.0,3.0,2.0,4.0,5.0,4.0,4.0,2.0,4.0,2.0,4.0,3.0,4.0,5.0,1.0,4.0,5.0,2.0,1.0,4.0,2.0,2.0,3.0,3.0,2.0,1.0,2.0,1.0,1.0,1.0,2.0,2.0,3.0,4.0,5.0,5.0,1.0,4.0,2.0,1.0,2.0,4.0,5.0,3.0,2.0,1.0,2.0,4.0,4.0,2.0,5.0,2.0,2.0,2.0,3.0,4.0,5.0,2.0,4.0,5.0,2.0,2.0,4.0,3.0,3.0,2.0,4.0,5.0,2.0,2.0,1.0,2.0,2.0,1.0,5.0,5.0,1.0,2.0,3.0,4.0,1.0,5.0,4.0,5.0
94,4.0,2.0,5.0,4.0,4.0,4.0,2.0,3.0,3.0,3.0,3.0,3.0,3.0,4.0,4.0,5.0,3.0,2.0,2.0,4.0,3.0,4.0,4.0,4.0,4.0,2.0,4.0,3.0,5.0,4.0,2.0,4.0,3.0,3.0,5.0,3.0,5.0,4.0,2.0,2.0,4.0,1.0,1.0,1.0,2.0,1.0,1.0,1.0,1.0,2.0,3.0,5.0,3.0,4.0,4.0,1.0,3.0,4.0,5.0,3.0,1.0,1.0,5.0,4.0,3.0,2.0,3.0,4.0,4.0,3.0,5.0,5.0,5.0,5.0,3.0,5.0,5.0,3.0,5.0,4.0,3.0,5.0,3.0,5.0,4.0,4.0,2.0,5.0,5.0,2.0,1.0,1.0,5.0,5.0,5.0,4.0,4.0,5.0,1.0,5.0,3.0,5.0
95,4.0,2.0,1.0,2.0,4.0,3.0,4.0,3.0,4.0,5.0,4.0,4.0,3.0,3.0,2.0,5.0,3.0,3.0,1.0,4.0,3.0,4.0,3.0,5.0,3.0,3.0,4.0,2.0,5.0,3.0,4.0,5.0,1.0,4.0,4.0,3.0,2.0,4.0,2.0,2.0,3.0,1.0,2.0,1.0,2.0,1.0,1.0,1.0,1.0,1.0,2.0,5.0,3.0,2.0,4.0,3.0,5.0,4.0,3.0,5.0,3.0,2.0,3.0,3.0,5.0,5.0,4.0,3.0,1.0,4.0,5.0,2.0,5.0,3.0,4.0,4.0,4.0,3.0,2.0,2.0,5.0,4.0,5.0,3.0,5.0,4.0,3.0,1.0,5.0,1.0,4.0,2.0,3.0,5.0,1.0,1.0,2.0,5.0,4.0,4.0,3.0,3.0
96,3.0,3.0,2.0,3.0,3.0,4.0,4.0,1.0,3.0,5.0,2.0,3.0,1.0,4.0,2.0,4.0,3.0,5.0,1.0,3.0,2.0,5.0,4.0,4.0,3.0,4.0,3.0,3.0,4.0,2.0,5.0,4.0,1.0,3.0,4.0,2.0,2.0,4.0,2.0,2.0,2.0,1.0,1.0,1.0,1.0,2.0,2.0,2.0,2.0,4.0,2.0,5.0,3.0,4.0,1.0,2.0,3.0,1.0,4.0,2.0,1.0,1.0,3.0,3.0,2.0,2.0,2.0,1.0,4.0,3.0,5.0,2.0,3.0,5.0,5.0,5.0,4.0,2.0,5.0,5.0,5.0,5.0,3.0,4.0,2.0,1.0,4.0,2.0,3.0,1.0,1.0,1.0,1.0,1.0,1.0,1.0,2.0,5.0,2.0,4.0,1.0,1.0
97,2.0,2.0,1.0,2.0,3.0,3.0,4.0,3.0,3.0,2.0,2.0,3.0,4.0,2.0,2.0,5.0,4.0,4.0,3.0,5.0,4.0,4.0,4.0,4.0,2.0,2.0,4.0,4.0,5.0,3.0,2.0,5.0,1.0,3.0,2.0,3.0,2.0,5.0,1.0,2.0,2.0,1.0,1.0,2.0,2.0,1.0,1.0,1.0,3.0,1.0,3.0,5.0,2.0,1.0,2.0,2.0,2.0,1.0,3.0,5.0,3.0,2.0,1.0,1.0,2.0,3.0,4.0,3.0,1.0,2.0,5.0,3.0,5.0,1.0,1.0,5.0,2.0,2.0,3.0,1.0,1.0,3.0,4.0,2.0,5.0,2.0,1.0,1.0,1.0,1.0,1.0,1.0,5.0,1.0,1.0,2.0,2.0,2.0,1.0,4.0,1.0,3.0
98,4.0,2.0,5.0,3.0,4.0,5.0,5.0,3.0,4.0,3.0,4.0,5.0,1.0,5.0,3.0,4.0,3.0,3.0,3.0,5.0,3.0,4.0,5.0,4.0,3.0,3.0,4.0,2.0,3.0,3.0,5.0,3.0,1.0,4.0,4.0,3.0,1.0,5.0,1.0,1.0,3.0,3.0,1.0,1.0,4.0,3.0,3.0,3.0,1.0,3.0,2.0,5.0,2.0,3.0,2.0,3.0,3.0,4.0,5.0,4.0,2.0,2.0,3.0,2.0,3.0,3.0,2.0,3.0,2.0,2.0,5.0,3.0,3.0,3.0,2.0,5.0,3.0,2.0,3.0,3.0,5.0,5.0,3.0,3.0,2.0,2.0,3.0,3.0,3.0,2.0,5.0,4.0,5.0,5.0,3.0,2.0,4.0,3.0,3.0,5.0,3.0,5.0
99,5.0,2.0,4.0,3.0,5.0,4.0,4.0,3.0,4.0,3.0,3.0,4.0,3.0,3.0,2.0,5.0,3.0,4.0,1.0,4.0,3.0,3.0,3.0,4.0,4.0,2.0,3.0,4.0,3.0,4.0,4.0,5.0,1.0,4.0,5.0,4.0,1.0,5.0,2.0,1.0,4.0,3.0,2.0,1.0,1.0,1.0,2.0,1.0,1.0,2.0,2.0,5.0,4.0,2.0,1.0,1.0,1.0,2.0,1.0,4.0,4.0,3.0,3.0,2.0,1.0,1.0,2.0,2.0,5.0,1.0,3.0,4.0,3.0,4.0,2.0,5.0,4.0,4.0,1.0,2.0,1.0,5.0,5.0,1.0,4.0,4.0,2.0,2.0,2.0,2.0,1.0,1.0,3.0,3.0,1.0,1.0,3.0,3.0,2.0,5.0,2.0,5.0
100,5.0,2.0,5.0,5.0,5.0,3.0,5.0,3.0,4.0,1.0,3.0,5.0,3.0,3.0,3.0,5.0,3.0,5.0,2.0,5.0,5.0,5.0,5.0,3.0,5.0,4.0,4.0,3.0,4.0,4.0,5.0,1.0,5.0,5.0,2.0,2.0,1.0,5.0,2.0,2.0,3.0,1.0,2.0,3.0,5.0,4.0,4.0,5.0,3.0,5.0,1.0,5.0,4.0,4.0,3.0,3.0,3.0,2.0,3.0,4.0,1.0,4.0,2.0,3.0,2.0,4.0,2.0,5.0,3.0,2.0,2.0,3.0,1.0,1.0,1.0,4.0,4.0,4.0,2.0,1.0,1.0,5.0,5.0,2.0,2.0,3.0,2.0,3.0,5.0,1.0,1.0,1.0,4.0,1.0,1.0,3.0,5.0,3.0,2.0,2.0,2.0,1.0
101,5.0,2.0,4.0,4.0,3.0,3.0,4.0,5.0,4.0,5.0,5.0,4.0,4.0,5.0,3.0,4.0,4.0,3.0,3.0,3.0,1.0,2.0,3.0,3.0,4.0,3.0,4.0,1.0,3.0,4.0,4.0,1.0,4.0,5.0,5.0,4.0,2.0,4.0,2.0,2.0,4.0,1.0,1.0,1.0,1.0,1.0,1.0,3.0,4.0,4.0,2.0,4.0,3.0,4.0,1.0,1.0,2.0,4.0,4.0,4.0,1.0,1.0,4.0,3.0,4.0,4.0,3.0,4.0,1.0,1.0,4.0,3.0,3.0,1.0,1.0,1.0,1.0,1.0,5.0,5.0,5.0,3.0,4.0,5.0,3.0,1.0,5.0,5.0,3.0,3.0,1.0,5.0,3.0,4.0,1.0,1.0,5.0,5.0,5.0,5.0,4.0,2.0
102,1.0,2.0,1.0,2.0,1.0,4.0,3.0,3.0,3.0,4.0,3.0,2.0,3.0,2.0,2.0,4.0,5.0,3.0,2.0,3.0,3.0,2.0,4.0,4.0,1.0,4.0,3.0,3.0,5.0,3.0,5.0,2.0,1.0,1.0,2.0,5.0,2.0,4.0,4.0,1.0,3.0,2.0,2.0,1.0,1.0,2.0,2.0,3.0,4.0,5.0,2.0,5.0,2.0,3.0,2.0,2.0,3.0,1.0,3.0,2.0,1.0,1.0,5.0,2.0,2.0,1.0,3.0,3.0,3.0,1.0,4.0,4.0,3.0,1.0,1.0,4.0,3.0,5.0,1.0,1.0,1.0,3.0,3.0,1.0,2.0,2.0,2.0,1.0,2.0,1.0,4.0,5.0,3.0,3.0,1.0,3.0,4.0,3.0,2.0,5.0,5.0,1.0
103,3.0,2.0,4.0,3.0,2.0,5.0,4.0,4.0,1.0,2.0,2.0,4.0,4.0,4.0,2.0,4.0,2.0,2.0,3.0,2.0,4.0,3.0,2.0,4.0,2.0,5.0,4.0,4.0,2.0,1.0,3.0,1.0,2.0,2.0,4.0,2.0,3.0,3.0,1.0,2.0,1.0,2.0,1.0,1.0,2.0,1.0,1.0,1.0,1.0,2.0,3.0,4.0,2.0,1.0,2.0,1.0,5.0,2.0,1.0,5.0,5.0,1.0,1.0,1.0,2.0,1.0,2.0,1.0,1.0,4.0,5.0,5.0,2.0,2.0,4.0,3.0,4.0,1.0,2.0,3.0,4.0,4.0,1.0,2.0,2.0,2.0,3.0,2.0,4.0,1.0,1.0,2.0,2.0,1.0,2.0,1.0,2.0,5.0,4.0,4.0,1.0,3.0
104,5.0,2.0,4.0,5.0,5.0,5.0,5.0,1.0,3.0,3.0,3.0,3.0,5.0,1.0,4.0,2.0,3.0,5.0,3.0,3.0,5.0,4.0,5.0,5.0,4.0,3.0,3.0,3.0,2.0,5.0,4.0,5.0,1.0,5.0,4.0,5.0,1.0,5.0,4.0,3.0,2.0,1.0,5.0,5.0,3.0,5.0,5.0,5.0,5.0,5.0,2.0,5.0,3.0,3.0,1.0,1.0,1.0,1.0,5.0,5.0,1.0,2.0,4.0,2.0,1.0,5.0,3.0,3.0,3.0,1.0,1.0,5.0,1.0,1.0,1.0,5.0,1.0,2.0,5.0,5.0,5.0,1.0,5.0,5.0,3.0,1.0,1.0,1.0,3.0,3.0,1.0,1.0,5.0,1.0,1.0,5.0,5.0,1.0,4.0,5.0,5.0,1.0
105,3.0,2.0,2.0,2.0,4.0,5.0,4.0,2.0,2.0,3.0,2.0,1.0,3.0,4.0,4.0,3.0,2.0,5.0,3.0,2.0,2.0,5.0,5.0,5.0,4.0,4.0,2.0,5.0,4.0,5.0,3.0,5.0,2.0,4.0,5.0,4.0,5.0,3.0,2.0,2.0,3.0,3.0,5.0,5.0,5.0,4.0,4.0,1.0,5.0,5.0,3.0,5.0,3.0,3.0,3.0,3.0,2.0,2.0,4.0,4.0,2.0,3.0,3.0,4.0,3.0,3.0,1.0,2.0,1.0,3.0,3.0,2.0,2.0,1.0,3.0,3.0,3.0,1.0,5.0,5.0,4.0,2.0,2.0,3.0,1.0,1.0,1.0,1.0,5.0,3.0,1.0,2.0,1.0,3.0,3.0,3.0,3.0,4.0,3.0,3.0,1.0,5.0
106,3.0,2.0,4.0,1.0,3.0,4.0,4.0,2.0,3.0,2.0,3.0,4.0,2.0,3.0,3.0,4.0,3.0,3.0,1.0,2.0,2.0,4.0,3.0,4.0,4.0,3.0,4.0,2.0,2.0,3.0,3.0,4.0,2.0,4.0,3.0,3.0,2.0,4.0,2.0,2.0,3.0,3.0,5.0,4.0,2.0,1.0,1.0,2.0,3.0,3.0,2.0,5.0,3.0,3.0,2.0,1.0,2.0,2.0,4.0,3.0,2.0,2.0,4.0,4.0,2.0,2.0,2.0,4.0,2.0,1.0,1.0,1.0,2.0,1.0,1.0,4.0,3.0,4.0,1.0,1.0,5.0,2.0,4.0,1.0,1.0,1.0,1.0,2.0,4.0,3.0,1.0,2.0,5.0,3.0,1.0,4.0,5.0,1.0,3.0,5.0,4.0,1.0
107,4.0,1.0,2.0,2.0,4.0,2.0,3.0,3.0,3.0,3.0,4.0,3.0,3.0,3.0,3.0,4.0,3.0,4.0,3.0,3.0,2.0,4.0,4.0,3.0,4.0,3.0,3.0,2.0,4.0,2.0,4.0,5.0,1.0,3.0,5.0,2.0,2.0,3.0,3.0,2.0,3.0,5.0,4.0,3.0,4.0,5.0,5.0,3.0,5.0,3.0,4.0,5.0,3.0,4.0,2.0,1.0,5.0,2.0,2.0,4.0,1.0,3.0,3.0,3.0,4.0,4.0,4.0,2.0,2.0,4.0,4.0,2.0,4.0,1.0,2.0,3.0,1.0,3.0,4.0,2.0,4.0,4.0,3.0,2.0,3.0,2.0,4.0,2.0,3.0,3.0,2.0,3.0,2.0,4.0,3.0,1.0,4.0,3.0,4.0,4.0,3.0,4.0
108,5.0,1.0,3.0,2.0,3.0,4.0,5.0,5.0,3.0,4.0,3.0,3.0,3.0,3.0,3.0,5.0,3.0,3.0,1.0,3.0,3.0,1.0,5.0,4.0,1.0,3.0,4.0,2.0,3.0,3.0,3.0,1.0,4.0,5.0,5.0,3.0,1.0,5.0,2.0,1.0,3.0,3.0,4.0,3.0,3.0,5.0,5.0,5.0,3.0,2.0,5.0,5.0,3.0,1.0,1.0,2.0,1.0,2.0,3.0,2.0,1.0,1.0,1.0,2.0,1.0,2.0,2.0,3.0,1.0,1.0,1.0,3.0,2.0,1.0,1.0,4.0,1.0,5.0,2.0,1.0,1.0,1.0,3.0,1.0,1.0,4.0,1.0,1.0,4.0,1.0,1.0,1.0,2.0,1.0,1.0,2.0,4.0,2.0,3.0,4.0,1.0,5.0
109,2.0,2.0,2.0,3.0,4.0,4.0,5.0,1.0,4.0,4.0,4.0,3.0,4.0,3.0,4.0,5.0,4.0,4.0,1.0,3.0,3.0,4.0,4.0,5.0,2.0,4.0,3.0,3.0,5.0,4.0,2.0,5.0,1.0,2.0,4.0,3.0,3.0,4.0,2.0,1.0,1.0,3.0,2.0,1.0,4.0,3.0,3.0,4.0,2.0,2.0,4.0,5.0,4.0,3.0,1.0,1.0,3.0,2.0,2.0,4.0,4.0,4.0,2.0,5.0,4.0,4.0,4.0,2.0,2.0,1.0,4.0,4.0,4.0,2.0,2.0,3.0,3.0,1.0,2.0,1.0,3.0,4.0,2.0,3.0,2.0,2.0,3.0,4.0,2.0,1.0,1.0,1.0,4.0,5.0,1.0,4.0,2.0,3.0,4.0,5.0,2.0,3.0
110,2.0,2.0,1.0,3.0,2.0,3.0,4.0,3.0,3.0,3.0,3.0,4.0,4.0,4.0,3.0,4.0,3.0,4.0,2.0,3.0,5.0,4.0,4.0,3.0,3.0,3.0,3.0,3.0,3.0,4.0,2.0,3.0,4.0,3.0,3.0,4.0,2.0,4.0,1.0,2.0,4.0,2.0,2.0,2.0,2.0,5.0,1.0,2.0,3.0,2.0,3.0,4.0,4.0,2.0,2.0,2.0,4.0,2.0,2.0,4.0,5.0,3.0,2.0,3.0,2.0,3.0,3.0,2.0,2.0,3.0,3.0,3.0,2.0,5.0,3.0,5.0,4.0,3.0,5.0,4.0,5.0,3.0,3.0,4.0,1.0,2.0,1.0,1.0,2.0,1.0,1.0,1.0,4.0,5.0,4.0,1.0,3.0,3.0,2.0,4.0,4.0,2.0
111,3.0,2.0,3.0,3.0,3.0,2.0,3.0,1.0,3.0,3.0,3.0,3.0,3.0,3.0,2.0,3.0,3.0,3.0,1.0,3.0,3.0,3.0,3.0,3.0,3.0,3.0,3.0,5.0,3.0,3.0,3.0,1.0,3.0,3.0,3.0,4.0,2.0,3.0,2.0,2.0,3.0,2.0,1.0,2.0,3.0,3.0,4.0,3.0,3.0,4.0,3.0,5.0,3.0,3.0,1.0,1.0,2.0,1.0,3.0,3.0,3.0,2.0,4.0,3.0,2.0,1.0,2.0,1.0,1.0,1.0,2.0,1.0,1.0,1.0,1.0,3.0,2.0,2.0,2.0,2.0,2.0,2.0,3.0,2.0,2.0,1.0,3.0,1.0,2.0,3.0,4.0,2.0,3.0,3.0,2.0,3.0,4.0,2.0,3.0,5.0,1.0,3.0
112,2.0,2.0,3.0,2.0,4.0,2.0,4.0,3.0,3.0,3.0,5.0,3.0,3.0,5.0,3.0,5.0,4.0,1.0,2.0,3.0,3.0,2.0,5.0,5.0,1.0,1.0,3.0,1.0,2.0,5.0,5.0,4.0,3.0,5.0,2.0,2.0,3.0,5.0,2.0,1.0,3.0,2.0,2.0,4.0,2.0,5.0,1.0,1.0,3.0,5.0,2.0,4.0,3.0,1.0,2.0,2.0,5.0,2.0,1.0,1.0,2.0,1.0,1.0,1.0,4.0,1.0,1.0,1.0,4.0,5.0,5.0,5.0,3.0,2.0,2.0,5.0,3.0,2.0,4.0,2.0,2.0,2.0,4.0,3.0,3.0,1.0,4.0,4.0,5.0,3.0,4.0,2.0,2.0,3.0,2.0,1.0,4.0,4.0,2.0,3.0,4.0,4.0
113,3.0,2.0,5.0,1.0,4.0,3.0,4.0,3.0,4.0,3.0,5.0,4.0,3.0,4.0,3.0,4.0,3.0,5.0,2.0,4.0,3.0,2.0,5.0,4.0,3.0,2.0,3.0,3.0,3.0,2.0,4.0,4.0,2.0,4.0,5.0,4.0,3.0,4.0,2.0,2.0,4.0,1.0,3.0,2.0,3.0,2.0,4.0,4.0,2.0,3.0,3.0,5.0,3.0,3.0,5.0,2.0,4.0,2.0,2.0,4.0,2.0,1.0,1.0,2.0,2.0,4.0,5.0,4.0,4.0,4.0,4.0,4.0,3.0,3.0,4.0,4.0,4.0,2.0,5.0,5.0,5.0,3.0,4.0,4.0,1.0,2.0,3.0,5.0,4.0,4.0,5.0,2.0,5.0,1.0,2.0,3.0,4.0,3.0,3.0,5.0,2.0,5.0
114,1.0,2.0,1.0,1.0,5.0,4.0,5.0,2.0,4.0,2.0,1.0,4.0,1.0,1.0,3.0,4.0,3.0,5.0,3.0,3.0,5.0,5.0,3.0,4.0,3.0,4.0,4.0,2.0,4.0,1.0,3.0,4.0,1.0,2.0,4.0,5.0,2.0,4.0,1.0,2.0,2.0,1.0,2.0,1.0,2.0,2.0,4.0,2.0,3.0,5.0,5.0,5.0,3.0,3.0,2.0,4.0,4.0,3.0,5.0,5.0,3.0,3.0,2.0,1.0,4.0,3.0,3.0,3.0,1.0,1.0,2.0,3.0,1.0,2.0,2.0,3.0,2.0,2.0,1.0,1.0,3.0,3.0,3.0,1.0,1.0,1.0,1.0,2.0,4.0,1.0,1.0,2.0,4.0,2.0,3.0,3.0,4.0,3.0,2.0,3.0,1.0,1.0
115,3.0,1.0,1.0,4.0,3.0,2.0,4.0,2.0,4.0,2.0,3.0,4.0,2.0,2.0,4.0,5.0,3.0,4.0,2.0,4.0,4.0,4.0,4.0,4.0,3.0,5.0,3.0,2.0,3.0,3.0,3.0,4.0,2.0,2.0,5.0,3.0,2.0,2.0,4.0,2.0,3.0,3.0,1.0,3.0,5.0,4.0,3.0,1.0,3.0,5.0,4.0,4.0,3.0,5.0,3.0,3.0,2.0,1.0,3.0,5.0,2.0,1.0,3.0,3.0,3.0,4.0,1.0,2.0,2.0,3.0,5.0,2.0,2.0,2.0,2.0,4.0,4.0,1.0,1.0,2.0,2.0,4.0,3.0,1.0,1.0,1.0,1.0,2.0,4.0,2.0,2.0,1.0,3.0,4.0,2.0,3.0,2.0,2.0,2.0,4.0,1.0,5.0
116,4.0,1.0,4.0,1.0,3.0,4.0,2.0,4.0,3.0,4.0,4.0,2.0,3.0,4.0,2.0,4.0,4.0,3.0,2.0,3.0,4.0,4.0,4.0,4.0,2.0,4.0,3.0,2.0,3.0,3.0,4.0,5.0,1.0,2.0,3.0,4.0,1.0,5.0,2.0,2.0,4.0,2.0,2.0,2.0,2.0,2.0,3.0,3.0,4.0,4.0,2.0,5.0,4.0,3.0,4.0,3.0,4.0,4.0,2.0,4.0,2.0,3.0,2.0,2.0,3.0,3.0,4.0,5.0,2.0,2.0,2.0,5.0,2.0,2.0,3.0,3.0,2.0,1.0,4.0,4.0,5.0,3.0,4.0,5.0,3.0,3.0,4.0,2.0,5.0,4.0,3.0,3.0,3.0,5.0,3.0,2.0,2.0,5.0,5.0,5.0,5.0,4.0
117,4.0,1.0,5.0,1.0,4.0,5.0,5.0,4.0,4.0,5.0,4.0,2.0,3.0,5.0,2.0,5.0,4.0,1.0,2.0,4.0,4.0,1.0,5.0,4.0,4.0,2.0,5.0,2.0,4.0,5.0,4.0,4.0,2.0,5.0,5.0,1.0,2.0,5.0,3.0,2.0,4.0,2.0,2.0,1.0,4.0,1.0,2.0,2.0,1.0,4.0,1.0,5.0,4.0,2.0,4.0,1.0,5.0,5.0,4.0,4.0,3.0,4.0,2.0,4.0,3.0,3.0,4.0,2.0,1.0,5.0,5.0,5.0,3.0,4.0,4.0,3.0,4.0,2.0,4.0,2.0,5.0,3.0,4.0,2.0,3.0,1.0,5.0,5.0,5.0,3.0,5.0,2.0,4.0,2.0,3.0,2.0,3.0,4.0,5.0,5.0,2.0,5.0
118,4.0,1.0,5.0,1.0,4.0,3.0,3.0,3.0,3.0,2.0,4.0,4.0,3.0,4.0,3.0,4.0,4.0,3.0,2.0,5.0,3.0,4.0,2.0,3.0,3.0,3.0,4.0,4.0,3.0,3.0,3.0,2.0,2.0,3.0,5.0,2.0,2.0,3.0,3.0,2.0,4.0,3.0,3.0,3.0,4.0,1.0,1.0,4.0,4.0,5.0,4.0,5.0,4.0,3.0,2.0,2.0,3.0,1.0,3.0,4.0,3.0,2.0,4.0,3.0,3.0,1.0,1.0,3.0,3.0,1.0,4.0,3.0,2.0,1.0,1.0,4.0,3.0,3.0,3.0,1.0,1.0,2.0,2.0,1.0,1.0,5.0,1.0,3.0,3.0,1.0,1.0,1.0,1.0,5.0,1.0,3.0,4.0,5.0,1.0,5.0,5.0,3.0
119,5.0,1.0,5.0,1.0,5.0,5.0,3.0,3.0,3.0,2.0,5.0,4.0,4.0,5.0,2.0,5.0,3.0,2.0,2.0,5.0,3.0,1.0,5.0,5.0,5.0,2.0,4.0,5.0,3.0,4.0,5.0,5.0,1.0,5.0,3.0,3.0,1.0,5.0,2.0,2.0,3.0,3.0,1.0,1.0,1.0,5.0,1.0,3.0,1.0,3.0,5.0,5.0,3.0,4.0,4.0,3.0,4.0,5.0,4.0,3.0,2.0,2.0,3.0,3.0,3.0,3.0,3.0,5.0,2.0,5.0,3.0,3.0,4.0,1.0,1.0,3.0,2.0,2.0,4.0,2.0,4.0,5.0,5.0,4.0,3.0,5.0,5.0,5.0,4.0,5.0,4.0,1.0,5.0,5.0,3.0,1.0,3.0,3.0,5.0,5.0,3.0,1.0
120,1.0,3.0,3.0,5.0,5.0,1.0,5.0,1.0,4.0,1.0,2.0,2.0,5.0,1.0,4.0,3.0,2.0,5.0,3.0,3.0,1.0,5.0,5.0,2.0,4.0,3.0,3.0,5.0,2.0,5.0,4.0,5.0,1.0,1.0,4.0,3.0,4.0,3.0,3.0,3.0,3.0,1.0,1.0,3.0,1.0,2.0,1.0,1.0,1.0,3.0,3.0,5.0,4.0,4.0,3.0,3.0,3.0,4.0,4.0,5.0,5.0,3.0,1.0,2.0,3.0,3.0,4.0,2.0,1.0,2.0,3.0,4.0,3.0,4.0,1.0,5.0,4.0,2.0,1.0,1.0,1.0,2.0,4.0,1.0,1.0,3.0,4.0,4.0,5.0,1.0,2.0,1.0,5.0,1.0,3.0,3.0,5.0,2.0,4.0,5.0,3.0,1.0
121,5.0,2.0,5.0,3.0,4.0,1.0,5.0,2.0,3.0,2.0,4.0,3.0,1.0,3.0,3.0,4.0,3.0,5.0,3.0,5.0,3.0,1.0,3.0,3.0,4.0,3.0,3.0,5.0,3.0,4.0,4.0,1.0,3.0,4.0,5.0,4.0,1.0,5.0,2.0,3.0,3.0,3.0,4.0,5.0,1.0,1.0,1.0,3.0,2.0,4.0,5.0,5.0,3.0,5.0,5.0,1.0,5.0,4.0,5.0,3.0,2.0,2.0,3.0,3.0,4.0,4.0,2.0,5.0,3.0,3.0,3.0,4.0,1.0,1.0,1.0,5.0,2.0,1.0,4.0,4.0,2.0,1.0,3.0,4.0,3.0,2.0,3.0,3.0,4.0,3.0,5.0,3.0,3.0,1.0,1.0,4.0,5.0,3.0,3.0,5.0,2.0,4.0
122,1.0,2.0,5.0,3.0,3.0,3.0,2.0,2.0,3.0,4.0,3.0,3.0,4.0,4.0,2.0,5.0,3.0,3.0,1.0,5.0,3.0,4.0,5.0,4.0,3.0,2.0,3.0,4.0,2.0,4.0,3.0,1.0,1.0,3.0,2.0,4.0,2.0,4.0,2.0,2.0,4.0,1.0,1.0,1.0,1.0,1.0,1.0,1.0,1.0,1.0,2.0,5.0,3.0,5.0,4.0,3.0,4.0,5.0,5.0,4.0,4.0,3.0,4.0,4.0,4.0,4.0,4.0,4.0,4.0,3.0,3.0,5.0,3.0,5.0,5.0,5.0,5.0,3.0,3.0,3.0,3.0,1.0,4.0,2.0,1.0,2.0,1.0,1.0,3.0,3.0,1.0,1.0,3.0,3.0,1.0,1.0,2.0,5.0,1.0,3.0,1.0,4.0
123,3.0,2.0,1.0,3.0,5.0,3.0,4.0,3.0,3.0,3.0,3.0,3.0,4.0,3.0,3.0,2.0,3.0,2.0,1.0,5.0,3.0,3.0,3.0,4.0,4.0,3.0,4.0,2.0,5.0,5.0,3.0,5.0,2.0,4.0,4.0,2.0,2.0,4.0,2.0,3.0,3.0,2.0,2.0,2.0,2.0,2.0,5.0,3.0,3.0,3.0,2.0,5.0,3.0,2.0,3.0,4.0,3.0,4.0,2.0,5.0,3.0,3.0,1.0,2.0,4.0,4.0,4.0,3.0,1.0,2.0,4.0,2.0,4.0,1.0,1.0,5.0,4.0,2.0,1.0,1.0,5.0,4.0,4.0,1.0,2.0,2.0,4.0,1.0,4.0,1.0,2.0,4.0,3.0,2.0,1.0,1.0,2.0,4.0,4.0,5.0,4.0,3.0
124,5.0,2.0,1.0,1.0,3.0,4.0,3.0,1.0,3.0,5.0,3.0,4.0,3.0,2.0,2.0,2.0,4.0,4.0,1.0,3.0,3.0,4.0,4.0,4.0,2.0,4.0,2.0,3.0,3.0,4.0,4.0,1.0,1.0,4.0,3.0,4.0,2.0,2.0,1.0,2.0,4.0,5.0,1.0,1.0,2.0,4.0,4.0,4.0,2.0,3.0,1.0,4.0,5.0,2.0,2.0,4.0,2.0,5.0,4.0,5.0,4.0,2.0,4.0,2.0,2.0,3.0,1.0,5.0,1.0,1.0,4.0,2.0,2.0,5.0,2.0,4.0,4.0,5.0,2.0,2.0,5.0,4.0,4.0,3.0,3.0,4.0,1.0,1.0,4.0,4.0,1.0,1.0,5.0,4.0,4.0,4.0,5.0,3.0,3.0,3.0,1.0,5.0
125,4.0,2.0,5.0,2.0,5.0,2.0,4.0,3.0,3.0,3.0,4.0,3.0,2.0,4.0,3.0,5.0,3.0,3.0,2.0,5.0,4.0,4.0,2.0,3.0,4.0,4.0,4.0,3.0,3.0,2.0,4.0,2.0,1.0,5.0,5.0,1.0,1.0,3.0,2.0,2.0,3.0,4.0,3.0,3.0,3.0,5.0,5.0,5.0,2.0,5.0,2.0,5.0,3.0,3.0,2.0,1.0,3.0,3.0,4.0,4.0,4.0,4.0,4.0,2.0,1.0,3.0,3.0,3.0,3.0,2.0,4.0,2.0,2.0,1.0,1.0,4.0,4.0,2.0,5.0,5.0,2.0,4.0,2.0,5.0,3.0,2.0,2.0,3.0,3.0,1.0,1.0,1.0,3.0,1.0,2.0,3.0,4.0,2.0,2.0,5.0,2.0,5.0
126,1.0,3.0,4.0,5.0,3.0,5.0,3.0,3.0,3.0,5.0,4.0,2.0,1.0,3.0,2.0,4.0,3.0,4.0,3.0,5.0,2.0,1.0,4.0,4.0,3.0,4.0,4.0,1.0,4.0,5.0,4.0,3.0,4.0,3.0,5.0,3.0,1.0,5.0,3.0,2.0,1.0,1.0,2.0,3.0,3.0,3.0,1.0,2.0,2.0,4.0,2.0,5.0,3.0,3.0,5.0,2.0,3.0,3.0,5.0,2.0,1.0,1.0,1.0,1.0,1.0,1.0,4.0,3.0,1.0,1.0,5.0,5.0,2.0,3.0,4.0,5.0,2.0,4.0,3.0,3.0,2.0,4.0,4.0,4.0,3.0,1.0,3.0,5.0,4.0,5.0,2.0,1.0,1.0,1.0,1.0,2.0,2.0,4.0,3.0,3.0,4.0,2.0
127,5.0,1.0,5.0,3.0,3.0,3.0,4.0,5.0,3.0,3.0,4.0,3.0,5.0,4.0,2.0,5.0,4.0,3.0,3.0,4.0,3.0,2.0,5.0,4.0,5.0,4.0,3.0,3.0,3.0,5.0,3.0,2.0,2.0,5.0,5.0,3.0,2.0,5.0,4.0,3.0,3.0,1.0,2.0,2.0,2.0,1.0,1.0,2.0,3.0,2.0,4.0,5.0,3.0,3.0,2.0,2.0,2.0,2.0,3.0,5.0,5.0,3.0,4.0,3.0,4.0,4.0,5.0,4.0,2.0,2.0,2.0,2.0,2.0,1.0,1.0,3.0,3.0,1.0,1.0,1.0,3.0,3.0,5.0,1.0,1.0,5.0,3.0,2.0,4.0,3.0,1.0,1.0,1.0,3.0,1.0,4.0,5.0,2.0,3.0,5.0,5.0,3.0
128,3.0,2.0,5.0,4.0,4.0,3.0,4.0,5.0,3.0,3.0,4.0,3.0,3.0,3.0,3.0,3.0,3.0,3.0,2.0,3.0,3.0,4.0,5.0,3.0,4.0,3.0,3.0,1.0,3.0,5.0,4.0,5.0,2.0,3.0,5.0,3.0,2.0,2.0,2.0,2.0,4.0,2.0,1.0,2.0,2.0,2.0,5.0,4.0,1.0,3.0,2.0,5.0,3.0,3.0,1.0,1.0,3.0,1.0,3.0,2.0,1.0,1.0,4.0,3.0,5.0,3.0,4.0,3.0,3.0,2.0,3.0,5.0,2.0,1.0,1.0,4.0,4.0,2.0,3.0,1.0,4.0,3.0,3.0,5.0,2.0,1.0,4.0,5.0,2.0,3.0,3.0,4.0,1.0,3.0,1.0,1.0,5.0,3.0,1.0,3.0,1.0,1.0
129,2.0,2.0,4.0,2.0,4.0,5.0,4.0,4.0,3.0,4.0,4.0,4.0,2.0,5.0,3.0,5.0,3.0,2.0,2.0,5.0,4.0,3.0,5.0,5.0,3.0,1.0,5.0,1.0,3.0,4.0,3.0,5.0,3.0,4.0,4.0,3.0,2.0,4.0,2.0,2.0,4.0,1.0,1.0,1.0,1.0,1.0,2.0,1.0,2.0,5.0,1.0,5.0,3.0,3.0,2.0,2.0,5.0,5.0,4.0,5.0,3.0,3.0,2.0,5.0,5.0,5.0,4.0,5.0,1.0,5.0,3.0,2.0,3.0,4.0,4.0,5.0,5.0,3.0,2.0,2.0,2.0,4.0,5.0,3.0,2.0,5.0,5.0,4.0,5.0,3.0,5.0,2.0,5.0,5.0,3.0,1.0,3.0,5.0,5.0,5.0,5.0,2.0
130,3.0,2.0,1.0,1.0,2.0,3.0,3.0,3.0,4.0,4.0,5.0,3.0,5.0,5.0,2.0,2.0,4.0,2.0,3.0,3.0,2.0,3.0,4.0,3.0,4.0,3.0,4.0,2.0,3.0,4.0,4.0,2.0,3.0,2.0,4.0,2.0,1.0,3.0,2.0,3.0,1.0,1.0,1.0,1.0,2.0,4.0,1.0,1.0,1.0,1.0,2.0,5.0,3.0,3.0,2.0,4.0,3.0,5.0,3.0,3.0,1.0,2.0,5.0,5.0,2.0,2.0,2.0,2.0,3.0,2.0,3.0,2.0,2.0,3.0,3.0,5.0,5.0,3.0,3.0,2.0,1.0,4.0,3.0,2.0,3.0,5.0,3.0,1.0,4.0,2.0,1.0,1.0,5.0,5.0,1.0,2.0,3.0,5.0,5.0,5.0,5.0,4.0
131,1.0,3.0,1.0,1.0,2.0,1.0,2.0,1.0,3.0,1.0,3.0,1.0,3.0,3.0,3.0,2.0,3.0,2.0,3.0,1.0,2.0,3.0,4.0,2.0,3.0,1.0,2.0,2.0,3.0,2.0,4.0,3.0,1.0,3.0,3.0,2.0,3.0,2.0,2.0,2.0,1.0,5.0,3.0,1.0,5.0,3.0,5.0,3.0,1.0,3.0,3.0,5.0,5.0,2.0,1.0,1.0,1.0,1.0,1.0,5.0,5.0,4.0,5.0,2.0,1.0,4.0,2.0,1.0,2.0,1.0,4.0,1.0,2.0,1.0,1.0,5.0,5.0,2.0,1.0,1.0,2.0,2.0,4.0,1.0,1.0,2.0,1.0,1.0,3.0,1.0,1.0,1.0,2.0,1.0,1.0,2.0,1.0,3.0,1.0,3.0,1.0,5.0
132,3.0,2.0,1.0,3.0,3.0,3.0,3.0,4.0,3.0,4.0,5.0,3.0,1.0,5.0,3.0,5.0,4.0,2.0,1.0,4.0,3.0,1.0,4.0,4.0,4.0,4.0,4.0,2.0,3.0,5.0,4.0,4.0,1.0,4.0,4.0,3.0,1.0,4.0,2.0,2.0,3.0,1.0,1.0,2.0,2.0,1.0,1.0,1.0,1.0,4.0,1.0,5.0,4.0,4.0,1.0,2.0,3.0,3.0,5.0,4.0,2.0,3.0,4.0,4.0,3.0,4.0,3.0,5.0,3.0,3.0,3.0,2.0,1.0,1.0,2.0,5.0,5.0,4.0,1.0,2.0,2.0,3.0,4.0,1.0,4.0,5.0,3.0,2.0,3.0,5.0,1.0,1.0,4.0,5.0,1.0,2.0,3.0,5.0,2.0,5.0,4.0,2.0
133,4.0,2.0,4.0,4.0,4.0,2.0,3.0,3.0,2.0,5.0,3.0,4.0,2.0,2.0,3.0,3.0,4.0,3.0,2.0,2.0,2.0,3.0,2.0,3.0,3.0,3.0,4.0,4.0,2.0,4.0,2.0,2.0,2.0,3.0,4.0,4.0,3.0,3.0,2.0,2.0,3.0,3.0,1.0,2.0,1.0,3.0,3.0,1.0,1.0,1.0,2.0,5.0,5.0,4.0,1.0,1.0,3.0,2.0,4.0,4.0,2.0,1.0,1.0,2.0,1.0,1.0,1.0,3.0,5.0,3.0,1.0,1.0,1.0,2.0,2.0,4.0,4.0,2.0,5.0,5.0,1.0,2.0,2.0,5.0,1.0,5.0,1.0,2.0,2.0,2.0,1.0,1.0,3.0,3.0,2.0,2.0,4.0,3.0,2.0,4.0,4.0,5.0
134,3.0,2.0,2.0,5.0,3.0,3.0,3.0,2.0,3.0,3.0,5.0,3.0,1.0,5.0,3.0,4.0,3.0,2.0,3.0,1.0,2.0,1.0,5.0,5.0,5.0,3.0,4.0,2.0,5.0,5.0,5.0,5.0,1.0,5.0,3.0,1.0,1.0,5.0,4.0,2.0,2.0,1.0,1.0,1.0,4.0,5.0,4.0,2.0,5.0,5.0,1.0,5.0,5.0,2.0,2.0,2.0,1.0,1.0,2.0,5.0,1.0,5.0,3.0,5.0,2.0,5.0,5.0,1.0,1.0,1.0,5.0,4.0,5.0,1.0,1.0,4.0,1.0,2.0,3.0,1.0,5.0,5.0,5.0,3.0,4.0,1.0,1.0,2.0,2.0,3.0,1.0,3.0,5.0,5.0,1.0,3.0,5.0,5.0,3.0,5.0,5.0,2.0
135,5.0,3.0,5.0,4.0,4.0,2.0,3.0,1.0,3.0,3.0,3.0,3.0,3.0,2.0,3.0,4.0,3.0,4.0,3.0,4.0,5.0,4.0,4.0,5.0,2.0,4.0,4.0,1.0,3.0,3.0,2.0,1.0,1.0,5.0,4.0,4.0,2.0,5.0,4.0,2.0,3.0,3.0,3.0,4.0,2.0,5.0,3.0,1.0,1.0,3.0,2.0,5.0,3.0,2.0,1.0,1.0,5.0,3.0,4.0,4.0,4.0,3.0,5.0,5.0,2.0,2.0,4.0,1.0,4.0,1.0,2.0,5.0,3.0,1.0,1.0,5.0,1.0,2.0,4.0,2.0,5.0,3.0,2.0,2.0,2.0,3.0,3.0,1.0,2.0,3.0,1.0,1.0,5.0,3.0,2.0,5.0,3.0,2.0,4.0,5.0,2.0,5.0
136,4.0,2.0,2.0,3.0,4.0,5.0,5.0,3.0,4.0,4.0,4.0,4.0,2.0,3.0,3.0,5.0,3.0,4.0,3.0,3.0,4.0,4.0,4.0,4.0,4.0,4.0,3.0,4.0,3.0,2.0,4.0,4.0,1.0,4.0,3.0,4.0,3.0,4.0,2.0,2.0,4.0,1.0,5.0,4.0,1.0,3.0,3.0,2.0,1.0,3.0,3.0,5.0,3.0,3.0,3.0,2.0,3.0,3.0,4.0,4.0,1.0,1.0,2.0,2.0,4.0,3.0,1.0,4.0,1.0,2.0,3.0,3.0,1.0,4.0,3.0,4.0,4.0,4.0,3.0,1.0,5.0,5.0,5.0,2.0,1.0,3.0,3.0,1.0,4.0,3.0,2.0,1.0,2.0,4.0,3.0,3.0,4.0,3.0,3.0,5.0,4.0,4.0
137,1.0,2.0,1.0,5.0,3.0,3.0,2.0,1.0,4.0,2.0,5.0,3.0,5.0,4.0,2.0,4.0,4.0,3.0,1.0,2.0,1.0,3.0,4.0,4.0,3.0,3.0,4.0,1.0,3.0,4.0,3.0,4.0,1.0,2.0,5.0,1.0,2.0,4.0,4.0,2.0,4.0,1.0,3.0,3.0,1.0,5.0,5.0,3.0,5.0,5.0,3.0,5.0,3.0,3.0,4.0,2.0,1.0,2.0,5.0,2.0,1.0,1.0,3.0,2.0,1.0,2.0,1.0,5.0,1.0,1.0,3.0,2.0,2.0,1.0,1.0,5.0,2.0,3.0,1.0,1.0,2.0,2.0,2.0,1.0,3.0,3.0,1.0,1.0,2.0,3.0,2.0,1.0,1.0,5.0,1.0,5.0,5.0,1.0,1.0,5.0,3.0,1.0
138,1.0,2.0,1.0,3.0,4.0,3.0,4.0,2.0,2.0,3.0,1.0,3.0,3.0,2.0,4.0,3.0,2.0,3.0,2.0,1.0,2.0,4.0,3.0,4.0,2.0,2.0,2.0,4.0,2.0,3.0,1.0,1.0,2.0,1.0,5.0,5.0,5.0,2.0,3.0,3.0,4.0,3.0,5.0,1.0,3.0,2.0,5.0,2.0,4.0,5.0,3.0,5.0,4.0,2.0,2.0,2.0,3.0,4.0,2.0,5.0,1.0,2.0,1.0,1.0,4.0,5.0,5.0,1.0,1.0,2.0,3.0,3.0,1.0,1.0,1.0,3.0,1.0,1.0,1.0,1.0,5.0,3.0,2.0,1.0,1.0,1.0,5.0,3.0,1.0,2.0,1.0,5.0,2.0,2.0,1.0,1.0,3.0,2.0,5.0,3.0,1.0,2.0
139,3.0,2.0,4.0,3.0,5.0,1.0,5.0,1.0,3.0,3.0,3.0,3.0,3.0,3.0,4.0,3.0,3.0,3.0,1.0,3.0,3.0,4.0,5.0,3.0,3.0,3.0,3.0,5.0,3.0,3.0,3.0,1.0,1.0,3.0,3.0,3.0,1.0,5.0,2.0,2.0,3.0,3.0,1.0,1.0,3.0,3.0,3.0,3.0,1.0,2.0,3.0,5.0,3.0,2.0,4.0,4.0,1.0,1.0,1.0,5.0,3.0,3.0,1.0,1.0,3.0,5.0,5.0,1.0,1.0,1.0,4.0,4.0,1.0,1.0,1.0,4.0,3.0,1.0,3.0,2.0,1.0,4.0,5.0,3.0,4.0,1.0,3.0,1.0,5.0,1.0,5.0,3.0,3.0,3.0,1.0,3.0,3.0,3.0,2.0,4.0,2.0,4.0
140,3.0,1.0,2.0,2.0,5.0,3.0,3.0,2.0,3.0,3.0,4.0,3.0,2.0,3.0,3.0,5.0,3.0,2.0,1.0,3.0,4.0,3.0,4.0,4.0,3.0,3.0,4.0,3.0,2.0,4.0,5.0,4.0,1.0,4.0,5.0,2.0,1.0,3.0,2.0,2.0,3.0,2.0,2.0,2.0,3.0,2.0,1.0,1.0,1.0,2.0,2.0,5.0,3.0,2.0,3.0,1.0,4.0,3.0,2.0,5.0,3.0,2.0,2.0,4.0,3.0,3.0,4.0,4.0,1.0,2.0,2.0,4.0,1.0,1.0,2.0,1.0,1.0,1.0,5.0,5.0,4.0,3.0,3.0,5.0,1.0,2.0,2.0,1.0,5.0,3.0,3.0,1.0,5.0,2.0,2.0,1.0,2.0,3.0,3.0,5.0,3.0,5.0
141,5.0,2.0,5.0,1.0,1.0,1.0,1.0,1.0,4.0,1.0,4.0,1.0,5.0,5.0,4.0,5.0,5.0,5.0,3.0,5.0,2.0,1.0,3.0,5.0,3.0,5.0,5.0,4.0,3.0,1.0,5.0,1.0,1.0,3.0,5.0,2.0,2.0,1.0,2.0,3.0,4.0,3.0,1.0,1.0,4.0,3.0,1.0,1.0,1.0,1.0,2.0,5.0,3.0,5.0,1.0,2.0,3.0,2.0,3.0,3.0,1.0,1.0,5.0,2.0,2.0,1.0,2.0,1.0,5.0,3.0,3.0,3.0,4.0,4.0,5.0,3.0,3.0,5.0,1.0,1.0,1.0,1.0,1.0,1.0,4.0,5.0,1.0,3.0,5.0,2.0,1.0,1.0,1.0,5.0,4.0,4.0,1.0,5.0,2.0,5.0,5.0,5.0
142,5.0,2.0,3.0,3.0,5.0,3.0,2.0,4.0,4.0,3.0,5.0,4.0,3.0,4.0,3.0,5.0,3.0,2.0,1.0,5.0,2.0,3.0,4.0,4.0,3.0,3.0,4.0,5.0,4.0,5.0,4.0,2.0,1.0,5.0,5.0,3.0,2.0,5.0,1.0,1.0,4.0,1.0,1.0,1.0,1.0,3.0,1.0,1.0,2.0,1.0,2.0,5.0,5.0,5.0,4.0,3.0,4.0,2.0,2.0,2.0,1.0,1.0,2.0,2.0,3.0,3.0,2.0,3.0,5.0,4.0,5.0,5.0,3.0,3.0,3.0,5.0,3.0,1.0,4.0,3.0,3.0,4.0,3.0,5.0,1.0,2.0,2.0,2.0,5.0,3.0,1.0,2.0,1.0,5.0,2.0,1.0,2.0,3.0,3.0,3.0,5.0,5.0
143,4.0,2.0,5.0,2.0,1.0,3.0,2.0,4.0,3.0,3.0,4.0,3.0,3.0,5.0,3.0,4.0,4.0,3.0,2.0,4.0,4.0,3.0,3.0,5.0,4.0,3.0,4.0,1.0,3.0,4.0,4.0,5.0,1.0,5.0,4.0,2.0,1.0,4.0,2.0,2.0,4.0,1.0,2.0,2.0,2.0,5.0,3.0,3.0,3.0,3.0,3.0,5.0,4.0,3.0,1.0,1.0,3.0,3.0,5.0,5.0,1.0,1.0,3.0,1.0,2.0,1.0,1.0,1.0,1.0,4.0,2.0,3.0,2.0,2.0,1.0,4.0,2.0,2.0,5.0,4.0,5.0,2.0,5.0,5.0,1.0,1.0,4.0,4.0,2.0,3.0,1.0,2.0,4.0,2.0,1.0,2.0,4.0,3.0,3.0,5.0,1.0,5.0
144,2.0,2.0,4.0,2.0,2.0,5.0,4.0,4.0,2.0,5.0,4.0,3.0,3.0,5.0,3.0,3.0,4.0,4.0,3.0,3.0,3.0,4.0,5.0,4.0,2.0,4.0,5.0,2.0,5.0,2.0,3.0,5.0,1.0,3.0,4.0,2.0,1.0,4.0,1.0,2.0,3.0,2.0,1.0,2.0,3.0,4.0,3.0,3.0,4.0,3.0,2.0,5.0,3.0,4.0,2.0,2.0,4.0,4.0,5.0,5.0,1.0,1.0,3.0,2.0,4.0,4.0,1.0,4.0,2.0,3.0,5.0,3.0,5.0,3.0,2.0,5.0,3.0,5.0,3.0,2.0,3.0,5.0,5.0,3.0,5.0,4.0,3.0,2.0,2.0,2.0,1.0,2.0,1.0,3.0,1.0,3.0,3.0,3.0,3.0,5.0,2.0,4.0
145,2.0,2.0,3.0,4.0,4.0,5.0,5.0,1.0,3.0,5.0,2.0,2.0,3.0,1.0,3.0,2.0,3.0,3.0,3.0,3.0,3.0,2.0,5.0,4.0,3.0,3.0,3.0,2.0,5.0,4.0,4.0,2.0,3.0,2.0,3.0,2.0,2.0,5.0,2.0,2.0,4.0,3.0,4.0,3.0,4.0,5.0,4.0,3.0,4.0,5.0,2.0,3.0,3.0,4.0,2.0,2.0,2.0,1.0,4.0,2.0,1.0,1.0,3.0,2.0,3.0,3.0,3.0,3.0,2.0,1.0,4.0,5.0,4.0,3.0,2.0,3.0,3.0,4.0,2.0,2.0,4.0,2.0,5.0,3.0,5.0,1.0,5.0,2.0,3.0,4.0,1.0,1.0,3.0,4.0,1.0,5.0,4.0,3.0,5.0,4.0,1.0,1.0
146,4.0,2.0,5.0,2.0,5.0,5.0,5.0,2.0,3.0,4.0,4.0,4.0,3.0,2.0,2.0,4.0,4.0,5.0,1.0,5.0,2.0,3.0,3.0,5.0,5.0,3.0,3.0,4.0,2.0,5.0,3.0,5.0,2.0,5.0,3.0,3.0,2.0,4.0,2.0,2.0,4.0,2.0,2.0,1.0,2.0,1.0,2.0,2.0,3.0,3.0,1.0,5.0,3.0,2.0,2.0,1.0,2.0,4.0,2.0,5.0,2.0,2.0,1.0,4.0,5.0,4.0,5.0,2.0,1.0,2.0,2.0,4.0,2.0,4.0,3.0,4.0,2.0,4.0,3.0,2.0,3.0,3.0,4.0,4.0,3.0,2.0,4.0,2.0,4.0,1.0,1.0,1.0,3.0,3.0,2.0,3.0,4.0,2.0,3.0,5.0,4.0,1.0
147,1.0,3.0,4.0,5.0,1.0,1.0,5.0,1.0,3.0,1.0,1.0,2.0,4.0,4.0,4.0,5.0,3.0,5.0,1.0,1.0,1.0,4.0,5.0,4.0,2.0,3.0,1.0,1.0,1.0,5.0,4.0,1.0,1.0,1.0,1.0,5.0,3.0,4.0,4.0,3.0,1.0,2.0,1.0,1.0,5.0,1.0,1.0,1.0,1.0,3.0,5.0,5.0,5.0,1.0,1.0,1.0,1.0,3.0,1.0,4.0,4.0,5.0,1.0,4.0,1.0,2.0,1.0,1.0,1.0,1.0,4.0,5.0,1.0,1.0,1.0,1.0,2.0,1.0,3.0,1.0,4.0,3.0,4.0,5.0,1.0,2.0,1.0,5.0,5.0,1.0,1.0,3.0,2.0,4.0,1.0,1.0,1.0,1.0,1.0,3.0,5.0,5.0
148,2.0,2.0,3.0,1.0,5.0,2.0,3.0,3.0,3.0,3.0,4.0,3.0,3.0,3.0,3.0,4.0,4.0,3.0,3.0,5.0,3.0,4.0,5.0,4.0,3.0,3.0,3.0,2.0,2.0,3.0,3.0,5.0,1.0,4.0,5.0,4.0,4.0,5.0,2.0,2.0,5.0,1.0,2.0,2.0,3.0,2.0,2.0,1.0,4.0,2.0,2.0,5.0,4.0,3.0,2.0,4.0,2.0,2.0,2.0,3.0,4.0,4.0,2.0,5.0,4.0,5.0,5.0,2.0,4.0,2.0,3.0,5.0,4.0,4.0,4.0,4.0,1.0,2.0,4.0,3.0,3.0,3.0,4.0,4.0,1.0,2.0,4.0,2.0,5.0,3.0,1.0,2.0,3.0,4.0,1.0,1.0,2.0,3.0,3.0,5.0,5.0,1.0
149,2.0,3.0,2.0,5.0,4.0,1.0,4.0,1.0,3.0,2.0,5.0,2.0,5.0,4.0,2.0,3.0,4.0,2.0,3.0,3.0,2.0,2.0,5.0,4.0,5.0,4.0,3.0,5.0,3.0,4.0,5.0,5.0,1.0,3.0,3.0,4.0,5.0,2.0,3.0,3.0,2.0,1.0,1.0,1.0,1.0,3.0,3.0,1.0,2.0,2.0,4.0,5.0,3.0,2.0,1.0,1.0,5.0,2.0,4.0,4.0,1.0,3.0,4.0,1.0,1.0,3.0,3.0,2.0,2.0,1.0,4.0,3.0,3.0,1.0,1.0,4.0,2.0,1.0,1.0,1.0,5.0,5.0,5.0,1.0,1.0,4.0,3.0,1.0,2.0,1.0,1.0,4.0,3.0,3.0,1.0,1.0,1.0,4.0,3.0,5.0,4.0,2.0
150,1.0,2.0,2.0,3.0,3.0,5.0,4.0,1.0,3.0,3.0,4.0,3.0,4.0,3.0,3.0,4.0,3.0,3.0,1.0,5.0,4.0,4.0,5.0,4.0,4.0,3.0,4.0,2.0,4.0,5.0,5.0,5.0,1.0,5.0,5.0,3.0,2.0,5.0,4.0,2.0,4.0,1.0,1.0,1.0,2.0,3.0,1.0,1.0,3.0,4.0,4.0,5.0,3.0,1.0,2.0,1.0,3.0,1.0,2.0,5.0,5.0,5.0,5.0,5.0,3.0,5.0,5.0,3.0,4.0,4.0,4.0,4.0,4.0,1.0,1.0,5.0,4.0,1.0,2.0,1.0,3.0,3.0,4.0,1.0,2.0,2.0,5.0,1.0,5.0,2.0,2.0,1.0,4.0,3.0,2.0,1.0,3.0,4.0,5.0,5.0,5.0,5.0
151,2.0,2.0,5.0,3.0,3.0,2.0,3.0,1.0,4.0,1.0,3.0,4.0,3.0,3.0,4.0,2.0,3.0,2.0,2.0,4.0,4.0,3.0,3.0,5.0,3.0,4.0,5.0,3.0,3.0,5.0,3.0,1.0,2.0,4.0,5.0,3.0,4.0,4.0,3.0,2.0,3.0,5.0,2.0,1.0,3.0,3.0,3.0,3.0,5.0,3.0,5.0,5.0,3.0,3.0,2.0,2.0,2.0,1.0,5.0,2.0,1.0,2.0,5.0,2.0,2.0,2.0,2.0,4.0,3.0,1.0,4.0,3.0,4.0,1.0,1.0,5.0,5.0,3.0,2.0,2.0,2.0,4.0,5.0,1.0,2.0,5.0,2.0,5.0,5.0,5.0,3.0,1.0,3.0,5.0,1.0,2.0,5.0,5.0,2.0,5.0,1.0,5.0
152,3.0,3.0,1.0,2.0,3.0,4.0,1.0,3.0,4.0,1.0,5.0,3.0,3.0,5.0,2.0,5.0,4.0,2.0,2.0,3.0,2.0,3.0,4.0,4.0,4.0,3.0,5.0,1.0,3.0,5.0,3.0,1.0,1.0,5.0,3.0,1.0,2.0,4.0,1.0,2.0,4.0,1.0,1.0,1.0,4.0,3.0,3.0,1.0,1.0,3.0,3.0,1.0,2.0,1.0,1.0,1.0,1.0,1.0,1.0,1.0,1.0,1.0,1.0,1.0,1.0,1.0,1.0,1.0,1.0,1.0,2.0,1.0,1.0,4.0,1.0,5.0,4.0,5.0,1.0,1.0,1.0,4.0,3.0,1.0,1.0,4.0,1.0,1.0,5.0,1.0,1.0,1.0,5.0,5.0,3.0,2.0,1.0,2.0,1.0,3.0,5.0,4.0
153,3.0,2.0,1.0,4.0,3.0,2.0,4.0,1.0,2.0,3.0,4.0,3.0,4.0,3.0,2.0,5.0,3.0,3.0,1.0,5.0,3.0,2.0,3.0,4.0,2.0,3.0,4.0,4.0,2.0,2.0,4.0,1.0,1.0,3.0,5.0,4.0,2.0,4.0,1.0,1.0,3.0,1.0,1.0,2.0,4.0,4.0,3.0,2.0,5.0,3.0,4.0,4.0,3.0,4.0,2.0,3.0,2.0,1.0,3.0,4.0,2.0,4.0,4.0,3.0,3.0,3.0,2.0,5.0,3.0,2.0,3.0,2.0,1.0,2.0,2.0,4.0,5.0,3.0,3.0,1.0,1.0,2.0,3.0,1.0,1.0,3.0,2.0,1.0,5.0,3.0,2.0,1.0,5.0,3.0,2.0,3.0,2.0,5.0,3.0,4.0,2.0,5.0
154,2.0,3.0,2.0,4.0,3.0,5.0,5.0,3.0,2.0,3.0,4.0,4.0,3.0,3.0,3.0,5.0,3.0,5.0,2.0,3.0,3.0,3.0,5.0,4.0,3.0,2.0,4.0,4.0,3.0,2.0,4.0,3.0,2.0,4.0,5.0,4.0,4.0,5.0,3.0,3.0,4.0,4.0,2.0,4.0,4.0,5.0,5.0,4.0,3.0,2.0,4.0,5.0,2.0,3.0,2.0,2.0,2.0,1.0,3.0,4.0,3.0,1.0,5.0,2.0,4.0,3.0,4.0,4.0,3.0,1.0,4.0,5.0,2.0,1.0,1.0,4.0,3.0,2.0,2.0,1.0,4.0,2.0,3.0,1.0,2.0,3.0,4.0,1.0,2.0,2.0,4.0,2.0,5.0,3.0,1.0,2.0,4.0,2.0,3.0,5.0,3.0,5.0
155,2.0,2.0,1.0,5.0,3.0,5.0,5.0,3.0,4.0,5.0,4.0,3.0,2.0,4.0,3.0,5.0,3.0,3.0,1.0,5.0,5.0,3.0,5.0,4.0,4.0,3.0,3.0,4.0,2.0,1.0,2.0,5.0,1.0,4.0,3.0,4.0,2.0,3.0,3.0,3.0,4.0,1.0,1.0,2.0,5.0,2.0,1.0,1.0,3.0,4.0,3.0,5.0,3.0,4.0,2.0,3.0,4.0,1.0,2.0,4.0,4.0,5.0,4.0,4.0,5.0,5.0,2.0,5.0,3.0,2.0,2.0,3.0,3.0,1.0,4.0,4.0,3.0,1.0,5.0,5.0,2.0,4.0,4.0,5.0,1.0,4.0,3.0,1.0,4.0,3.0,5.0,1.0,5.0,1.0,1.0,1.0,2.0,4.0,2.0,5.0,1.0,5.0
156,1.0,3.0,4.0,2.0,2.0,2.0,3.0,4.0,3.0,4.0,5.0,4.0,2.0,3.0,2.0,2.0,4.0,2.0,3.0,2.0,4.0,4.0,2.0,2.0,3.0,2.0,4.0,2.0,2.0,3.0,2.0,5.0,4.0,4.0,3.0,4.0,3.0,3.0,4.0,2.0,4.0,3.0,4.0,2.0,2.0,1.0,1.0,2.0,1.0,3.0,2.0,5.0,3.0,4.0,2.0,2.0,1.0,3.0,4.0,3.0,4.0,3.0,2.0,3.0,2.0,3.0,1.0,2.0,2.0,3.0,1.0,2.0,3.0,2.0,1.0,4.0,5.0,2.0,2.0,2.0,2.0,3.0,4.0,2.0,2.0,3.0,3.0,1.0,2.0,1.0,1.0,1.0,4.0,5.0,1.0,3.0,2.0,3.0,2.0,4.0,2.0,3.0
157,3.0,2.0,1.0,2.0,3.0,3.0,3.0,2.0,3.0,3.0,3.0,3.0,2.0,3.0,3.0,5.0,3.0,3.0,2.0,3.0,4.0,3.0,2.0,4.0,1.0,2.0,3.0,4.0,5.0,2.0,2.0,5.0,2.0,3.0,2.0,3.0,3.0,4.0,2.0,2.0,2.0,1.0,1.0,3.0,3.0,4.0,5.0,4.0,1.0,5.0,4.0,5.0,4.0,4.0,1.0,2.0,3.0,2.0,2.0,4.0,1.0,3.0,3.0,3.0,3.0,4.0,4.0,3.0,3.0,2.0,4.0,4.0,3.0,3.0,2.0,4.0,4.0,4.0,3.0,2.0,5.0,5.0,5.0,3.0,2.0,5.0,3.0,1.0,4.0,3.0,3.0,2.0,5.0,5.0,2.0,2.0,2.0,4.0,4.0,4.0,2.0,2.0
158,5.0,2.0,3.0,1.0,4.0,5.0,3.0,2.0,4.0,3.0,4.0,4.0,3.0,3.0,2.0,4.0,4.0,3.0,3.0,3.0,3.0,4.0,3.0,5.0,4.0,3.0,4.0,1.0,3.0,4.0,3.0,4.0,1.0,5.0,5.0,3.0,1.0,5.0,2.0,2.0,3.0,2.0,2.0,4.0,1.0,2.0,3.0,1.0,1.0,2.0,4.0,5.0,4.0,5.0,3.0,5.0,3.0,4.0,5.0,4.0,2.0,3.0,4.0,3.0,4.0,5.0,4.0,5.0,4.0,4.0,3.0,2.0,3.0,3.0,2.0,4.0,4.0,2.0,5.0,4.0,4.0,3.0,5.0,4.0,2.0,3.0,4.0,2.0,4.0,4.0,3.0,1.0,5.0,3.0,4.0,2.0,5.0,4.0,5.0,5.0,3.0,5.0
159,5.0,2.0,4.0,3.0,3.0,3.0,5.0,3.0,4.0,4.0,4.0,3.0,3.0,5.0,2.0,4.0,3.0,5.0,2.0,5.0,4.0,5.0,5.0,5.0,3.0,3.0,4.0,5.0,3.0,3.0,4.0,3.0,3.0,3.0,5.0,3.0,2.0,5.0,1.0,2.0,2.0,3.0,2.0,2.0,2.0,2.0,3.0,2.0,1.0,2.0,1.0,5.0,2.0,2.0,3.0,2.0,5.0,5.0,5.0,4.0,1.0,1.0,2.0,2.0,5.0,3.0,2.0,3.0,2.0,3.0,5.0,3.0,3.0,4.0,4.0,5.0,5.0,4.0,4.0,2.0,5.0,5.0,3.0,3.0,3.0,2.0,5.0,2.0,4.0,5.0,1.0,5.0,5.0,2.0,3.0,4.0,4.0,4.0,5.0,5.0,2.0,5.0
160,2.0,2.0,4.0,3.0,4.0,4.0,5.0,3.0,3.0,3.0,3.0,4.0,3.0,4.0,3.0,3.0,3.0,3.0,1.0,4.0,5.0,3.0,5.0,4.0,4.0,2.0,2.0,3.0,3.0,3.0,3.0,5.0,1.0,4.0,3.0,3.0,2.0,5.0,2.0,2.0,4.0,3.0,3.0,3.0,4.0,1.0,2.0,1.0,3.0,3.0,3.0,4.0,3.0,3.0,5.0,3.0,4.0,2.0,3.0,3.0,1.0,2.0,1.0,2.0,5.0,4.0,4.0,3.0,2.0,3.0,3.0,3.0,2.0,3.0,3.0,3.0,3.0,3.0,4.0,5.0,4.0,3.0,4.0,4.0,2.0,1.0,5.0,3.0,5.0,4.0,4.0,1.0,4.0,2.0,4.0,1.0,2.0,4.0,4.0,5.0,2.0,5.0
161,1.0,2.0,4.0,2.0,4.0,1.0,4.0,4.0,3.0,1.0,2.0,4.0,4.0,2.0,3.0,4.0,3.0,3.0,3.0,4.0,4.0,4.0,3.0,3.0,3.0,3.0,3.0,3.0,1.0,3.0,2.0,5.0,2.0,3.0,5.0,3.0,1.0,5.0,1.0,2.0,1.0,1.0,1.0,1.0,3.0,3.0,3.0,1.0,1.0,2.0,3.0,5.0,4.0,2.0,1.0,1.0,1.0,2.0,2.0,2.0,1.0,1.0,5.0,1.0,2.0,1.0,1.0,2.0,2.0,1.0,3.0,3.0,3.0,1.0,1.0,4.0,4.0,1.0,1.0,1.0,1.0,1.0,1.0,1.0,1.0,5.0,1.0,1.0,3.0,1.0,1.0,1.0,2.0,1.0,1.0,1.0,2.0,4.0,2.0,4.0,1.0,1.0
162,4.0,3.0,4.0,1.0,2.0,1.0,5.0,2.0,3.0,1.0,1.0,2.0,3.0,2.0,3.0,5.0,3.0,4.0,2.0,4.0,5.0,3.0,5.0,4.0,2.0,3.0,2.0,4.0,2.0,2.0,1.0,5.0,1.0,1.0,5.0,4.0,4.0,4.0,2.0,2.0,2.0,2.0,1.0,2.0,3.0,5.0,4.0,4.0,3.0,4.0,3.0,5.0,4.0,1.0,2.0,4.0,5.0,5.0,3.0,4.0,1.0,1.0,1.0,2.0,3.0,4.0,5.0,2.0,1.0,2.0,5.0,5.0,2.0,1.0,2.0,5.0,1.0,1.0,2.0,1.0,5.0,4.0,2.0,1.0,1.0,1.0,4.0,2.0,4.0,3.0,3.0,4.0,3.0,1.0,1.0,2.0,3.0,3.0,5.0,3.0,2.0,1.0
163,5.0,2.0,4.0,2.0,2.0,3.0,3.0,2.0,4.0,5.0,4.0,1.0,4.0,3.0,2.0,5.0,4.0,3.0,3.0,4.0,2.0,1.0,4.0,5.0,4.0,3.0,4.0,2.0,3.0,4.0,3.0,4.0,5.0,3.0,5.0,3.0,2.0,5.0,3.0,2.0,3.0,5.0,5.0,3.0,3.0,4.0,5.0,4.0,3.0,3.0,3.0,5.0,3.0,3.0,2.0,2.0,4.0,3.0,4.0,4.0,1.0,3.0,5.0,5.0,3.0,3.0,4.0,4.0,1.0,1.0,4.0,4.0,1.0,1.0,1.0,4.0,4.0,2.0,2.0,1.0,3.0,3.0,5.0,2.0,2.0,4.0,5.0,1.0,5.0,2.0,1.0,1.0,3.0,5.0,2.0,3.0,5.0,3.0,4.0,5.0,2.0,5.0
164,3.0,2.0,3.0,1.0,2.0,2.0,2.0,3.0,1.0,2.0,4.0,3.0,3.0,3.0,3.0,2.0,4.0,3.0,3.0,4.0,3.0,4.0,5.0,3.0,4.0,3.0,5.0,2.0,2.0,3.0,3.0,2.0,1.0,3.0,5.0,2.0,1.0,5.0,1.0,1.0,3.0,1.0,1.0,2.0,1.0,1.0,1.0,1.0,2.0,2.0,3.0,5.0,3.0,4.0,2.0,1.0,3.0,3.0,3.0,4.0,1.0,1.0,4.0,1.0,1.0,4.0,2.0,2.0,2.0,1.0,2.0,3.0,1.0,3.0,3.0,3.0,3.0,1.0,3.0,3.0,4.0,2.0,4.0,2.0,1.0,2.0,3.0,1.0,3.0,5.0,1.0,1.0,2.0,4.0,5.0,1.0,5.0,3.0,4.0,5.0,4.0,1.0
165,2.0,3.0,3.0,1.0,3.0,3.0,5.0,3.0,3.0,5.0,2.0,4.0,3.0,2.0,3.0,5.0,3.0,3.0,1.0,3.0,4.0,2.0,3.0,5.0,2.0,4.0,3.0,3.0,5.0,3.0,1.0,4.0,1.0,3.0,3.0,5.0,1.0,4.0,2.0,2.0,4.0,3.0,1.0,3.0,2.0,1.0,1.0,1.0,4.0,4.0,5.0,5.0,3.0,2.0,3.0,3.0,4.0,4.0,2.0,5.0,5.0,5.0,2.0,4.0,4.0,4.0,4.0,2.0,1.0,3.0,5.0,4.0,4.0,3.0,3.0,5.0,5.0,2.0,2.0,2.0,2.0,5.0,4.0,2.0,3.0,2.0,2.0,1.0,4.0,1.0,1.0,5.0,5.0,2.0,1.0,1.0,1.0,5.0,3.0,5.0,2.0,3.0
166,2.0,2.0,3.0,2.0,3.0,4.0,4.0,2.0,2.0,2.0,4.0,2.0,5.0,3.0,2.0,5.0,4.0,4.0,2.0,2.0,3.0,3.0,5.0,4.0,4.0,3.0,4.0,4.0,3.0,3.0,4.0,2.0,2.0,5.0,5.0,4.0,5.0,4.0,2.0,2.0,3.0,2.0,1.0,1.0,2.0,2.0,2.0,4.0,4.0,3.0,3.0,5.0,3.0,4.0,1.0,1.0,1.0,2.0,4.0,2.0,1.0,1.0,4.0,2.0,1.0,2.0,1.0,2.0,3.0,1.0,3.0,3.0,1.0,4.0,4.0,5.0,5.0,1.0,2.0,1.0,1.0,2.0,2.0,2.0,1.0,4.0,4.0,1.0,4.0,3.0,1.0,1.0,3.0,5.0,1.0,2.0,3.0,1.0,1.0,4.0,4.0,5.0
167,3.0,2.0,5.0,1.0,1.0,3.0,1.0,4.0,3.0,2.0,3.0,2.0,1.0,5.0,3.0,4.0,4.0,5.0,2.0,5.0,3.0,3.0,2.0,3.0,3.0,3.0,5.0,1.0,1.0,3.0,3.0,1.0,3.0,5.0,5.0,2.0,2.0,1.0,1.0,1.0,4.0,5.0,3.0,2.0,4.0,1.0,5.0,2.0,3.0,4.0,4.0,5.0,4.0,1.0,1.0,1.0,1.0,1.0,1.0,1.0,1.0,1.0,2.0,1.0,1.0,2.0,1.0,1.0,1.0,1.0,5.0,1.0,1.0,1.0,1.0,5.0,3.0,5.0,1.0,1.0,1.0,5.0,2.0,1.0,5.0,5.0,1.0,1.0,5.0,3.0,1.0,3.0,5.0,5.0,5.0,1.0,5.0,3.0,1.0,5.0,2.0,4.0
168,2.0,2.0,1.0,3.0,4.0,4.0,4.0,4.0,3.0,5.0,3.0,2.0,5.0,3.0,3.0,3.0,3.0,4.0,1.0,4.0,2.0,4.0,4.0,4.0,4.0,2.0,4.0,4.0,3.0,4.0,2.0,5.0,1.0,2.0,4.0,2.0,2.0,2.0,1.0,3.0,3.0,1.0,1.0,1.0,2.0,1.0,1.0,1.0,3.0,1.0,4.0,4.0,4.0,2.0,1.0,1.0,1.0,2.0,3.0,5.0,4.0,4.0,1.0,3.0,1.0,4.0,4.0,2.0,1.0,1.0,1.0,3.0,4.0,5.0,2.0,4.0,4.0,5.0,1.0,1.0,4.0,4.0,5.0,1.0,2.0,2.0,2.0,1.0,1.0,1.0,1.0,1.0,1.0,1.0,1.0,2.0,3.0,3.0,2.0,4.0,2.0,5.0
169,2.0,2.0,5.0,4.0,2.0,4.0,4.0,2.0,3.0,3.0,5.0,4.0,4.0,5.0,2.0,3.0,4.0,4.0,3.0,4.0,2.0,2.0,4.0,4.0,4.0,2.0,4.0,5.0,4.0,4.0,4.0,5.0,2.0,2.0,4.0,2.0,2.0,5.0,2.0,3.0,3.0,2.0,3.0,3.0,2.0,5.0,5.0,2.0,3.0,4.0,2.0,5.0,2.0,2.0,5.0,4.0,5.0,5.0,5.0,3.0,1.0,3.0,4.0,3.0,3.0,3.0,3.0,5.0,2.0,3.0,4.0,4.0,4.0,3.0,1.0,4.0,2.0,5.0,2.0,2.0,5.0,4.0,5.0,2.0,1.0,2.0,3.0,3.0,4.0,5.0,1.0,1.0,5.0,4.0,1.0,3.0,5.0,3.0,3.0,5.0,3.0,4.0
170,5.0,1.0,3.0,1.0,3.0,2.0,1.0,1.0,3.0,3.0,3.0,4.0,3.0,2.0,3.0,4.0,4.0,2.0,3.0,3.0,3.0,4.0,5.0,3.0,2.0,1.0,4.0,1.0,5.0,4.0,2.0,5.0,1.0,4.0,5.0,3.0,1.0,4.0,4.0,3.0,3.0,4.0,1.0,2.0,2.0,3.0,5.0,5.0,5.0,3.0,5.0,5.0,3.0,5.0,3.0,1.0,5.0,5.0,2.0,1.0,1.0,1.0,2.0,3.0,4.0,3.0,5.0,5.0,5.0,4.0,5.0,2.0,4.0,1.0,1.0,5.0,3.0,5.0,1.0,1.0,1.0,3.0,5.0,1.0,2.0,1.0,2.0,2.0,3.0,3.0,1.0,1.0,4.0,1.0,5.0,1.0,2.0,3.0,2.0,5.0,1.0,1.0
171,3.0,2.0,5.0,1.0,3.0,5.0,3.0,5.0,3.0,3.0,1.0,4.0,2.0,2.0,2.0,5.0,4.0,3.0,3.0,4.0,4.0,4.0,5.0,4.0,1.0,1.0,3.0,3.0,3.0,4.0,1.0,5.0,1.0,5.0,5.0,4.0,2.0,5.0,2.0,2.0,3.0,3.0,4.0,2.0,4.0,5.0,1.0,1.0,1.0,3.0,2.0,5.0,5.0,5.0,3.0,1.0,5.0,2.0,5.0,4.0,1.0,2.0,4.0,5.0,2.0,2.0,1.0,3.0,4.0,4.0,3.0,4.0,4.0,3.0,2.0,5.0,2.0,5.0,5.0,1.0,5.0,3.0,5.0,4.0,3.0,1.0,4.0,2.0,4.0,5.0,3.0,5.0,3.0,4.0,4.0,2.0,4.0,3.0,3.0,5.0,1.0,5.0
172,1.0,2.0,3.0,5.0,5.0,3.0,4.0,1.0,3.0,5.0,3.0,3.0,3.0,5.0,2.0,2.0,4.0,5.0,1.0,3.0,1.0,5.0,5.0,5.0,3.0,4.0,3.0,1.0,1.0,1.0,5.0,5.0,1.0,3.0,5.0,3.0,2.0,3.0,4.0,2.0,3.0,1.0,2.0,4.0,5.0,1.0,3.0,1.0,5.0,3.0,1.0,3.0,4.0,1.0,3.0,1.0,3.0,1.0,3.0,5.0,5.0,4.0,4.0,3.0,1.0,1.0,5.0,5.0,2.0,1.0,3.0,5.0,1.0,5.0,5.0,5.0,5.0,5.0,3.0,4.0,4.0,1.0,5.0,1.0,1.0,1.0,1.0,1.0,5.0,1.0,1.0,1.0,1.0,3.0,1.0,1.0,1.0,5.0,3.0,3.0,1.0,5.0
173,1.0,2.0,4.0,4.0,2.0,4.0,3.0,3.0,4.0,3.0,5.0,3.0,4.0,4.0,3.0,5.0,4.0,1.0,2.0,5.0,4.0,4.0,5.0,5.0,3.0,3.0,5.0,2.0,1.0,5.0,5.0,5.0,1.0,4.0,4.0,1.0,1.0,5.0,2.0,2.0,4.0,1.0,1.0,2.0,2.0,3.0,1.0,1.0,3.0,2.0,1.0,5.0,3.0,4.0,2.0,2.0,2.0,2.0,3.0,5.0,4.0,5.0,2.0,5.0,3.0,4.0,5.0,2.0,2.0,1.0,3.0,3.0,2.0,3.0,4.0,4.0,4.0,3.0,4.0,4.0,2.0,3.0,2.0,2.0,2.0,5.0,1.0,1.0,4.0,1.0,1.0,1.0,2.0,5.0,1.0,1.0,3.0,5.0,1.0,5.0,5.0,1.0
174,5.0,3.0,4.0,3.0,3.0,1.0,3.0,2.0,3.0,1.0,1.0,3.0,4.0,5.0,2.0,5.0,2.0,2.0,2.0,2.0,5.0,3.0,4.0,5.0,1.0,3.0,2.0,4.0,1.0,5.0,3.0,5.0,1.0,5.0,5.0,4.0,2.0,2.0,2.0,2.0,5.0,1.0,2.0,1.0,3.0,1.0,3.0,1.0,1.0,4.0,3.0,5.0,4.0,3.0,1.0,1.0,5.0,3.0,5.0,5.0,1.0,2.0,5.0,1.0,3.0,5.0,1.0,1.0,3.0,2.0,2.0,3.0,2.0,5.0,5.0,5.0,4.0,2.0,1.0,1.0,1.0,2.0,3.0,3.0,3.0,5.0,1.0,3.0,2.0,1.0,1.0,1.0,5.0,5.0,1.0,1.0,1.0,5.0,1.0,5.0,4.0,1.0
175,1.0,2.0,3.0,2.0,5.0,4.0,2.0,2.0,4.0,1.0,3.0,2.0,3.0,5.0,3.0,5.0,2.0,4.0,3.0,4.0,3.0,2.0,5.0,4.0,3.0,1.0,4.0,1.0,3.0,4.0,3.0,4.0,4.0,5.0,4.0,5.0,1.0,4.0,1.0,2.0,3.0,1.0,3.0,4.0,2.0,3.0,5.0,4.0,4.0,3.0,4.0,5.0,3.0,4.0,1.0,1.0,5.0,4.0,5.0,5.0,4.0,5.0,4.0,5.0,5.0,5.0,5.0,5.0,2.0,5.0,3.0,5.0,1.0,5.0,4.0,5.0,3.0,2.0,4.0,2.0,5.0,5.0,4.0,3.0,2.0,3.0,3.0,3.0,2.0,2.0,5.0,1.0,5.0,2.0,1.0,1.0,3.0,3.0,4.0,5.0,4.0,5.0
176,3.0,3.0,3.0,3.0,4.0,5.0,3.0,2.0,3.0,3.0,4.0,3.0,3.0,3.0,4.0,4.0,3.0,4.0,1.0,3.0,3.0,2.0,3.0,4.0,3.0,3.0,4.0,4.0,3.0,2.0,3.0,4.0,4.0,4.0,3.0,3.0,3.0,5.0,2.0,2.0,3.0,1.0,4.0,4.0,3.0,4.0,4.0,3.0,2.0,3.0,3.0,5.0,3.0,3.0,2.0,1.0,1.0,1.0,5.0,3.0,1.0,1.0,3.0,2.0,1.0,2.0,1.0,1.0,3.0,1.0,3.0,5.0,3.0,3.0,1.0,5.0,3.0,5.0,5.0,1.0,2.0,1.0,4.0,2.0,3.0,3.0,1.0,1.0,3.0,3.0,1.0,1.0,4.0,1.0,1.0,4.0,5.0,4.0,3.0,5.0,3.0,5.0
177,2.0,2.0,2.0,3.0,3.0,3.0,5.0,2.0,3.0,4.0,3.0,3.0,3.0,5.0,3.0,4.0,3.0,2.0,2.0,4.0,5.0,3.0,4.0,4.0,3.0,3.0,3.0,4.0,4.0,3.0,3.0,5.0,1.0,3.0,2.0,1.0,3.0,4.0,1.0,2.0,3.0,2.0,3.0,3.0,3.0,1.0,1.0,1.0,3.0,2.0,3.0,5.0,3.0,2.0,3.0,3.0,3.0,3.0,4.0,5.0,5.0,4.0,4.0,3.0,4.0,4.0,4.0,2.0,2.0,2.0,5.0,5.0,5.0,3.0,3.0,5.0,4.0,3.0,3.0,1.0,5.0,5.0,4.0,4.0,2.0,2.0,4.0,4.0,4.0,2.0,5.0,5.0,5.0,4.0,1.0,2.0,3.0,4.0,3.0,5.0,2.0,3.0
178,3.0,3.0,3.0,2.0,3.0,4.0,3.0,2.0,4.0,4.0,4.0,3.0,2.0,3.0,2.0,4.0,3.0,2.0,2.0,4.0,3.0,3.0,4.0,4.0,3.0,3.0,5.0,4.0,3.0,3.0,3.0,1.0,1.0,3.0,4.0,2.0,2.0,4.0,4.0,3.0,4.0,2.0,1.0,1.0,3.0,2.0,4.0,2.0,3.0,4.0,3.0,5.0,3.0,2.0,2.0,2.0,3.0,4.0,3.0,5.0,3.0,4.0,3.0,3.0,3.0,3.0,5.0,1.0,2.0,3.0,1.0,2.0,2.0,5.0,2.0,5.0,5.0,2.0,1.0,1.0,1.0,4.0,3.0,1.0,1.0,2.0,2.0,1.0,2.0,1.0,2.0,1.0,1.0,4.0,1.0,1.0,2.0,5.0,3.0,5.0,3.0,1.0
179,3.0,2.0,3.0,3.0,3.0,5.0,3.0,3.0,3.0,3.0,3.0,4.0,3.0,3.0,3.0,3.0,3.0,4.0,3.0,3.0,3.0,3.0,4.0,3.0,2.0,3.0,4.0,1.0,3.0,3.0,3.0,5.0,1.0,3.0,5.0,3.0,1.0,5.0,4.0,3.0,3.0,1.0,1.0,1.0,1.0,4.0,4.0,1.0,3.0,1.0,3.0,5.0,4.0,3.0,2.0,2.0,3.0,4.0,3.0,5.0,3.0,4.0,2.0,4.0,3.0,5.0,3.0,1.0,1.0,1.0,5.0,5.0,2.0,1.0,1.0,5.0,1.0,1.0,4.0,1.0,5.0,2.0,3.0,3.0,3.0,2.0,4.0,4.0,4.0,1.0,1.0,2.0,3.0,2.0,1.0,2.0,3.0,3.0,3.0,4.0,3.0,5.0
180,5.0,2.0,5.0,3.0,5.0,4.0,5.0,1.0,3.0,3.0,3.0,3.0,1.0,2.0,4.0,4.0,3.0,4.0,2.0,3.0,2.0,4.0,5.0,4.0,4.0,5.0,3.0,4.0,4.0,4.0,4.0,1.0,3.0,5.0,5.0,5.0,3.0,3.0,1.0,3.0,3.0,3.0,2.0,2.0,2.0,2.0,3.0,3.0,4.0,4.0,3.0,5.0,3.0,4.0,2.0,3.0,3.0,2.0,4.0,4.0,1.0,2.0,4.0,2.0,2.0,3.0,2.0,2.0,3.0,1.0,3.0,2.0,2.0,2.0,1.0,4.0,4.0,4.0,3.0,2.0,1.0,2.0,3.0,2.0,1.0,3.0,1.0,2.0,4.0,3.0,1.0,1.0,5.0,3.0,2.0,5.0,5.0,3.0,2.0,5.0,2.0,4.0
181,5.0,2.0,1.0,3.0,3.0,3.0,4.0,4.0,3.0,1.0,4.0,3.0,2.0,3.0,3.0,5.0,4.0,3.0,1.0,5.0,3.0,3.0,4.0,5.0,3.0,3.0,4.0,5.0,2.0,3.0,4.0,3.0,1.0,3.0,5.0,5.0,5.0,1.0,3.0,2.0,3.0,3.0,2.0,1.0,2.0,1.0,1.0,1.0,2.0,1.0,2.0,5.0,1.0,5.0,1.0,2.0,3.0,4.0,2.0,2.0,1.0,1.0,5.0,2.0,2.0,2.0,2.0,1.0,3.0,1.0,2.0,2.0,3.0,2.0,1.0,5.0,5.0,4.0,1.0,1.0,1.0,1.0,3.0,2.0,2.0,5.0,1.0,1.0,5.0,1.0,1.0,1.0,3.0,5.0,1.0,5.0,4.0,1.0,1.0,5.0,5.0,1.0
182,3.0,1.0,4.0,3.0,3.0,3.0,3.0,3.0,4.0,3.0,4.0,3.0,2.0,4.0,3.0,2.0,4.0,3.0,2.0,3.0,2.0,1.0,5.0,2.0,4.0,3.0,4.0,2.0,3.0,4.0,3.0,1.0,5.0,4.0,4.0,3.0,2.0,5.0,3.0,2.0,3.0,4.0,2.0,5.0,2.0,5.0,5.0,4.0,3.0,4.0,1.0,5.0,3.0,3.0,1.0,2.0,2.0,2.0,4.0,2.0,1.0,1.0,4.0,4.0,2.0,2.0,2.0,4.0,2.0,1.0,4.0,3.0,3.0,3.0,2.0,5.0,3.0,2.0,2.0,2.0,3.0,3.0,5.0,3.0,3.0,2.0,3.0,3.0,4.0,4.0,1.0,1.0,4.0,4.0,3.0,3.0,5.0,3.0,3.0,5.0,3.0,3.0
183,4.0,1.0,3.0,2.0,3.0,2.0,3.0,4.0,4.0,3.0,4.0,2.0,4.0,3.0,3.0,3.0,3.0,3.0,1.0,5.0,3.0,3.0,3.0,2.0,4.0,2.0,4.0,2.0,2.0,3.0,2.0,3.0,2.0,2.0,3.0,2.0,2.0,3.0,3.0,2.0,3.0,3.0,2.0,3.0,2.0,4.0,3.0,4.0,2.0,3.0,2.0,4.0,2.0,4.0,3.0,2.0,3.0,4.0,3.0,4.0,2.0,3.0,4.0,2.0,1.0,2.0,4.0,3.0,2.0,2.0,2.0,2.0,3.0,3.0,2.0,4.0,4.0,3.0,2.0,1.0,2.0,3.0,3.0,3.0,2.0,3.0,3.0,2.0,3.0,3.0,1.0,4.0,2.0,3.0,2.0,3.0,4.0,3.0,2.0,4.0,2.0,3.0
184,5.0,2.0,3.0,1.0,4.0,3.0,3.0,3.0,4.0,4.0,3.0,4.0,3.0,3.0,3.0,5.0,3.0,3.0,3.0,3.0,5.0,5.0,3.0,3.0,3.0,3.0,4.0,3.0,3.0,5.0,5.0,4.0,1.0,5.0,4.0,4.0,2.0,5.0,2.0,2.0,3.0,3.0,3.0,5.0,3.0,4.0,4.0,5.0,3.0,4.0,3.0,5.0,3.0,5.0,3.0,2.0,4.0,5.0,5.0,3.0,2.0,4.0,3.0,2.0,2.0,2.0,1.0,2.0,3.0,3.0,2.0,3.0,3.0,2.0,1.0,5.0,2.0,3.0,2.0,1.0,5.0,3.0,3.0,2.0,3.0,1.0,4.0,2.0,4.0,4.0,5.0,2.0,5.0,3.0,2.0,5.0,5.0,2.0,4.0,4.0,2.0,5.0
185,3.0,2.0,1.0,3.0,3.0,4.0,3.0,3.0,3.0,2.0,3.0,2.0,3.0,3.0,2.0,5.0,3.0,3.0,2.0,3.0,2.0,3.0,3.0,5.0,3.0,3.0,3.0,3.0,3.0,3.0,3.0,4.0,1.0,3.0,4.0,3.0,1.0,3.0,4.0,2.0,1.0,1.0,1.0,2.0,3.0,4.0,5.0,4.0,2.0,3.0,4.0,4.0,3.0,3.0,1.0,2.0,3.0,1.0,4.0,3.0,2.0,2.0,5.0,3.0,3.0,3.0,3.0,3.0,3.0,1.0,3.0,3.0,3.0,2.0,2.0,4.0,4.0,5.0,2.0,2.0,1.0,3.0,3.0,2.0,4.0,3.0,1.0,1.0,2.0,1.0,1.0,1.0,1.0,1.0,1.0,2.0,3.0,3.0,1.0,4.0,3.0,4.0
186,2.0,2.0,4.0,5.0,3.0,3.0,1.0,1.0,3.0,1.0,5.0,3.0,5.0,5.0,3.0,3.0,3.0,2.0,2.0,3.0,2.0,3.0,5.0,2.0,5.0,4.0,4.0,5.0,5.0,4.0,3.0,3.0,2.0,1.0,5.0,1.0,2.0,5.0,4.0,3.0,3.0,1.0,2.0,5.0,1.0,5.0,3.0,3.0,5.0,1.0,1.0,5.0,5.0,2.0,1.0,1.0,1.0,2.0,4.0,2.0,2.0,1.0,5.0,3.0,1.0,1.0,1.0,3.0,5.0,1.0,3.0,5.0,3.0,1.0,1.0,5.0,2.0,1.0,1.0,1.0,1.0,2.0,5.0,1.0,5.0,5.0,2.0,2.0,1.0,1.0,3.0,1.0,5.0,5.0,1.0,5.0,5.0,1.0,2.0,5.0,5.0,5.0
187,5.0,2.0,5.0,3.0,4.0,5.0,3.0,5.0,3.0,3.0,4.0,5.0,3.0,5.0,3.0,5.0,3.0,4.0,2.0,5.0,5.0,1.0,3.0,5.0,5.0,2.0,5.0,1.0,2.0,3.0,4.0,5.0,2.0,3.0,5.0,3.0,2.0,5.0,2.0,2.0,4.0,1.0,3.0,5.0,5.0,2.0,5.0,4.0,1.0,2.0,3.0,5.0,4.0,3.0,2.0,2.0,3.0,3.0,3.0,2.0,1.0,1.0,2.0,2.0,4.0,3.0,2.0,5.0,1.0,2.0,2.0,5.0,1.0,2.0,1.0,5.0,1.0,2.0,4.0,3.0,3.0,4.0,5.0,3.0,1.0,2.0,5.0,1.0,4.0,2.0,4.0,4.0,5.0,5.0,3.0,2.0,5.0,2.0,2.0,4.0,2.0,3.0
188,3.0,1.0,3.0,2.0,4.0,3.0,4.0,2.0,3.0,3.0,4.0,4.0,2.0,4.0,3.0,4.0,4.0,3.0,1.0,5.0,2.0,2.0,3.0,3.0,5.0,3.0,3.0,4.0,3.0,4.0,4.0,5.0,3.0,3.0,5.0,3.0,1.0,4.0,2.0,2.0,2.0,1.0,1.0,2.0,2.0,2.0,1.0,1.0,2.0,3.0,4.0,5.0,3.0,4.0,4.0,3.0,3.0,3.0,4.0,4.0,4.0,4.0,5.0,5.0,2.0,4.0,3.0,3.0,4.0,2.0,5.0,3.0,3.0,1.0,3.0,5.0,3.0,3.0,5.0,5.0,3.0,5.0,4.0,5.0,2.0,5.0,3.0,3.0,4.0,3.0,3.0,2.0,5.0,5.0,5.0,2.0,3.0,5.0,2.0,5.0,5.0,5.0
189,5.0,2.0,5.0,2.0,3.0,1.0,1.0,3.0,4.0,1.0,5.0,3.0,3.0,2.0,3.0,4.0,3.0,2.0,2.0,3.0,3.0,5.0,5.0,5.0,2.0,3.0,5.0,1.0,3.0,5.0,3.0,5.0,1.0,3.0,5.0,3.0,1.0,4.0,2.0,2.0,3.0,3.0,5.0,3.0,3.0,4.0,5.0,4.0,5.0,5.0,1.0,5.0,3.0,3.0,3.0,1.0,4.0,5.0,5.0,3.0,1.0,1.0,4.0,3.0,1.0,3.0,3.0,5.0,1.0,1.0,1.0,1.0,1.0,1.0,1.0,5.0,3.0,1.0,1.0,1.0,5.0,3.0,5.0,1.0,5.0,4.0,2.0,3.0,3.0,4.0,1.0,1.0,3.0,3.0,3.0,3.0,4.0,2.0,5.0,5.0,2.0,5.0
190,3.0,2.0,5.0,4.0,4.0,5.0,5.0,1.0,3.0,5.0,3.0,5.0,5.0,3.0,4.0,4.0,3.0,2.0,3.0,3.0,3.0,1.0,4.0,4.0,5.0,2.0,4.0,2.0,5.0,5.0,4.0,5.0,3.0,4.0,3.0,1.0,2.0,4.0,2.0,2.0,3.0,3.0,2.0,2.0,4.0,4.0,4.0,5.0,4.0,4.0,4.0,5.0,4.0,5.0,2.0,4.0,3.0,1.0,4.0,1.0,1.0,1.0,5.0,3.0,3.0,2.0,1.0,5.0,2.0,1.0,3.0,4.0,5.0,2.0,1.0,5.0,4.0,4.0,1.0,1.0,5.0,4.0,5.0,2.0,5.0,2.0,4.0,3.0,5.0,4.0,4.0,2.0,2.0,2.0,1.0,2.0,5.0,4.0,5.0,5.0,4.0,2.0
191,5.0,3.0,3.0,1.0,3.0,5.0,4.0,5.0,3.0,2.0,4.0,3.0,1.0,3.0,2.0,5.0,3.0,4.0,3.0,5.0,1.0,1.0,2.0,4.0,1.0,1.0,3.0,5.0,3.0,1.0,4.0,2.0,1.0,3.0,5.0,5.0,1.0,3.0,4.0,2.0,2.0,1.0,3.0,3.0,2.0,1.0,5.0,3.0,5.0,4.0,3.0,5.0,3.0,5.0,2.0,2.0,1.0,2.0,2.0,4.0,2.0,1.0,5.0,3.0,1.0,2.0,1.0,1.0,1.0,1.0,1.0,1.0,1.0,1.0,1.0,5.0,2.0,2.0,1.0,1.0,1.0,5.0,2.0,1.0,1.0,2.0,1.0,1.0,4.0,2.0,1.0,1.0,3.0,2.0,1.0,4.0,3.0,1.0,3.0,5.0,1.0,2.0
192,5.0,2.0,5.0,3.0,3.0,5.0,5.0,3.0,3.0,5.0,5.0,4.0,3.0,5.0,2.0,5.0,5.0,3.0,1.0,3.0,5.0,4.0,3.0,4.0,3.0,4.0,4.0,3.0,1.0,5.0,1.0,4.0,2.0,3.0,5.0,1.0,1.0,3.0,4.0,3.0,3.0,1.0,2.0,3.0,4.0,5.0,1.0,3.0,5.0,5.0,1.0,5.0,4.0,3.0,3.0,1.0,4.0,3.0,4.0,5.0,5.0,5.0,4.0,4.0,5.0,5.0,5.0,4.0,3.0,2.0,5.0,4.0,5.0,3.0,3.0,5.0,4.0,4.0,3.0,2.0,2.0,4.0,5.0,2.0,4.0,4.0,3.0,4.0,5.0,3.0,5.0,1.0,4.0,3.0,5.0,5.0,5.0,5.0,5.0,5.0,5.0,5.0
193,5.0,2.0,1.0,2.0,5.0,1.0,1.0,2.0,3.0,2.0,3.0,5.0,4.0,3.0,3.0,5.0,4.0,3.0,2.0,5.0,1.0,5.0,3.0,4.0,2.0,2.0,5.0,2.0,5.0,3.0,5.0,5.0,3.0,5.0,5.0,1.0,1.0,3.0,2.0,3.0,3.0,2.0,1.0,1.0,2.0,1.0,1.0,1.0,1.0,3.0,4.0,5.0,5.0,3.0,1.0,1.0,1.0,1.0,3.0,2.0,1.0,4.0,5.0,5.0,1.0,2.0,3.0,1.0,1.0,1.0,5.0,3.0,5.0,5.0,4.0,5.0,5.0,5.0,4.0,4.0,2.0,5.0,2.0,4.0,4.0,5.0,1.0,4.0,2.0,1.0,1.0,1.0,5.0,5.0,1.0,1.0,1.0,4.0,2.0,5.0,4.0,5.0
194,4.0,2.0,4.0,2.0,4.0,4.0,3.0,4.0,3.0,2.0,4.0,3.0,1.0,3.0,2.0,5.0,4.0,2.0,1.0,4.0,4.0,1.0,3.0,5.0,3.0,2.0,4.0,1.0,4.0,2.0,1.0,3.0,1.0,4.0,5.0,2.0,1.0,4.0,3.0,2.0,3.0,4.0,4.0,4.0,3.0,3.0,3.0,5.0,1.0,3.0,4.0,5.0,5.0,5.0,1.0,1.0,2.0,3.0,5.0,4.0,1.0,2.0,4.0,2.0,2.0,3.0,2.0,4.0,1.0,1.0,2.0,1.0,1.0,3.0,1.0,5.0,5.0,3.0,4.0,1.0,2.0,3.0,3.0,3.0,2.0,3.0,3.0,4.0,5.0,4.0,3.0,2.0,5.0,4.0,5.0,4.0,5.0,1.0,2.0,4.0,1.0,3.0
195,3.0,2.0,2.0,2.0,3.0,1.0,3.0,5.0,4.0,3.0,3.0,4.0,3.0,3.0,2.0,5.0,3.0,3.0,1.0,4.0,5.0,2.0,2.0,3.0,3.0,2.0,4.0,4.0,3.0,4.0,1.0,1.0,4.0,4.0,5.0,2.0,1.0,5.0,1.0,1.0,3.0,3.0,1.0,1.0,4.0,2.0,3.0,2.0,3.0,4.0,3.0,5.0,2.0,3.0,3.0,3.0,4.0,3.0,4.0,5.0,3.0,3.0,1.0,3.0,3.0,3.0,4.0,4.0,4.0,2.0,3.0,2.0,3.0,5.0,4.0,4.0,5.0,3.0,3.0,2.0,2.0,1.0,5.0,1.0,1.0,3.0,1.0,1.0,5.0,2.0,5.0,4.0,3.0,2.0,1.0,1.0,3.0,4.0,2.0,5.0,1.0,2.0
196,2.0,1.0,2.0,2.0,3.0,1.0,5.0,3.0,3.0,3.0,4.0,3.0,4.0,4.0,3.0,5.0,4.0,3.0,1.0,4.0,2.0,4.0,4.0,4.0,3.0,3.0,4.0,3.0,1.0,4.0,5.0,4.0,3.0,3.0,5.0,3.0,2.0,4.0,2.0,2.0,3.0,2.0,2.0,3.0,3.0,1.0,5.0,4.0,2.0,4.0,3.0,4.0,3.0,4.0,2.0,1.0,1.0,2.0,4.0,4.0,3.0,4.0,2.0,3.0,2.0,2.0,2.0,2.0,3.0,1.0,3.0,3.0,1.0,3.0,1.0,4.0,1.0,5.0,1.0,2.0,4.0,4.0,5.0,1.0,3.0,3.0,3.0,1.0,4.0,1.0,1.0,1.0,5.0,2.0,3.0,3.0,3.0,2.0,2.0,4.0,3.0,4.0
197,3.0,3.0,4.0,2.0,5.0,3.0,3.0,3.0,4.0,2.0,5.0,5.0,5.0,5.0,2.0,5.0,3.0,3.0,3.0,5.0,1.0,5.0,3.0,2.0,5.0,3.0,3.0,3.0,3.0,5.0,5.0,2.0,1.0,5.0,5.0,5.0,1.0,3.0,4.0,2.0,3.0,5.0,3.0,3.0,3.0,2.0,4.0,4.0,5.0,5.0,4.0,5.0,5.0,5.0,4.0,1.0,3.0,3.0,5.0,3.0,1.0,1.0,5.0,5.0,3.0,2.0,2.0,5.0,2.0,2.0,3.0,5.0,3.0,1.0,2.0,5.0,3.0,2.0,4.0,3.0,2.0,2.0,5.0,3.0,2.0,1.0,2.0,2.0,5.0,5.0,1.0,2.0,2.0,5.0,3.0,5.0,5.0,1.0,3.0,5.0,4.0,2.0
198,1.0,2.0,3.0,4.0,4.0,3.0,3.0,3.0,3.0,3.0,5.0,2.0,3.0,3.0,2.0,5.0,3.0,3.0,2.0,5.0,3.0,3.0,4.0,5.0,4.0,2.0,3.0,3.0,5.0,3.0,5.0,5.0,3.0,2.0,5.0,3.0,2.0,5.0,2.0,3.0,3.0,3.0,2.0,1.0,2.0,3.0,3.0,3.0,2.0,2.0,1.0,5.0,3.0,5.0,2.0,2.0,5.0,5.0,3.0,4.0,4.0,3.0,1.0,2.0,4.0,4.0,3.0,1.0,1.0,5.0,5.0,3.0,5.0,4.0,4.0,4.0,4.0,2.0,2.0,4.0,5.0,3.0,5.0,3.0,5.0,4.0,5.0,3.0,4.0,1.0,3.0,3.0,3.0,3.0,1.0,1.0,1.0,4.0,5.0,4.0,3.0,3.0
199,4.0,2.0,4.0,4.0,4.0,5.0,3.0,4.0,3.0,5.0,5.0,3.0,3.0,4.0,3.0,4.0,4.0,3.0,2.0,5.0,2.0,2.0,4.0,4.0,3.0,3.0,4.0,2.0,3.0,4.0,5.0,5.0,1.0,4.0,4.0,2.0,2.0,5.0,2.0,2.0,3.0,1.0,1.0,1.0,1.0,2.0,2.0,1.0,2.0,2.0,4.0,4.0,3.0,3.0,3.0,3.0,3.0,3.0,3.0,5.0,4.0,4.0,3.0,4.0,3.0,4.0,3.0,3.0,2.0,3.0,4.0,3.0,3.0,2.0,1.0,4.0,1.0,5.0,3.0,1.0,4.0,3.0,4.0,1.0,3.0,3.0,2.0,3.0,3.0,1.0,1.0,1.0,3.0,5.0,1.0,1.0,2.0,3.0,4.0,4.0,4.0,3.0
200,1.0,3.0,3.0,1.0,1.0,1.0,1.0,5.0,3.0,1.0,3.0,2.0,5.0,1.0,3.0,3.0,4.0,1.0,2.0,5.0,5.0,5.0,5.0,3.0,1.0,5.0,3.0,3.0,3.0,2.0,3.0,5.0,1.0,2.0,5.0,2.0,2.0,5.0,2.0,2.0,1.0,1.0,1.0,4.0,4.0,1.0,3.0,3.0,2.0,1.0,5.0,5.0,4.0,1.0,2.0,1.0,5.0,1.0,1.0,5.0,5.0,2.0,1.0,1.0,4.0,3.0,5.0,2.0,1.0,1.0,2.0,2.0,2.0,4.0,4.0,5.0,3.0,1.0,1.0,1.0,5.0,5.0,3.0,1.0,1.0,1.0,1.0,3.0,5.0,1.0,3.0,1.0,4.0,2.0,1.0,1.0,1.0,4.0,3.0,5.0,1.0,2.0
201,3.0,2.0,4.0,5.0,3.0,2.0,3.0,2.0,3.0,5.0,4.0,3.0,2.0,4.0,4.0,2.0,3.0,3.0,2.0,4.0,5.0,2.0,4.0,2.0,3.0,3.0,4.0,5.0,2.0,4.0,3.0,2.0,1.0,2.0,5.0,2.0,3.0,5.0,4.0,3.0,3.0,1.0,3.0,5.0,4.0,5.0,3.0,1.0,2.0,5.0,4.0,5.0,3.0,3.0,1.0,1.0,1.0,2.0,4.0,4.0,1.0,3.0,2.0,3.0,2.0,3.0,1.0,1.0,4.0,1.0,1.0,1.0,1.0,1.0,1.0,5.0,2.0,1.0,4.0,1.0,1.0,1.0,3.0,5.0,1.0,1.0,1.0,2.0,5.0,2.0,2.0,1.0,5.0,1.0,1.0,3.0,4.0,2.0,1.0,5.0,4.0,5.0
202,5.0,1.0,3.0,4.0,3.0,1.0,3.0,3.0,3.0,5.0,5.0,4.0,3.0,3.0,3.0,5.0,3.0,4.0,1.0,5.0,3.0,5.0,3.0,5.0,3.0,3.0,4.0,3.0,3.0,3.0,3.0,5.0,5.0,3.0,5.0,2.0,1.0,5.0,2.0,3.0,4.0,1.0,3.0,4.0,5.0,1.0,1.0,1.0,5.0,5.0,1.0,1.0,3.0,3.0,3.0,2.0,3.0,5.0,4.0,4.0,3.0,3.0,2.0,4.0,3.0,4.0,2.0,4.0,1.0,1.0,5.0,4.0,5.0,3.0,2.0,5.0,3.0,2.0,3.0,4.0,5.0,2.0,5.0,2.0,5.0,2.0,5.0,2.0,2.0,2.0,2.0,2.0,4.0,4.0,3.0,2.0,5.0,5.0,5.0,5.0,1.0,5.0
203,5.0,2.0,3.0,5.0,3.0,5.0,4.0,3.0,3.0,5.0,4.0,3.0,3.0,3.0,2.0,5.0,3.0,5.0,3.0,4.0,5.0,3.0,5.0,4.0,5.0,4.0,4.0,2.0,5.0,3.0,3.0,3.0,2.0,5.0,5.0,3.0,2.0,5.0,2.0,2.0,3.0,1.0,1.0,2.0,2.0,1.0,2.0,5.0,3.0,2.0,3.0,5.0,3.0,5.0,2.0,2.0,2.0,4.0,5.0,2.0,1.0,1.0,5.0,5.0,3.0,3.0,2.0,5.0,2.0,1.0,2.0,4.0,3.0,2.0,2.0,5.0,3.0,3.0,5.0,3.0,4.0,4.0,5.0,5.0,4.0,3.0,3.0,3.0,3.0,3.0,2.0,1.0,4.0,3.0,1.0,5.0,5.0,3.0,3.0,5.0,4.0,5.0
204,3.0,3.0,3.0,3.0,3.0,1.0,5.0,5.0,3.0,1.0,4.0,3.0,5.0,5.0,4.0,1.0,3.0,2.0,3.0,3.0,3.0,4.0,3.0,5.0,3.0,3.0,4.0,1.0,2.0,5.0,3.0,5.0,1.0,3.0,1.0,1.0,2.0,3.0,1.0,2.0,3.0,1.0,1.0,1.0,3.0,5.0,5.0,5.0,1.0,1.0,3.0,4.0,3.0,3.0,1.0,1.0,1.0,1.0,2.0,4.0,3.0,3.0,3.0,1.0,1.0,3.0,4.0,1.0,4.0,1.0,3.0,1.0,1.0,1.0,3.0,5.0,3.0,1.0,1.0,3.0,1.0,5.0,5.0,1.0,1.0,2.0,1.0,3.0,4.0,1.0,1.0,1.0,5.0,5.0,1.0,2.0,5.0,3.0,1.0,5.0,5.0,4.0
205,2.0,2.0,2.0,4.0,4.0,2.0,5.0,2.0,3.0,1.0,2.0,4.0,4.0,3.0,3.0,4.0,3.0,3.0,2.0,4.0,2.0,2.0,4.0,4.0,4.0,4.0,3.0,2.0,3.0,4.0,3.0,4.0,3.0,3.0,4.0,4.0,2.0,4.0,2.0,2.0,3.0,1.0,1.0,1.0,1.0,1.0,1.0,1.0,3.0,1.0,4.0,4.0,4.0,3.0,1.0,1.0,2.0,2.0,3.0,5.0,5.0,5.0,4.0,4.0,3.0,3.0,3.0,3.0,2.0,1.0,2.0,4.0,2.0,4.0,4.0,4.0,4.0,3.0,3.0,3.0,1.0,2.0,3.0,2.0,2.0,3.0,1.0,1.0,1.0,1.0,3.0,1.0,5.0,5.0,1.0,1.0,2.0,4.0,1.0,4.0,5.0,4.0
206,1.0,2.0,1.0,1.0,2.0,2.0,1.0,1.0,4.0,1.0,4.0,2.0,5.0,3.0,4.0,2.0,3.0,4.0,3.0,2.0,3.0,2.0,4.0,3.0,2.0,3.0,4.0,2.0,1.0,2.0,3.0,1.0,4.0,3.0,2.0,1.0,2.0,4.0,3.0,3.0,1.0,1.0,4.0,5.0,4.0,2.0,3.0,4.0,1.0,2.0,3.0,5.0,3.0,2.0,1.0,2.0,3.0,2.0,4.0,5.0,4.0,3.0,2.0,2.0,3.0,4.0,3.0,2.0,1.0,1.0,3.0,3.0,1.0,3.0,1.0,5.0,5.0,4.0,1.0,1.0,4.0,1.0,4.0,1.0,2.0,2.0,1.0,1.0,4.0,5.0,1.0,1.0,3.0,2.0,1.0,1.0,2.0,1.0,2.0,5.0,3.0,1.0
207,1.0,3.0,2.0,2.0,3.0,2.0,5.0,2.0,3.0,3.0,1.0,2.0,1.0,1.0,3.0,3.0,3.0,2.0,1.0,1.0,5.0,5.0,4.0,3.0,1.0,2.0,2.0,5.0,2.0,2.0,1.0,5.0,1.0,3.0,3.0,5.0,4.0,5.0,2.0,2.0,2.0,3.0,1.0,2.0,3.0,1.0,2.0,1.0,1.0,3.0,4.0,4.0,3.0,3.0,1.0,2.0,4.0,3.0,4.0,4.0,4.0,3.0,5.0,4.0,3.0,4.0,2.0,2.0,2.0,1.0,3.0,2.0,3.0,1.0,3.0,5.0,5.0,3.0,1.0,1.0,3.0,4.0,4.0,2.0,2.0,3.0,2.0,1.0,1.0,1.0,1.0,1.0,5.0,2.0,1.0,1.0,2.0,4.0,2.0,2.0,2.0,5.0
208,5.0,2.0,3.0,1.0,4.0,5.0,4.0,5.0,3.0,5.0,3.0,3.0,2.0,4.0,2.0,5.0,3.0,3.0,2.0,2.0,4.0,2.0,3.0,5.0,2.0,2.0,4.0,2.0,3.0,4.0,3.0,5.0,2.0,4.0,5.0,2.0,1.0,4.0,2.0,1.0,3.0,1.0,1.0,1.0,1.0,4.0,4.0,4.0,5.0,4.0,1.0,5.0,3.0,3.0,2.0,3.0,4.0,1.0,4.0,5.0,2.0,2.0,3.0,4.0,4.0,4.0,1.0,5.0,1.0,4.0,5.0,3.0,2.0,5.0,4.0,5.0,5.0,4.0,1.0,1.0,1.0,2.0,1.0,1.0,5.0,3.0,1.0,1.0,1.0,1.0,1.0,1.0,1.0,5.0,1.0,1.0,5.0,4.0,2.0,5.0,3.0,5.0
209,2.0,2.0,5.0,5.0,4.0,5.0,5.0,1.0,2.0,2.0,3.0,4.0,1.0,5.0,4.0,5.0,2.0,5.0,1.0,3.0,5.0,4.0,4.0,5.0,4.0,3.0,2.0,4.0,4.0,5.0,4.0,5.0,1.0,5.0,2.0,3.0,4.0,5.0,2.0,2.0,2.0,1.0,1.0,1.0,1.0,1.0,1.0,1.0,3.0,1.0,4.0,5.0,3.0,2.0,4.0,1.0,5.0,5.0,5.0,5.0,3.0,4.0,1.0,2.0,3.0,3.0,3.0,4.0,2.0,5.0,2.0,2.0,1.0,1.0,1.0,5.0,2.0,1.0,1.0,1.0,5.0,3.0,4.0,2.0,2.0,1.0,5.0,2.0,5.0,2.0,5.0,2.0,1.0,2.0,1.0,5.0,5.0,2.0,5.0,5.0,1.0,1.0
210,5.0,2.0,4.0,4.0,1.0,4.0,4.0,3.0,4.0,2.0,4.0,5.0,5.0,3.0,2.0,4.0,4.0,3.0,1.0,2.0,5.0,4.0,4.0,4.0,3.0,4.0,5.0,1.0,4.0,4.0,5.0,3.0,1.0,4.0,5.0,2.0,1.0,5.0,2.0,2.0,4.0,2.0,4.0,5.0,2.0,5.0,5.0,5.0,3.0,4.0,4.0,5.0,4.0,2.0,1.0,1.0,3.0,5.0,3.0,3.0,1.0,2.0,5.0,3.0,3.0,3.0,3.0,2.0,1.0,4.0,3.0,4.0,4.0,4.0,5.0,4.0,3.0,1.0,2.0,1.0,2.0,2.0,5.0,3.0,5.0,4.0,3.0,1.0,2.0,1.0,1.0,2.0,5.0,3.0,1.0,5.0,5.0,3.0,4.0,5.0,3.0,5.0
211,4.0,2.0,4.0,2.0,3.0,5.0,4.0,2.0,3.0,3.0,4.0,3.0,3.0,4.0,2.0,5.0,3.0,5.0,1.0,5.0,4.0,3.0,5.0,5.0,3.0,3.0,4.0,5.0,4.0,4.0,4.0,5.0,1.0,4.0,5.0,4.0,3.0,5.0,3.0,2.0,3.0,2.0,1.0,1.0,1.0,2.0,2.0,2.0,3.0,2.0,3.0,5.0,3.0,4.0,4.0,5.0,5.0,3.0,4.0,5.0,1.0,2.0,4.0,4.0,4.0,5.0,3.0,5.0,3.0,4.0,4.0,4.0,3.0,3.0,1.0,4.0,4.0,5.0,2.0,1.0,2.0,3.0,5.0,1.0,2.0,3.0,1.0,2.0,4.0,2.0,1.0,1.0,5.0,2.0,1.0,2.0,2.0,5.0,2.0,5.0,3.0,1.0
212,2.0,2.0,3.0,2.0,4.0,3.0,4.0,3.0,3.0,5.0,3.0,4.0,4.0,5.0,3.0,5.0,3.0,4.0,3.0,4.0,3.0,4.0,3.0,3.0,3.0,3.0,4.0,2.0,3.0,3.0,4.0,5.0,1.0,3.0,3.0,3.0,1.0,4.0,2.0,2.0,3.0,2.0,1.0,1.0,2.0,1.0,1.0,1.0,1.0,3.0,1.0,5.0,3.0,3.0,3.0,1.0,5.0,4.0,4.0,5.0,2.0,3.0,2.0,2.0,5.0,3.0,5.0,3.0,3.0,2.0,2.0,4.0,2.0,2.0,3.0,2.0,1.0,1.0,2.0,2.0,3.0,3.0,5.0,3.0,1.0,2.0,2.0,5.0,4.0,1.0,5.0,3.0,5.0,2.0,2.0,1.0,2.0,4.0,3.0,4.0,2.0,2.0
213,3.0,1.0,4.0,1.0,3.0,4.0,4.0,2.0,3.0,2.0,3.0,4.0,2.0,3.0,3.0,4.0,3.0,3.0,1.0,3.0,5.0,4.0,5.0,4.0,3.0,3.0,4.0,3.0,3.0,3.0,2.0,5.0,2.0,5.0,5.0,2.0,1.0,5.0,4.0,2.0,3.0,1.0,1.0,2.0,2.0,2.0,1.0,1.0,1.0,4.0,2.0,5.0,3.0,3.0,2.0,1.0,2.0,3.0,4.0,3.0,2.0,1.0,3.0,2.0,2.0,3.0,3.0,3.0,4.0,2.0,3.0,3.0,3.0,2.0,1.0,4.0,5.0,3.0,2.0,1.0,3.0,3.0,5.0,2.0,4.0,2.0,2.0,2.0,4.0,1.0,1.0,1.0,5.0,1.0,3.0,2.0,5.0,4.0,2.0,4.0,1.0,5.0
214,2.0,2.0,3.0,2.0,3.0,3.0,4.0,3.0,3.0,3.0,4.0,4.0,1.0,5.0,1.0,5.0,4.0,3.0,2.0,3.0,3.0,2.0,5.0,5.0,1.0,3.0,4.0,2.0,3.0,4.0,5.0,5.0,1.0,2.0,4.0,2.0,3.0,4.0,1.0,2.0,4.0,2.0,1.0,1.0,5.0,5.0,4.0,3.0,3.0,1.0,5.0,5.0,3.0,4.0,2.0,4.0,2.0,3.0,4.0,3.0,1.0,1.0,1.0,3.0,1.0,3.0,3.0,4.0,1.0,1.0,4.0,5.0,4.0,3.0,3.0,5.0,4.0,3.0,4.0,2.0,3.0,4.0,3.0,4.0,2.0,4.0,1.0,1.0,4.0,1.0,1.0,1.0,4.0,1.0,2.0,2.0,3.0,5.0,1.0,3.0,1.0,5.0
215,2.0,2.0,4.0,1.0,3.0,5.0,3.0,3.0,3.0,3.0,3.0,3.0,4.0,4.0,3.0,3.0,3.0,4.0,3.0,3.0,3.0,3.0,3.0,3.0,3.0,4.0,5.0,1.0,3.0,3.0,3.0,5.0,4.0,2.0,3.0,4.0,2.0,3.0,3.0,3.0,3.0,3.0,2.0,3.0,3.0,5.0,1.0,2.0,5.0,2.0,3.0,5.0,3.0,4.0,4.0,2.0,4.0,3.0,3.0,4.0,1.0,3.0,1.0,2.0,4.0,4.0,4.0,2.0,3.0,4.0,4.0,4.0,3.0,3.0,1.0,3.0,2.0,2.0,3.0,2.0,5.0,3.0,5.0,2.0,1.0,1.0,5.0,3.0,4.0,4.0,4.0,3.0,1.0,4.0,3.0,1.0,2.0,3.0,5.0,4.0,4.0,2.0
216,3.0,2.0,3.0,2.0,4.0,4.0,4.0,3.0,4.0,4.0,5.0,3.0,4.0,5.0,3.0,4.0,3.0,3.0,2.0,5.0,3.0,2.0,4.0,4.0,4.0,3.0,5.0,1.0,5.0,4.0,3.0,3.0,2.0,3.0,2.0,2.0,1.0,4.0,2.0,2.0,4.0,3.0,2.0,2.0,2.0,2.0,4.0,4.0,2.0,2.0,2.0,5.0,4.0,2.0,1.0,1.0,4.0,2.0,3.0,3.0,2.0,2.0,4.0,3.0,4.0,3.0,2.0,3.0,2.0,2.0,5.0,4.0,5.0,3.0,2.0,5.0,2.0,3.0,2.0,2.0,5.0,5.0,5.0,2.0,3.0,1.0,2.0,2.0,5.0,5.0,1.0,1.0,2.0,5.0,1.0,1.0,3.0,1.0,2.0,5.0,4.0,1.0
217,2.0,2.0,3.0,2.0,5.0,2.0,2.0,4.0,5.0,4.0,5.0,3.0,2.0,4.0,3.0,3.0,3.0,3.0,1.0,5.0,2.0,2.0,3.0,4.0,2.0,3.0,4.0,2.0,4.0,4.0,2.0,5.0,2.0,5.0,4.0,1.0,3.0,4.0,2.0,1.0,4.0,5.0,2.0,3.0,3.0,4.0,4.0,3.0,3.0,2.0,2.0,5.0,4.0,4.0,2.0,1.0,2.0,1.0,5.0,3.0,3.0,2.0,3.0,1.0,1.0,1.0,2.0,3.0,4.0,1.0,2.0,2.0,3.0,3.0,2.0,3.0,2.0,1.0,2.0,2.0,4.0,3.0,4.0,2.0,5.0,2.0,3.0,2.0,3.0,2.0,1.0,1.0,2.0,2.0,3.0,2.0,4.0,2.0,3.0,4.0,2.0,2.0
218,1.0,2.0,5.0,4.0,1.0,1.0,4.0,2.0,4.0,4.0,3.0,3.0,4.0,3.0,3.0,5.0,4.0,4.0,3.0,4.0,1.0,4.0,4.0,2.0,3.0,4.0,4.0,3.0,3.0,4.0,2.0,1.0,4.0,3.0,3.0,3.0,2.0,4.0,2.0,2.0,3.0,2.0,1.0,1.0,2.0,5.0,5.0,3.0,1.0,3.0,3.0,5.0,3.0,1.0,3.0,2.0,3.0,1.0,2.0,4.0,5.0,4.0,1.0,4.0,3.0,3.0,3.0,1.0,1.0,2.0,5.0,1.0,4.0,1.0,1.0,4.0,3.0,1.0,1.0,1.0,5.0,4.0,3.0,1.0,2.0,3.0,1.0,3.0,3.0,1.0,1.0,1.0,5.0,1.0,1.0,2.0,1.0,3.0,1.0,5.0,1.0,3.0
219,1.0,3.0,1.0,3.0,3.0,3.0,4.0,2.0,3.0,1.0,2.0,5.0,5.0,3.0,3.0,5.0,2.0,5.0,1.0,5.0,1.0,2.0,3.0,1.0,3.0,1.0,1.0,5.0,2.0,4.0,3.0,3.0,1.0,3.0,3.0,5.0,3.0,2.0,3.0,3.0,1.0,1.0,2.0,2.0,2.0,1.0,1.0,1.0,1.0,1.0,1.0,3.0,4.0,1.0,1.0,1.0,1.0,2.0,5.0,5.0,2.0,2.0,5.0,4.0,4.0,5.0,1.0,1.0,1.0,2.0,1.0,1.0,4.0,1.0,1.0,5.0,5.0,1.0,4.0,1.0,1.0,5.0,1.0,4.0,1.0,1.0,3.0,1.0,3.0,3.0,4.0,4.0,5.0,5.0,4.0,1.0,1.0,1.0,3.0,3.0,4.0,2.0
220,1.0,3.0,5.0,3.0,4.0,1.0,5.0,2.0,4.0,1.0,3.0,4.0,1.0,3.0,3.0,4.0,4.0,3.0,2.0,3.0,3.0,4.0,3.0,3.0,4.0,3.0,4.0,3.0,4.0,3.0,3.0,5.0,1.0,5.0,2.0,2.0,4.0,4.0,3.0,2.0,2.0,1.0,1.0,1.0,1.0,2.0,2.0,2.0,2.0,5.0,2.0,5.0,5.0,4.0,4.0,4.0,2.0,2.0,4.0,4.0,4.0,4.0,2.0,2.0,2.0,1.0,2.0,1.0,1.0,2.0,3.0,4.0,3.0,2.0,2.0,4.0,4.0,2.0,2.0,2.0,4.0,3.0,2.0,2.0,2.0,2.0,2.0,4.0,5.0,1.0,1.0,1.0,3.0,1.0,1.0,2.0,2.0,3.0,2.0,5.0,4.0,2.0
221,2.0,2.0,3.0,3.0,4.0,1.0,2.0,4.0,3.0,2.0,4.0,2.0,4.0,2.0,4.0,3.0,3.0,3.0,2.0,5.0,2.0,2.0,2.0,3.0,2.0,3.0,4.0,2.0,2.0,3.0,4.0,4.0,2.0,2.0,4.0,2.0,2.0,3.0,4.0,3.0,2.0,3.0,2.0,2.0,2.0,2.0,3.0,2.0,3.0,2.0,3.0,5.0,4.0,4.0,2.0,2.0,1.0,1.0,4.0,4.0,3.0,2.0,4.0,2.0,1.0,2.0,3.0,2.0,4.0,1.0,2.0,1.0,3.0,3.0,1.0,4.0,2.0,2.0,1.0,1.0,2.0,5.0,4.0,1.0,1.0,3.0,2.0,2.0,3.0,1.0,1.0,1.0,4.0,3.0,1.0,2.0,4.0,1.0,2.0,5.0,3.0,3.0
222,2.0,2.0,3.0,1.0,5.0,1.0,4.0,1.0,3.0,2.0,3.0,3.0,4.0,4.0,2.0,3.0,3.0,4.0,3.0,3.0,2.0,3.0,3.0,2.0,4.0,3.0,4.0,4.0,2.0,3.0,2.0,5.0,3.0,4.0,3.0,2.0,2.0,4.0,2.0,3.0,3.0,1.0,1.0,1.0,2.0,1.0,3.0,1.0,5.0,2.0,4.0,5.0,4.0,4.0,3.0,1.0,2.0,1.0,1.0,2.0,2.0,1.0,4.0,4.0,2.0,2.0,2.0,2.0,4.0,1.0,4.0,2.0,2.0,2.0,2.0,4.0,3.0,2.0,1.0,2.0,1.0,3.0,4.0,2.0,3.0,3.0,5.0,1.0,3.0,1.0,1.0,1.0,3.0,5.0,5.0,1.0,2.0,2.0,1.0,5.0,4.0,2.0
223,2.0,2.0,4.0,2.0,5.0,3.0,4.0,4.0,2.0,4.0,3.0,2.0,2.0,2.0,3.0,3.0,3.0,4.0,1.0,4.0,4.0,4.0,4.0,3.0,3.0,2.0,4.0,3.0,2.0,3.0,2.0,3.0,2.0,4.0,4.0,3.0,3.0,3.0,2.0,2.0,3.0,1.0,1.0,1.0,1.0,2.0,2.0,2.0,2.0,4.0,3.0,5.0,3.0,3.0,1.0,2.0,4.0,4.0,3.0,5.0,3.0,4.0,1.0,1.0,1.0,3.0,2.0,4.0,2.0,4.0,3.0,3.0,3.0,2.0,2.0,3.0,2.0,1.0,5.0,4.0,5.0,3.0,5.0,5.0,4.0,1.0,2.0,5.0,4.0,1.0,2.0,2.0,1.0,1.0,2.0,1.0,2.0,5.0,2.0,4.0,3.0,3.0
224,3.0,2.0,1.0,2.0,5.0,5.0,4.0,4.0,3.0,5.0,3.0,4.0,5.0,5.0,2.0,5.0,3.0,2.0,1.0,4.0,4.0,2.0,5.0,4.0,3.0,2.0,3.0,3.0,3.0,3.0,4.0,4.0,3.0,2.0,5.0,4.0,2.0,2.0,2.0,2.0,3.0,1.0,1.0,1.0,1.0,3.0,1.0,3.0,3.0,1.0,5.0,5.0,3.0,2.0,3.0,3.0,3.0,3.0,2.0,5.0,5.0,4.0,1.0,5.0,3.0,4.0,4.0,4.0,1.0,5.0,5.0,3.0,1.0,2.0,2.0,5.0,5.0,1.0,3.0,2.0,4.0,4.0,4.0,3.0,2.0,2.0,5.0,2.0,5.0,2.0,1.0,1.0,5.0,4.0,2.0,1.0,1.0,5.0,5.0,5.0,5.0,5.0
225,4.0,2.0,3.0,1.0,4.0,5.0,4.0,5.0,4.0,3.0,3.0,4.0,1.0,3.0,3.0,5.0,4.0,1.0,1.0,3.0,3.0,3.0,5.0,4.0,2.0,4.0,4.0,3.0,2.0,2.0,5.0,1.0,2.0,1.0,5.0,2.0,2.0,5.0,2.0,2.0,4.0,3.0,4.0,1.0,2.0,5.0,1.0,1.0,3.0,2.0,4.0,4.0,3.0,4.0,1.0,2.0,3.0,4.0,4.0,2.0,1.0,1.0,4.0,4.0,3.0,3.0,1.0,1.0,1.0,1.0,2.0,3.0,1.0,1.0,1.0,4.0,2.0,1.0,5.0,4.0,5.0,4.0,5.0,4.0,3.0,2.0,1.0,4.0,3.0,1.0,1.0,1.0,4.0,1.0,1.0,4.0,5.0,3.0,3.0,4.0,1.0,5.0
226,3.0,2.0,5.0,1.0,4.0,2.0,2.0,4.0,3.0,3.0,5.0,3.0,4.0,4.0,3.0,5.0,4.0,3.0,2.0,4.0,3.0,2.0,3.0,5.0,4.0,3.0,4.0,2.0,4.0,4.0,4.0,5.0,1.0,3.0,5.0,1.0,1.0,5.0,3.0,3.0,3.0,1.0,2.0,3.0,5.0,5.0,2.0,1.0,4.0,1.0,3.0,5.0,5.0,5.0,3.0,2.0,2.0,2.0,5.0,4.0,4.0,3.0,5.0,3.0,1.0,3.0,3.0,2.0,4.0,2.0,3.0,3.0,1.0,1.0,1.0,4.0,2.0,1.0,4.0,1.0,3.0,5.0,5.0,1.0,1.0,2.0,1.0,1.0,4.0,5.0,2.0,3.0,4.0,5.0,2.0,2.0,4.0,3.0,3.0,5.0,3.0,4.0
227,3.0,1.0,4.0,1.0,4.0,5.0,3.0,3.0,4.0,5.0,5.0,4.0,4.0,3.0,3.0,3.0,3.0,4.0,1.0,5.0,5.0,1.0,3.0,3.0,3.0,3.0,5.0,2.0,3.0,1.0,1.0,5.0,1.0,5.0,5.0,2.0,3.0,3.0,2.0,2.0,3.0,1.0,4.0,4.0,4.0,4.0,4.0,4.0,1.0,4.0,5.0,5.0,3.0,5.0,3.0,3.0,1.0,3.0,3.0,5.0,1.0,1.0,4.0,5.0,1.0,3.0,3.0,3.0,3.0,1.0,3.0,3.0,2.0,3.0,2.0,4.0,4.0,4.0,3.0,3.0,5.0,3.0,5.0,4.0,3.0,3.0,3.0,3.0,5.0,4.0,1.0,1.0,3.0,5.0,5.0,4.0,3.0,2.0,5.0,5.0,4.0,5.0
228,3.0,2.0,4.0,3.0,3.0,3.0,5.0,3.0,4.0,3.0,4.0,2.0,4.0,4.0,3.0,2.0,4.0,3.0,2.0,3.0,4.0,4.0,4.0,4.0,3.0,4.0,4.0,2.0,4.0,2.0,4.0,4.0,1.0,3.0,2.0,3.0,4.0,3.0,1.0,3.0,2.0,2.0,2.0,2.0,2.0,4.0,4.0,2.0,3.0,3.0,2.0,3.0,3.0,4.0,3.0,1.0,3.0,3.0,2.0,3.0,2.0,1.0,4.0,4.0,4.0,3.0,3.0,3.0,4.0,2.0,5.0,4.0,4.0,3.0,2.0,3.0,2.0,3.0,2.0,2.0,4.0,5.0,5.0,2.0,2.0,1.0,1.0,2.0,5.0,2.0,1.0,2.0,5.0,2.0,1.0,1.0,2.0,3.0,2.0,5.0,3.0,1.0
229,3.0,2.0,5.0,3.0,3.0,5.0,4.0,4.0,2.0,2.0,3.0,4.0,1.0,2.0,3.0,5.0,3.0,5.0,1.0,3.0,5.0,5.0,5.0,4.0,2.0,3.0,3.0,3.0,3.0,1.0,1.0,3.0,1.0,5.0,4.0,5.0,1.0,2.0,2.0,2.0,3.0,5.0,5.0,4.0,3.0,3.0,4.0,2.0,5.0,5.0,1.0,4.0,3.0,3.0,2.0,3.0,3.0,5.0,3.0,2.0,1.0,1.0,2.0,3.0,1.0,1.0,1.0,5.0,1.0,1.0,3.0,3.0,2.0,4.0,4.0,5.0,2.0,1.0,5.0,5.0,5.0,3.0,3.0,5.0,2.0,2.0,2.0,5.0,5.0,4.0,1.0,4.0,5.0,3.0,3.0,1.0,3.0,3.0,4.0,3.0,1.0,5.0
230,5.0,2.0,1.0,3.0,3.0,1.0,5.0,5.0,4.0,2.0,4.0,3.0,3.0,3.0,3.0,4.0,3.0,3.0,2.0,3.0,5.0,4.0,4.0,5.0,1.0,2.0,4.0,1.0,5.0,3.0,4.0,5.0,3.0,2.0,4.0,2.0,2.0,4.0,2.0,1.0,4.0,2.0,1.0,2.0,1.0,5.0,2.0,1.0,3.0,3.0,3.0,5.0,2.0,2.0,2.0,3.0,4.0,4.0,3.0,5.0,5.0,3.0,1.0,2.0,4.0,4.0,3.0,1.0,1.0,4.0,2.0,3.0,4.0,3.0,3.0,4.0,4.0,5.0,2.0,2.0,4.0,4.0,4.0,2.0,1.0,3.0,3.0,1.0,4.0,1.0,1.0,1.0,5.0,4.0,1.0,2.0,3.0,5.0,3.0,5.0,3.0,1.0
231,5.0,2.0,3.0,5.0,5.0,2.0,5.0,1.0,3.0,3.0,5.0,4.0,3.0,5.0,4.0,5.0,3.0,3.0,1.0,2.0,1.0,3.0,5.0,5.0,3.0,3.0,5.0,3.0,5.0,5.0,5.0,5.0,1.0,2.0,5.0,3.0,3.0,4.0,3.0,2.0,3.0,1.0,1.0,1.0,1.0,5.0,1.0,1.0,3.0,1.0,2.0,5.0,4.0,5.0,5.0,2.0,5.0,5.0,5.0,5.0,2.0,2.0,5.0,5.0,5.0,3.0,3.0,5.0,2.0,5.0,5.0,3.0,3.0,3.0,1.0,4.0,3.0,5.0,4.0,3.0,5.0,5.0,5.0,2.0,2.0,4.0,3.0,3.0,3.0,3.0,3.0,2.0,5.0,4.0,2.0,3.0,4.0,3.0,5.0,5.0,5.0,2.0
232,2.0,2.0,1.0,4.0,5.0,3.0,5.0,3.0,4.0,2.0,3.0,3.0,3.0,3.0,2.0,4.0,3.0,3.0,2.0,3.0,4.0,3.0,2.0,3.0,2.0,4.0,3.0,3.0,3.0,3.0,3.0,3.0,2.0,3.0,4.0,4.0,2.0,3.0,3.0,2.0,3.0,1.0,1.0,2.0,2.0,1.0,1.0,1.0,2.0,2.0,3.0,5.0,3.0,2.0,1.0,2.0,3.0,2.0,2.0,3.0,2.0,3.0,1.0,3.0,3.0,2.0,4.0,2.0,4.0,2.0,1.0,4.0,1.0,3.0,3.0,5.0,3.0,1.0,4.0,4.0,5.0,1.0,3.0,5.0,1.0,2.0,3.0,4.0,3.0,1.0,2.0,3.0,4.0,1.0,3.0,1.0,1.0,3.0,2.0,5.0,2.0,3.0
233,1.0,2.0,1.0,3.0,2.0,1.0,3.0,1.0,4.0,1.0,3.0,2.0,4.0,4.0,2.0,5.0,5.0,4.0,2.0,4.0,4.0,4.0,5.0,4.0,2.0,2.0,4.0,3.0,3.0,4.0,1.0,3.0,1.0,3.0,1.0,2.0,1.0,5.0,3.0,3.0,3.0,3.0,2.0,2.0,4.0,4.0,2.0,2.0,2.0,2.0,3.0,5.0,4.0,3.0,3.0,2.0,4.0,2.0,2.0,4.0,5.0,2.0,1.0,4.0,5.0,4.0,3.0,4.0,3.0,2.0,2.0,3.0,3.0,3.0,2.0,5.0,5.0,4.0,2.0,1.0,3.0,4.0,4.0,2.0,1.0,4.0,2.0,1.0,4.0,1.0,5.0,1.0,4.0,2.0,1.0,3.0,3.0,4.0,2.0,5.0,3.0,1.0
234,3.0,2.0,4.0,1.0,2.0,3.0,3.0,2.0,4.0,2.0,4.0,3.0,3.0,4.0,3.0,2.0,4.0,3.0,2.0,4.0,3.0,3.0,5.0,3.0,2.0,4.0,4.0,2.0,3.0,4.0,3.0,5.0,2.0,4.0,5.0,2.0,2.0,1.0,4.0,3.0,2.0,3.0,2.0,4.0,3.0,1.0,5.0,3.0,1.0,2.0,4.0,5.0,3.0,3.0,2.0,1.0,2.0,2.0,4.0,5.0,1.0,2.0,3.0,2.0,2.0,3.0,1.0,2.0,3.0,2.0,5.0,2.0,3.0,1.0,1.0,5.0,4.0,1.0,2.0,2.0,2.0,3.0,4.0,1.0,2.0,1.0,1.0,2.0,2.0,1.0,1.0,1.0,4.0,5.0,1.0,3.0,3.0,2.0,2.0,4.0,2.0,5.0
235,3.0,1.0,5.0,3.0,3.0,4.0,5.0,3.0,3.0,5.0,3.0,3.0,3.0,3.0,3.0,5.0,3.0,3.0,1.0,5.0,1.0,3.0,5.0,5.0,3.0,3.0,3.0,3.0,2.0,3.0,3.0,4.0,1.0,5.0,5.0,1.0,1.0,4.0,2.0,2.0,3.0,4.0,5.0,4.0,3.0,1.0,5.0,3.0,3.0,5.0,4.0,5.0,3.0,4.0,5.0,1.0,4.0,5.0,5.0,4.0,1.0,1.0,3.0,3.0,4.0,4.0,1.0,5.0,4.0,4.0,1.0,1.0,1.0,1.0,1.0,5.0,5.0,1.0,2.0,1.0,5.0,5.0,5.0,1.0,1.0,4.0,1.0,5.0,5.0,3.0,5.0,1.0,5.0,1.0,1.0,1.0,2.0,1.0,3.0,4.0,1.0,1.0
236,1.0,2.0,1.0,3.0,2.0,5.0,5.0,3.0,3.0,3.0,3.0,4.0,1.0,4.0,4.0,2.0,3.0,5.0,3.0,3.0,3.0,3.0,3.0,3.0,5.0,3.0,3.0,3.0,3.0,5.0,4.0,1.0,5.0,5.0,2.0,4.0,3.0,5.0,2.0,1.0,3.0,4.0,1.0,1.0,3.0,5.0,5.0,5.0,5.0,5.0,5.0,5.0,3.0,1.0,1.0,1.0,4.0,1.0,2.0,5.0,1.0,1.0,1.0,1.0,2.0,2.0,5.0,2.0,1.0,2.0,2.0,2.0,5.0,1.0,1.0,5.0,4.0,1.0,1.0,1.0,3.0,5.0,2.0,1.0,3.0,1.0,5.0,1.0,5.0,1.0,1.0,1.0,5.0,3.0,1.0,2.0,3.0,3.0,1.0,3.0,1.0,1.0
237,5.0,1.0,4.0,2.0,4.0,4.0,4.0,5.0,3.0,2.0,5.0,3.0,5.0,4.0,2.0,5.0,4.0,3.0,3.0,4.0,3.0,2.0,5.0,4.0,4.0,3.0,4.0,4.0,3.0,5.0,3.0,3.0,3.0,5.0,5.0,4.0,2.0,5.0,4.0,3.0,3.0,2.0,2.0,2.0,2.0,5.0,5.0,4.0,3.0,2.0,4.0,5.0,4.0,4.0,2.0,2.0,2.0,2.0,3.0,5.0,5.0,3.0,4.0,3.0,5.0,4.0,4.0,4.0,2.0,2.0,3.0,3.0,3.0,3.0,3.0,3.0,3.0,3.0,3.0,3.0,3.0,3.0,3.0,3.0,3.0,3.0,2.0,2.0,4.0,4.0,2.0,2.0,2.0,4.0,1.0,3.0,3.0,2.0,2.0,5.0,5.0,4.0
238,1.0,2.0,5.0,2.0,3.0,4.0,5.0,5.0,2.0,3.0,4.0,3.0,5.0,5.0,3.0,5.0,3.0,4.0,3.0,5.0,3.0,5.0,5.0,5.0,5.0,3.0,4.0,3.0,3.0,5.0,3.0,1.0,1.0,4.0,3.0,5.0,1.0,5.0,2.0,2.0,4.0,2.0,2.0,1.0,1.0,3.0,5.0,2.0,1.0,2.0,1.0,5.0,3.0,3.0,3.0,4.0,5.0,2.0,3.0,5.0,4.0,2.0,3.0,3.0,5.0,5.0,1.0,5.0,4.0,3.0,5.0,5.0,5.0,5.0,3.0,5.0,5.0,3.0,2.0,2.0,2.0,4.0,5.0,1.0,3.0,4.0,3.0,5.0,4.0,3.0,5.0,1.0,4.0,5.0,1.0,2.0,2.0,5.0,2.0,5.0,3.0,1.0
239,2.0,2.0,1.0,3.0,3.0,5.0,3.0,1.0,4.0,2.0,4.0,4.0,3.0,4.0,3.0,4.0,3.0,5.0,3.0,4.0,2.0,3.0,2.0,4.0,3.0,3.0,4.0,2.0,3.0,3.0,2.0,5.0,2.0,3.0,5.0,2.0,2.0,4.0,1.0,2.0,3.0,1.0,1.0,2.0,2.0,5.0,3.0,2.0,1.0,2.0,4.0,5.0,4.0,3.0,3.0,2.0,4.0,3.0,5.0,4.0,1.0,1.0,2.0,1.0,3.0,3.0,2.0,3.0,2.0,3.0,4.0,2.0,3.0,2.0,3.0,3.0,1.0,2.0,3.0,1.0,3.0,5.0,2.0,3.0,2.0,4.0,3.0,1.0,5.0,2.0,2.0,2.0,4.0,5.0,2.0,3.0,5.0,4.0,5.0,5.0,3.0,5.0
240,4.0,2.0,5.0,5.0,5.0,2.0,5.0,5.0,4.0,1.0,1.0,2.0,1.0,2.0,3.0,5.0,4.0,3.0,1.0,5.0,5.0,1.0,5.0,5.0,3.0,4.0,4.0,5.0,1.0,2.0,1.0,1.0,1.0,5.0,5.0,4.0,1.0,3.0,3.0,2.0,3.0,1.0,4.0,4.0,5.0,1.0,5.0,1.0,3.0,5.0,5.0,5.0,5.0,5.0,3.0,1.0,1.0,2.0,5.0,1.0,1.0,2.0,4.0,5.0,3.0,1.0,2.0,4.0,2.0,1.0,1.0,2.0,1.0,1.0,1.0,4.0,1.0,4.0,1.0,1.0,3.0,4.0,4.0,1.0,1.0,1.0,3.0,2.0,5.0,2.0,1.0,1.0,3.0,2.0,2.0,5.0,5.0,1.0,1.0,5.0,2.0,3.0
241,2.0,2.0,3.0,1.0,5.0,2.0,4.0,3.0,3.0,4.0,2.0,4.0,1.0,2.0,3.0,1.0,3.0,2.0,3.0,4.0,3.0,4.0,5.0,2.0,1.0,2.0,4.0,3.0,3.0,3.0,2.0,1.0,3.0,4.0,3.0,2.0,2.0,4.0,2.0,2.0,3.0,3.0,4.0,3.0,3.0,3.0,4.0,1.0,4.0,5.0,4.0,5.0,4.0,2.0,4.0,3.0,4.0,2.0,2.0,5.0,4.0,4.0,1.0,4.0,3.0,4.0,3.0,2.0,3.0,2.0,3.0,2.0,3.0,3.0,3.0,4.0,4.0,2.0,2.0,2.0,4.0,4.0,5.0,2.0,2.0,4.0,3.0,2.0,3.0,1.0,1.0,1.0,4.0,4.0,1.0,1.0,3.0,4.0,2.0,4.0,4.0,3.0
242,5.0,1.0,2.0,3.0,4.0,4.0,3.0,1.0,3.0,1.0,4.0,3.0,4.0,3.0,4.0,5.0,3.0,2.0,1.0,5.0,3.0,1.0,5.0,3.0,3.0,3.0,5.0,3.0,3.0,5.0,4.0,3.0,1.0,5.0,5.0,1.0,1.0,3.0,1.0,2.0,1.0,1.0,1.0,1.0,4.0,1.0,3.0,1.0,1.0,3.0,1.0,5.0,4.0,3.0,5.0,3.0,1.0,1.0,4.0,3.0,1.0,1.0,2.0,3.0,3.0,2.0,1.0,3.0,1.0,1.0,1.0,1.0,1.0,1.0,1.0,4.0,4.0,1.0,1.0,1.0,1.0,5.0,1.0,1.0,1.0,5.0,2.0,2.0,3.0,2.0,3.0,1.0,3.0,5.0,1.0,1.0,3.0,4.0,3.0,5.0,3.0,3.0
243,4.0,2.0,5.0,1.0,3.0,4.0,5.0,4.0,4.0,5.0,4.0,3.0,4.0,3.0,3.0,5.0,3.0,3.0,2.0,5.0,3.0,4.0,4.0,4.0,2.0,3.0,4.0,2.0,4.0,3.0,4.0,5.0,1.0,4.0,5.0,2.0,2.0,4.0,2.0,2.0,3.0,4.0,2.0,1.0,2.0,2.0,4.0,3.0,2.0,2.0,2.0,5.0,3.0,3.0,2.0,2.0,5.0,3.0,1.0,5.0,2.0,4.0,1.0,3.0,4.0,4.0,5.0,3.0,1.0,3.0,5.0,2.0,1.0,1.0,1.0,4.0,2.0,1.0,1.0,1.0,5.0,3.0,3.0,1.0,1.0,4.0,5.0,3.0,4.0,2.0,2.0,3.0,4.0,2.0,2.0,2.0,3.0,1.0,5.0,5.0,1.0,4.0
244,3.0,1.0,3.0,2.0,3.0,3.0,4.0,2.0,4.0,4.0,5.0,4.0,3.0,4.0,3.0,2.0,3.0,2.0,1.0,4.0,4.0,2.0,4.0,4.0,4.0,3.0,4.0,3.0,4.0,4.0,4.0,5.0,1.0,4.0,4.0,2.0,3.0,3.0,2.0,2.0,4.0,5.0,1.0,4.0,4.0,4.0,3.0,2.0,3.0,2.0,4.0,4.0,3.0,4.0,3.0,2.0,4.0,4.0,3.0,5.0,4.0,2.0,2.0,2.0,2.0,3.0,2.0,2.0,2.0,3.0,2.0,2.0,3.0,1.0,2.0,3.0,3.0,4.0,4.0,2.0,3.0,3.0,5.0,4.0,3.0,4.0,3.0,2.0,3.0,1.0,1.0,1.0,3.0,5.0,2.0,2.0,3.0,4.0,3.0,4.0,2.0,3.0
245,3.0,2.0,2.0,1.0,4.0,3.0,4.0,2.0,3.0,3.0,3.0,4.0,1.0,3.0,2.0,3.0,3.0,3.0,2.0,3.0,3.0,3.0,5.0,4.0,3.0,4.0,3.0,3.0,2.0,3.0,4.0,5.0,3.0,3.0,5.0,4.0,1.0,5.0,4.0,2.0,3.0,1.0,1.0,1.0,3.0,3.0,4.0,4.0,4.0,4.0,2.0,5.0,3.0,5.0,1.0,2.0,4.0,3.0,4.0,4.0,1.0,2.0,3.0,2.0,3.0,3.0,3.0,4.0,4.0,3.0,3.0,3.0,3.0,3.0,4.0,5.0,4.0,4.0,1.0,1.0,1.0,3.0,3.0,3.0,3.0,4.0,3.0,1.0,3.0,1.0,1.0,1.0,4.0,1.0,1.0,2.0,3.0,3.0,3.0,5.0,2.0,5.0
246,2.0,3.0,2.0,4.0,5.0,1.0,4.0,5.0,3.0,1.0,4.0,4.0,2.0,3.0,4.0,5.0,3.0,2.0,1.0,2.0,3.0,1.0,4.0,3.0,4.0,2.0,3.0,3.0,4.0,3.0,4.0,5.0,1.0,4.0,5.0,2.0,2.0,5.0,4.0,2.0,3.0,1.0,1.0,2.0,1.0,2.0,4.0,1.0,5.0,3.0,3.0,5.0,4.0,4.0,2.0,3.0,3.0,5.0,4.0,3.0,1.0,2.0,2.0,3.0,3.0,3.0,4.0,2.0,5.0,2.0,2.0,3.0,1.0,1.0,1.0,5.0,4.0,4.0,1.0,1.0,4.0,2.0,4.0,1.0,1.0,2.0,1.0,1.0,4.0,3.0,3.0,2.0,2.0,1.0,1.0,4.0,4.0,5.0,3.0,5.0,2.0,5.0
247,3.0,2.0,3.0,5.0,5.0,3.0,5.0,3.0,3.0,2.0,2.0,3.0,1.0,3.0,3.0,5.0,3.0,3.0,1.0,3.0,5.0,3.0,5.0,5.0,3.0,3.0,4.0,3.0,5.0,3.0,3.0,5.0,2.0,1.0,3.0,5.0,3.0,3.0,2.0,2.0,3.0,1.0,1.0,4.0,5.0,5.0,5.0,3.0,5.0,5.0,2.0,5.0,4.0,5.0,2.0,2.0,5.0,4.0,5.0,5.0,2.0,2.0,3.0,3.0,3.0,2.0,3.0,5.0,3.0,2.0,2.0,5.0,3.0,1.0,3.0,5.0,3.0,2.0,3.0,3.0,3.0,4.0,5.0,4.0,2.0,5.0,4.0,2.0,4.0,5.0,3.0,3.0,3.0,4.0,3.0,1.0,5.0,4.0,4.0,5.0,3.0,3.0
248,2.0,3.0,3.0,4.0,3.0,2.0,5.0,3.0,3.0,5.0,3.0,3.0,1.0,5.0,3.0,5.0,2.0,4.0,2.0,4.0,4.0,2.0,4.0,5.0,2.0,1.0,4.0,3.0,4.0,5.0,2.0,5.0,4.0,3.0,3.0,4.0,4.0,5.0,2.0,2.0,3.0,1.0,1.0,1.0,2.0,2.0,3.0,2.0,2.0,3.0,5.0,5.0,2.0,2.0,2.0,2.0,4.0,4.0,4.0,4.0,1.0,3.0,2.0,3.0,3.0,4.0,4.0,2.0,1.0,3.0,4.0,5.0,4.0,4.0,4.0,5.0,4.0,4.0,2.0,2.0,5.0,4.0,4.0,3.0,2.0,3.0,5.0,4.0,4.0,2.0,5.0,5.0,3.0,4.0,2.0,1.0,2.0,4.0,4.0,4.0,3.0,1.0
249,1.0,1.0,5.0,2.0,5.0,2.0,4.0,3.0,4.0,5.0,4.0,5.0,3.0,5.0,4.0,5.0,3.0,2.0,1.0,5.0,3.0,3.0,5.0,4.0,4.0,5.0,5.0,1.0,3.0,4.0,5.0,5.0,1.0,5.0,3.0,2.0,4.0,1.0,3.0,2.0,3.0,3.0,2.0,2.0,2.0,1.0,3.0,3.0,3.0,5.0,1.0,5.0,3.0,2.0,5.0,2.0,4.0,5.0,5.0,2.0,1.0,1.0,1.0,3.0,4.0,3.0,4.0,3.0,1.0,4.0,3.0,4.0,1.0,1.0,1.0,4.0,4.0,1.0,1.0,1.0,3.0,2.0,1.0,1.0,1.0,1.0,5.0,1.0,3.0,4.0,5.0,1.0,2.0,2.0,4.0,3.0,2.0,1.0,5.0,4.0,1.0,2.0
250,1.0,2.0,1.0,2.0,1.0,4.0,3.0,1.0,4.0,4.0,4.0,4.0,4.0,5.0,3.0,4.0,4.0,3.0,2.0,2.0,3.0,1.0,5.0,4.0,5.0,5.0,4.0,1.0,5.0,5.0,4.0,5.0,3.0,5.0,2.0,2.0,3.0,5.0,3.0,3.0,3.0,1.0,3.0,1.0,1.0,1.0,1.0,2.0,1.0,2.0,1.0,5.0,5.0,2.0,4.0,3.0,2.0,1.0,1.0,5.0,5.0,4.0,2.0,3.0,5.0,4.0,4.0,3.0,1.0,1.0,5.0,1.0,3.0,5.0,3.0,5.0,5.0,1.0,3.0,5.0,3.0,5.0,4.0,3.0,1.0,3.0,2.0,1.0,3.0,2.0,5.0,3.0,5.0,2.0,3.0,4.0,1.0,5.0,1.0,5.0,3.0,3.0
251,2.0,1.0,5.0,4.0,2.0,4.0,4.0,1.0,3.0,2.0,4.0,3.0,5.0,4.0,3.0,2.0,3.0,4.0,2.0,5.0,2.0,3.0,5.0,2.0,3.0,4.0,4.0,2.0,2.0,4.0,4.0,3.0,1.0,4.0,5.0,3.0,2.0,4.0,2.0,1.0,3.0,2.0,2.0,2.0,2.0,3.0,2.0,2.0,2.0,2.0,2.0,5.0,5.0,3.0,3.0,3.0,4.0,2.0,4.0,4.0,2.0,2.0,2.0,4.0,3.0,3.0,3.0,4.0,3.0,2.0,4.0,3.0,2.0,2.0,2.0,3.0,2.0,1.0,3.0,2.0,5.0,5.0,5.0,3.0,2.0,1.0,2.0,5.0,5.0,4.0,2.0,1.0,1.0,5.0,3.0,1.0,4.0,3.0,3.0,5.0,4.0,4.0
252,3.0,2.0,1.0,3.0,4.0,5.0,3.0,5.0,4.0,3.0,4.0,2.0,3.0,4.0,3.0,4.0,4.0,2.0,1.0,5.0,3.0,3.0,3.0,4.0,4.0,3.0,5.0,2.0,5.0,5.0,3.0,5.0,1.0,3.0,4.0,2.0,1.0,3.0,2.0,3.0,5.0,2.0,2.0,2.0,2.0,3.0,1.0,2.0,1.0,1.0,1.0,5.0,3.0,3.0,2.0,1.0,2.0,5.0,4.0,3.0,1.0,1.0,5.0,4.0,4.0,3.0,4.0,3.0,4.0,3.0,5.0,5.0,5.0,2.0,2.0,4.0,1.0,2.0,4.0,2.0,5.0,5.0,3.0,3.0,1.0,1.0,4.0,1.0,5.0,3.0,1.0,3.0,3.0,5.0,3.0,1.0,3.0,5.0,4.0,5.0,5.0,5.0
253,3.0,2.0,1.0,2.0,5.0,2.0,5.0,4.0,4.0,3.0,5.0,4.0,2.0,5.0,3.0,5.0,3.0,3.0,1.0,4.0,1.0,1.0,5.0,5.0,3.0,5.0,5.0,1.0,5.0,5.0,5.0,5.0,2.0,4.0,4.0,3.0,2.0,4.0,2.0,2.0,4.0,1.0,5.0,2.0,4.0,4.0,5.0,3.0,1.0,2.0,4.0,5.0,4.0,2.0,2.0,3.0,4.0,5.0,4.0,3.0,1.0,1.0,1.0,3.0,4.0,4.0,3.0,2.0,1.0,5.0,5.0,3.0,5.0,2.0,1.0,5.0,4.0,4.0,4.0,3.0,5.0,5.0,5.0,5.0,4.0,1.0,5.0,1.0,5.0,3.0,3.0,1.0,5.0,4.0,4.0,3.0,3.0,3.0,4.0,5.0,5.0,5.0
254,5.0,1.0,5.0,1.0,5.0,5.0,5.0,5.0,2.0,5.0,3.0,5.0,1.0,4.0,1.0,5.0,3.0,5.0,1.0,5.0,5.0,5.0,5.0,5.0,1.0,1.0,3.0,1.0,5.0,1.0,1.0,5.0,3.0,5.0,5.0,4.0,1.0,5.0,1.0,2.0,4.0,5.0,3.0,3.0,5.0,4.0,5.0,4.0,1.0,4.0,3.0,3.0,2.0,1.0,3.0,3.0,3.0,4.0,1.0,1.0,1.0,1.0,1.0,1.0,1.0,1.0,1.0,1.0,1.0,2.0,5.0,4.0,5.0,3.0,3.0,3.0,3.0,5.0,5.0,4.0,5.0,5.0,5.0,5.0,4.0,1.0,5.0,5.0,4.0,1.0,4.0,5.0,1.0,1.0,3.0,1.0,1.0,3.0,5.0,3.0,1.0,4.0
255,3.0,2.0,3.0,4.0,4.0,4.0,4.0,3.0,3.0,2.0,4.0,3.0,2.0,2.0,3.0,3.0,3.0,4.0,2.0,3.0,1.0,2.0,4.0,4.0,2.0,4.0,3.0,3.0,3.0,4.0,4.0,4.0,4.0,2.0,3.0,2.0,1.0,2.0,4.0,3.0,3.0,3.0,3.0,3.0,1.0,2.0,2.0,2.0,5.0,4.0,2.0,4.0,3.0,4.0,2.0,1.0,2.0,4.0,4.0,3.0,1.0,2.0,3.0,3.0,3.0,4.0,4.0,4.0,1.0,2.0,2.0,3.0,3.0,1.0,1.0,5.0,2.0,4.0,2.0,1.0,2.0,2.0,4.0,3.0,5.0,3.0,2.0,1.0,3.0,3.0,1.0,1.0,1.0,4.0,1.0,3.0,5.0,2.0,4.0,5.0,2.0,5.0
256,5.0,1.0,3.0,1.0,3.0,5.0,5.0,2.0,2.0,4.0,5.0,4.0,3.0,4.0,2.0,4.0,3.0,2.0,3.0,5.0,5.0,4.0,5.0,5.0,5.0,3.0,5.0,3.0,3.0,5.0,3.0,2.0,4.0,5.0,5.0,1.0,1.0,5.0,3.0,2.0,5.0,1.0,4.0,5.0,1.0,5.0,5.0,5.0,5.0,3.0,4.0,5.0,3.0,4.0,1.0,1.0,1.0,1.0,5.0,3.0,3.0,3.0,3.0,3.0,2.0,4.0,3.0,1.0,3.0,1.0,1.0,3.0,2.0,3.0,1.0,4.0,3.0,5.0,3.0,1.0,4.0,5.0,5.0,5.0,3.0,4.0,5.0,3.0,5.0,5.0,1.0,1.0,5.0,5.0,2.0,3.0,5.0,3.0,4.0,5.0,4.0,5.0
257,4.0,2.0,1.0,5.0,5.0,1.0,5.0,3.0,4.0,3.0,5.0,4.0,3.0,3.0,2.0,5.0,3.0,3.0,1.0,5.0,2.0,3.0,4.0,5.0,3.0,2.0,3.0,4.0,3.0,4.0,4.0,4.0,1.0,4.0,5.0,3.0,2.0,5.0,3.0,2.0,5.0,1.0,1.0,2.0,4.0,2.0,4.0,2.0,1.0,3.0,4.0,5.0,3.0,2.0,2.0,2.0,5.0,4.0,4.0,5.0,4.0,3.0,4.0,4.0,3.0,5.0,4.0,3.0,3.0,3.0,4.0,4.0,2.0,4.0,4.0,5.0,5.0,3.0,5.0,5.0,3.0,3.0,4.0,5.0,3.0,3.0,2.0,1.0,4.0,2.0,1.0,2.0,5.0,5.0,2.0,1.0,2.0,4.0,3.0,5.0,5.0,5.0
258,1.0,2.0,3.0,3.0,3.0,4.0,3.0,3.0,4.0,3.0,5.0,3.0,3.0,5.0,2.0,3.0,4.0,3.0,1.0,5.0,3.0,4.0,3.0,3.0,4.0,4.0,4.0,1.0,2.0,4.0,3.0,2.0,1.0,5.0,3.0,4.0,2.0,4.0,2.0,2.0,4.0,3.0,2.0,2.0,2.0,5.0,3.0,2.0,1.0,5.0,2.0,5.0,4.0,3.0,4.0,3.0,3.0,4.0,2.0,2.0,1.0,1.0,2.0,5.0,4.0,4.0,4.0,4.0,1.0,2.0,3.0,4.0,2.0,2.0,2.0,3.0,2.0,1.0,4.0,5.0,2.0,4.0,2.0,3.0,1.0,2.0,3.0,2.0,4.0,5.0,5.0,1.0,2.0,5.0,3.0,2.0,2.0,4.0,4.0,4.0,5.0,3.0
259,3.0,2.0,5.0,5.0,5.0,3.0,3.0,4.0,4.0,3.0,5.0,3.0,1.0,5.0,2.0,5.0,3.0,5.0,2.0,5.0,5.0,1.0,3.0,4.0,3.0,3.0,5.0,5.0,5.0,5.0,1.0,1.0,5.0,3.0,3.0,5.0,1.0,5.0,1.0,1.0,5.0,1.0,1.0,1.0,3.0,1.0,1.0,1.0,5.0,5.0,5.0,5.0,5.0,5.0,1.0,5.0,5.0,5.0,5.0,5.0,5.0,1.0,2.0,3.0,1.0,5.0,5.0,5.0,5.0,2.0,4.0,5.0,3.0,3.0,5.0,5.0,5.0,1.0,3.0,5.0,5.0,5.0,5.0,1.0,1.0,1.0,5.0,5.0,5.0,5.0,5.0,5.0,1.0,3.0,5.0,1.0,2.0,5.0,5.0,5.0,5.0,5.0
260,3.0,2.0,3.0,5.0,3.0,2.0,3.0,3.0,3.0,5.0,3.0,3.0,3.0,3.0,3.0,4.0,3.0,3.0,2.0,5.0,1.0,3.0,5.0,5.0,3.0,3.0,3.0,5.0,3.0,3.0,3.0,1.0,1.0,3.0,5.0,3.0,1.0,5.0,3.0,2.0,3.0,1.0,3.0,2.0,1.0,5.0,3.0,1.0,1.0,1.0,3.0,5.0,4.0,4.0,3.0,4.0,2.0,4.0,5.0,5.0,2.0,3.0,5.0,5.0,2.0,5.0,2.0,5.0,5.0,1.0,4.0,4.0,1.0,3.0,2.0,5.0,3.0,3.0,5.0,4.0,5.0,5.0,4.0,5.0,3.0,4.0,2.0,1.0,5.0,5.0,1.0,1.0,3.0,5.0,1.0,2.0,3.0,4.0,3.0,5.0,5.0,5.0
261,5.0,2.0,5.0,1.0,5.0,1.0,1.0,3.0,5.0,1.0,5.0,3.0,5.0,5.0,3.0,5.0,5.0,2.0,2.0,5.0,3.0,3.0,5.0,5.0,5.0,4.0,5.0,1.0,5.0,5.0,4.0,1.0,1.0,3.0,5.0,3.0,5.0,5.0,4.0,3.0,1.0,1.0,1.0,3.0,1.0,1.0,3.0,1.0,1.0,1.0,1.0,5.0,1.0,3.0,3.0,4.0,4.0,4.0,5.0,5.0,3.0,4.0,4.0,3.0,4.0,5.0,1.0,4.0,4.0,1.0,3.0,5.0,4.0,3.0,2.0,5.0,1.0,5.0,3.0,2.0,1.0,3.0,4.0,2.0,1.0,5.0,3.0,5.0,5.0,3.0,3.0,4.0,4.0,4.0,3.0,3.0,5.0,5.0,2.0,5.0,5.0,5.0
262,2.0,2.0,4.0,3.0,4.0,4.0,4.0,4.0,3.0,5.0,3.0,4.0,3.0,3.0,3.0,3.0,3.0,4.0,2.0,4.0,4.0,2.0,3.0,4.0,2.0,3.0,4.0,3.0,4.0,2.0,4.0,5.0,3.0,4.0,2.0,3.0,4.0,3.0,2.0,2.0,3.0,3.0,2.0,3.0,4.0,2.0,3.0,3.0,4.0,4.0,2.0,5.0,2.0,2.0,1.0,2.0,3.0,4.0,3.0,3.0,1.0,1.0,2.0,4.0,4.0,2.0,1.0,3.0,1.0,3.0,2.0,3.0,5.0,2.0,1.0,4.0,2.0,3.0,1.0,1.0,4.0,2.0,4.0,2.0,5.0,2.0,2.0,4.0,2.0,1.0,1.0,1.0,4.0,5.0,2.0,4.0,3.0,3.0,3.0,3.0,2.0,3.0
263,4.0,2.0,5.0,1.0,4.0,5.0,5.0,4.0,3.0,3.0,3.0,4.0,1.0,3.0,3.0,5.0,3.0,4.0,1.0,5.0,3.0,3.0,3.0,3.0,4.0,3.0,3.0,5.0,3.0,3.0,3.0,1.0,1.0,4.0,5.0,4.0,5.0,3.0,1.0,2.0,3.0,1.0,2.0,1.0,1.0,5.0,5.0,5.0,3.0,5.0,3.0,5.0,4.0,4.0,3.0,1.0,3.0,4.0,4.0,5.0,1.0,5.0,3.0,1.0,1.0,2.0,1.0,4.0,1.0,1.0,3.0,5.0,1.0,3.0,1.0,5.0,5.0,1.0,5.0,3.0,5.0,3.0,3.0,3.0,1.0,1.0,3.0,3.0,3.0,2.0,1.0,3.0,3.0,3.0,1.0,3.0,5.0,1.0,3.0,3.0,1.0,1.0
264,3.0,2.0,5.0,2.0,4.0,3.0,3.0,3.0,3.0,3.0,3.0,3.0,2.0,5.0,3.0,4.0,3.0,3.0,1.0,4.0,4.0,4.0,5.0,4.0,3.0,3.0,3.0,1.0,3.0,3.0,4.0,5.0,2.0,4.0,5.0,5.0,2.0,5.0,1.0,2.0,3.0,5.0,3.0,3.0,2.0,4.0,1.0,3.0,3.0,3.0,2.0,5.0,2.0,2.0,2.0,3.0,3.0,3.0,4.0,5.0,1.0,2.0,2.0,1.0,3.0,2.0,5.0,4.0,2.0,4.0,3.0,4.0,2.0,1.0,1.0,5.0,4.0,2.0,1.0,1.0,5.0,3.0,5.0,2.0,1.0,2.0,2.0,2.0,4.0,3.0,3.0,5.0,5.0,3.0,5.0,3.0,5.0,3.0,3.0,5.0,2.0,5.0
265,1.0,3.0,3.0,4.0,2.0,1.0,5.0,1.0,3.0,1.0,3.0,3.0,5.0,3.0,3.0,4.0,3.0,3.0,3.0,4.0,3.0,1.0,3.0,4.0,5.0,3.0,2.0,4.0,2.0,3.0,3.0,1.0,3.0,2.0,5.0,4.0,4.0,3.0,3.0,3.0,2.0,3.0,3.0,4.0,3.0,3.0,2.0,4.0,5.0,3.0,3.0,5.0,1.0,3.0,2.0,1.0,3.0,4.0,3.0,4.0,2.0,1.0,1.0,1.0,4.0,5.0,4.0,4.0,3.0,2.0,4.0,4.0,1.0,1.0,1.0,5.0,2.0,2.0,3.0,2.0,5.0,3.0,5.0,3.0,2.0,1.0,4.0,2.0,5.0,5.0,5.0,4.0,3.0,4.0,2.0,3.0,4.0,1.0,3.0,5.0,3.0,5.0
266,3.0,1.0,3.0,3.0,3.0,3.0,3.0,3.0,3.0,3.0,3.0,3.0,3.0,3.0,1.0,3.0,3.0,3.0,2.0,3.0,3.0,3.0,3.0,3.0,3.0,3.0,3.0,3.0,3.0,3.0,3.0,3.0,3.0,3.0,3.0,3.0,3.0,3.0,1.0,1.0,1.0,2.0,2.0,2.0,2.0,2.0,2.0,2.0,2.0,2.0,2.0,3.0,3.0,3.0,3.0,3.0,3.0,3.0,3.0,3.0,3.0,3.0,3.0,3.0,3.0,3.0,3.0,3.0,3.0,3.0,4.0,4.0,4.0,4.0,4.0,4.0,4.0,4.0,4.0,4.0,4.0,4.0,4.0,4.0,4.0,4.0,4.0,4.0,4.0,4.0,4.0,4.0,4.0,4.0,4.0,4.0,4.0,4.0,4.0,4.0,4.0,4.0
267,1.0,2.0,1.0,5.0,3.0,5.0,5.0,3.0,4.0,1.0,3.0,3.0,5.0,5.0,3.0,5.0,2.0,5.0,1.0,3.0,5.0,3.0,5.0,1.0,3.0,3.0,3.0,4.0,3.0,5.0,5.0,1.0,3.0,1.0,4.0,3.0,3.0,1.0,1.0,1.0,1.0,2.0,1.0,4.0,1.0,3.0,5.0,1.0,4.0,2.0,3.0,5.0,3.0,1.0,1.0,1.0,5.0,3.0,3.0,5.0,5.0,2.0,3.0,4.0,4.0,4.0,2.0,4.0,2.0,1.0,1.0,5.0,1.0,1.0,1.0,4.0,1.0,1.0,3.0,1.0,5.0,1.0,5.0,5.0,1.0,5.0,1.0,1.0,4.0,1.0,5.0,1.0,5.0,4.0,2.0,3.0,1.0,1.0,3.0,3.0,3.0,5.0
268,2.0,2.0,5.0,4.0,4.0,4.0,5.0,4.0,3.0,2.0,3.0,3.0,2.0,4.0,2.0,4.0,3.0,4.0,3.0,3.0,5.0,4.0,5.0,3.0,2.0,3.0,4.0,1.0,3.0,5.0,3.0,4.0,3.0,4.0,4.0,3.0,4.0,4.0,2.0,2.0,4.0,1.0,2.0,1.0,2.0,2.0,2.0,4.0,2.0,5.0,4.0,4.0,3.0,2.0,4.0,2.0,5.0,5.0,5.0,5.0,2.0,4.0,4.0,4.0,3.0,4.0,4.0,5.0,1.0,2.0,3.0,4.0,1.0,4.0,1.0,4.0,2.0,1.0,5.0,5.0,4.0,3.0,4.0,5.0,1.0,1.0,3.0,4.0,3.0,1.0,1.0,1.0,3.0,4.0,1.0,4.0,4.0,4.0,2.0,4.0,4.0,5.0
269,2.0,2.0,5.0,1.0,3.0,1.0,3.0,1.0,3.0,1.0,4.0,4.0,4.0,5.0,2.0,4.0,3.0,2.0,3.0,3.0,5.0,4.0,4.0,4.0,3.0,3.0,4.0,2.0,2.0,5.0,4.0,5.0,1.0,3.0,5.0,1.0,1.0,5.0,3.0,3.0,3.0,3.0,1.0,1.0,2.0,2.0,1.0,1.0,5.0,2.0,1.0,4.0,4.0,4.0,3.0,3.0,2.0,2.0,5.0,4.0,1.0,2.0,4.0,5.0,3.0,2.0,2.0,2.0,1.0,1.0,3.0,5.0,2.0,5.0,4.0,3.0,3.0,3.0,3.0,4.0,4.0,1.0,3.0,2.0,2.0,1.0,2.0,1.0,1.0,1.0,1.0,1.0,4.0,2.0,1.0,1.0,3.0,2.0,5.0,5.0,5.0,2.0
270,3.0,2.0,2.0,4.0,4.0,2.0,5.0,2.0,3.0,3.0,4.0,4.0,3.0,3.0,3.0,4.0,3.0,4.0,3.0,5.0,3.0,4.0,4.0,4.0,3.0,2.0,3.0,5.0,5.0,3.0,2.0,4.0,1.0,4.0,5.0,4.0,2.0,5.0,2.0,2.0,3.0,4.0,1.0,2.0,2.0,3.0,2.0,3.0,4.0,3.0,3.0,5.0,3.0,2.0,3.0,3.0,4.0,2.0,3.0,5.0,4.0,4.0,3.0,2.0,3.0,4.0,4.0,2.0,1.0,4.0,4.0,5.0,4.0,2.0,3.0,3.0,3.0,2.0,4.0,2.0,5.0,4.0,4.0,4.0,3.0,2.0,4.0,3.0,4.0,2.0,3.0,4.0,3.0,4.0,3.0,1.0,2.0,5.0,4.0,5.0,3.0,5.0
271,1.0,2.0,3.0,2.0,5.0,1.0,4.0,5.0,4.0,2.0,3.0,4.0,4.0,3.0,2.0,2.0,3.0,3.0,2.0,3.0,2.0,4.0,3.0,3.0,3.0,4.0,3.0,5.0,4.0,3.0,2.0,5.0,1.0,5.0,4.0,4.0,3.0,5.0,2.0,2.0,4.0,3.0,1.0,4.0,3.0,4.0,4.0,3.0,4.0,2.0,3.0,5.0,2.0,2.0,1.0,2.0,2.0,1.0,4.0,5.0,5.0,3.0,2.0,3.0,5.0,5.0,3.0,3.0,1.0,2.0,5.0,3.0,3.0,2.0,2.0,5.0,3.0,5.0,3.0,2.0,5.0,4.0,4.0,2.0,3.0,1.0,3.0,1.0,4.0,1.0,1.0,1.0,5.0,1.0,1.0,3.0,2.0,2.0,5.0,5.0,2.0,4.0
272,2.0,2.0,5.0,1.0,4.0,4.0,4.0,4.0,4.0,4.0,3.0,4.0,3.0,3.0,3.0,4.0,3.0,3.0,3.0,5.0,5.0,4.0,4.0,4.0,4.0,3.0,4.0,3.0,5.0,5.0,2.0,5.0,1.0,3.0,3.0,4.0,4.0,4.0,4.0,2.0,3.0,4.0,4.0,4.0,4.0,2.0,2.0,3.0,3.0,1.0,5.0,4.0,3.0,4.0,3.0,3.0,3.0,2.0,4.0,5.0,3.0,3.0,4.0,3.0,3.0,3.0,3.0,2.0,3.0,3.0,5.0,5.0,5.0,4.0,4.0,5.0,4.0,5.0,4.0,4.0,5.0,5.0,4.0,4.0,4.0,4.0,5.0,5.0,5.0,4.0,4.0,4.0,5.0,5.0,2.0,1.0,2.0,5.0,5.0,5.0,4.0,2.0
273,1.0,3.0,4.0,1.0,4.0,2.0,4.0,2.0,4.0,5.0,3.0,2.0,4.0,2.0,3.0,4.0,3.0,4.0,2.0,2.0,4.0,4.0,5.0,4.0,3.0,3.0,2.0,1.0,4.0,4.0,3.0,1.0,3.0,4.0,5.0,5.0,4.0,4.0,2.0,1.0,2.0,1.0,1.0,2.0,1.0,5.0,3.0,5.0,3.0,1.0,4.0,5.0,4.0,3.0,1.0,1.0,1.0,1.0,4.0,4.0,1.0,5.0,2.0,4.0,3.0,2.0,2.0,2.0,1.0,1.0,1.0,5.0,2.0,4.0,1.0,5.0,3.0,2.0,4.0,1.0,4.0,5.0,5.0,3.0,2.0,1.0,1.0,2.0,3.0,1.0,1.0,1.0,2.0,1.0,1.0,3.0,2.0,4.0,2.0,3.0,3.0,5.0
274,4.0,2.0,3.0,3.0,3.0,2.0,4.0,3.0,3.0,4.0,5.0,3.0,4.0,5.0,3.0,4.0,3.0,2.0,2.0,3.0,3.0,5.0,5.0,5.0,5.0,4.0,3.0,3.0,2.0,5.0,3.0,3.0,1.0,5.0,5.0,3.0,1.0,5.0,4.0,2.0,3.0,3.0,2.0,5.0,5.0,3.0,5.0,4.0,1.0,5.0,2.0,5.0,3.0,5.0,5.0,3.0,5.0,5.0,5.0,5.0,4.0,3.0,3.0,3.0,4.0,4.0,3.0,5.0,4.0,5.0,5.0,3.0,4.0,1.0,4.0,3.0,1.0,1.0,3.0,4.0,5.0,3.0,4.0,3.0,2.0,2.0,5.0,2.0,5.0,4.0,4.0,2.0,5.0,4.0,1.0,1.0,2.0,3.0,5.0,5.0,1.0,1.0
275,5.0,2.0,1.0,5.0,5.0,3.0,1.0,2.0,3.0,5.0,3.0,2.0,4.0,4.0,3.0,5.0,3.0,2.0,1.0,5.0,1.0,1.0,5.0,5.0,4.0,3.0,5.0,1.0,3.0,5.0,5.0,5.0,1.0,5.0,5.0,2.0,1.0,5.0,4.0,3.0,3.0,1.0,2.0,1.0,1.0,2.0,2.0,1.0,1.0,3.0,3.0,5.0,3.0,4.0,5.0,1.0,4.0,3.0,3.0,5.0,5.0,4.0,5.0,5.0,5.0,4.0,4.0,3.0,4.0,3.0,3.0,4.0,1.0,4.0,4.0,5.0,5.0,3.0,2.0,1.0,3.0,5.0,5.0,3.0,3.0,4.0,4.0,1.0,5.0,1.0,5.0,3.0,3.0,5.0,3.0,1.0,2.0,5.0,3.0,5.0,4.0,4.0
276,2.0,1.0,4.0,2.0,5.0,1.0,5.0,5.0,2.0,1.0,4.0,2.0,4.0,1.0,3.0,5.0,3.0,3.0,2.0,5.0,4.0,4.0,5.0,5.0,2.0,1.0,4.0,3.0,1.0,5.0,4.0,4.0,1.0,4.0,5.0,1.0,1.0,5.0,4.0,2.0,3.0,2.0,2.0,4.0,3.0,5.0,2.0,1.0,1.0,3.0,2.0,5.0,2.0,1.0,1.0,1.0,1.0,1.0,2.0,5.0,4.0,1.0,1.0,3.0,4.0,4.0,4.0,2.0,1.0,1.0,1.0,2.0,2.0,1.0,1.0,1.0,1.0,1.0,2.0,1.0,2.0,1.0,2.0,1.0,1.0,1.0,2.0,1.0,3.0,1.0,1.0,1.0,4.0,1.0,1.0,1.0,1.0,1.0,4.0,5.0,1.0,1.0
277,5.0,3.0,5.0,1.0,2.0,4.0,4.0,4.0,4.0,4.0,4.0,1.0,3.0,5.0,2.0,4.0,4.0,4.0,2.0,3.0,4.0,4.0,4.0,3.0,3.0,3.0,4.0,3.0,2.0,1.0,4.0,2.0,1.0,5.0,5.0,3.0,3.0,4.0,2.0,3.0,3.0,3.0,4.0,4.0,4.0,3.0,4.0,3.0,3.0,4.0,3.0,5.0,4.0,4.0,3.0,2.0,2.0,3.0,5.0,3.0,2.0,3.0,3.0,3.0,2.0,2.0,1.0,3.0,1.0,1.0,2.0,2.0,2.0,2.0,1.0,5.0,3.0,3.0,1.0,1.0,3.0,1.0,3.0,1.0,1.0,1.0,4.0,3.0,1.0,2.0,1.0,2.0,3.0,3.0,1.0,4.0,4.0,2.0,2.0,4.0,1.0,2.0
278,5.0,2.0,1.0,1.0,4.0,2.0,5.0,1.0,3.0,3.0,4.0,2.0,1.0,5.0,3.0,4.0,4.0,3.0,2.0,5.0,3.0,2.0,4.0,4.0,4.0,2.0,3.0,1.0,2.0,4.0,4.0,2.0,3.0,4.0,5.0,2.0,2.0,4.0,3.0,1.0,4.0,5.0,1.0,1.0,5.0,1.0,1.0,1.0,4.0,2.0,2.0,5.0,5.0,5.0,1.0,2.0,1.0,4.0,4.0,3.0,2.0,4.0,4.0,3.0,1.0,4.0,1.0,2.0,3.0,1.0,3.0,2.0,3.0,1.0,1.0,5.0,3.0,4.0,2.0,1.0,3.0,2.0,1.0,1.0,3.0,2.0,2.0,1.0,2.0,3.0,1.0,1.0,2.0,4.0,1.0,3.0,5.0,2.0,4.0,5.0,2.0,4.0
279,2.0,2.0,4.0,4.0,3.0,2.0,2.0,4.0,3.0,1.0,2.0,3.0,2.0,3.0,4.0,2.0,4.0,5.0,1.0,4.0,2.0,4.0,4.0,3.0,3.0,3.0,3.0,4.0,2.0,3.0,1.0,1.0,2.0,4.0,1.0,2.0,2.0,4.0,4.0,3.0,4.0,1.0,2.0,2.0,2.0,3.0,3.0,4.0,3.0,3.0,3.0,5.0,4.0,2.0,2.0,1.0,2.0,2.0,1.0,2.0,2.0,1.0,2.0,1.0,2.0,1.0,5.0,2.0,2.0,2.0,3.0,1.0,1.0,1.0,1.0,5.0,1.0,1.0,1.0,1.0,1.0,3.0,4.0,1.0,5.0,2.0,3.0,1.0,4.0,1.0,1.0,1.0,5.0,5.0,2.0,4.0,3.0,3.0,5.0,5.0,2.0,3.0
280,4.0,1.0,5.0,1.0,2.0,1.0,4.0,1.0,3.0,3.0,4.0,3.0,2.0,1.0,3.0,5.0,3.0,3.0,1.0,5.0,2.0,2.0,4.0,4.0,3.0,4.0,4.0,3.0,2.0,5.0,1.0,2.0,1.0,5.0,5.0,4.0,2.0,4.0,3.0,2.0,2.0,4.0,1.0,1.0,1.0,1.0,1.0,2.0,1.0,2.0,4.0,2.0,3.0,2.0,3.0,3.0,3.0,4.0,3.0,4.0,2.0,2.0,2.0,4.0,2.0,4.0,3.0,3.0,1.0,3.0,2.0,4.0,1.0,2.0,2.0,3.0,4.0,1.0,1.0,1.0,3.0,1.0,3.0,2.0,1.0,3.0,2.0,1.0,3.0,1.0,1.0,2.0,2.0,3.0,2.0,2.0,1.0,1.0,3.0,4.0,5.0,4.0
281,4.0,3.0,5.0,1.0,3.0,1.0,2.0,1.0,3.0,1.0,3.0,3.0,4.0,3.0,2.0,4.0,3.0,4.0,1.0,1.0,3.0,3.0,3.0,3.0,1.0,3.0,2.0,4.0,3.0,2.0,5.0,5.0,1.0,3.0,2.0,3.0,1.0,4.0,1.0,1.0,1.0,3.0,1.0,1.0,5.0,5.0,3.0,2.0,2.0,3.0,4.0,4.0,4.0,4.0,1.0,4.0,4.0,1.0,3.0,4.0,4.0,3.0,2.0,3.0,2.0,1.0,1.0,2.0,5.0,2.0,5.0,2.0,3.0,5.0,5.0,4.0,3.0,1.0,4.0,4.0,2.0,4.0,2.0,1.0,1.0,2.0,1.0,1.0,1.0,1.0,1.0,5.0,4.0,1.0,1.0,1.0,1.0,5.0,2.0,5.0,1.0,1.0
282,5.0,3.0,5.0,1.0,3.0,5.0,5.0,3.0,4.0,2.0,4.0,4.0,1.0,2.0,2.0,4.0,4.0,4.0,1.0,5.0,5.0,5.0,5.0,5.0,1.0,4.0,5.0,1.0,4.0,1.0,1.0,5.0,5.0,5.0,5.0,2.0,1.0,5.0,4.0,2.0,1.0,5.0,5.0,3.0,3.0,2.0,5.0,1.0,5.0,5.0,3.0,5.0,3.0,2.0,1.0,1.0,2.0,3.0,4.0,5.0,2.0,5.0,3.0,4.0,4.0,4.0,4.0,1.0,1.0,1.0,2.0,5.0,1.0,1.0,1.0,4.0,2.0,3.0,2.0,1.0,4.0,1.0,3.0,1.0,1.0,1.0,4.0,2.0,3.0,1.0,1.0,5.0,3.0,1.0,5.0,5.0,5.0,2.0,4.0,5.0,1.0,5.0
283,5.0,2.0,5.0,1.0,2.0,5.0,2.0,4.0,4.0,3.0,5.0,4.0,3.0,3.0,2.0,5.0,4.0,1.0,2.0,5.0,5.0,1.0,4.0,4.0,4.0,5.0,5.0,1.0,1.0,3.0,3.0,5.0,1.0,5.0,3.0,3.0,1.0,5.0,2.0,3.0,3.0,3.0,4.0,3.0,5.0,4.0,3.0,3.0,1.0,5.0,3.0,5.0,4.0,4.0,3.0,2.0,4.0,5.0,4.0,5.0,3.0,2.0,4.0,4.0,3.0,3.0,2.0,3.0,2.0,2.0,3.0,1.0,2.0,2.0,3.0,5.0,5.0,2.0,5.0,5.0,3.0,2.0,4.0,5.0,1.0,2.0,3.0,4.0,4.0,1.0,4.0,1.0,4.0,1.0,3.0,3.0,4.0,3.0,3.0,5.0,3.0,2.0
284,3.0,2.0,5.0,1.0,4.0,4.0,5.0,3.0,3.0,2.0,3.0,3.0,4.0,3.0,3.0,5.0,3.0,3.0,3.0,5.0,2.0,3.0,4.0,2.0,2.0,3.0,3.0,4.0,2.0,3.0,3.0,5.0,2.0,5.0,2.0,2.0,2.0,4.0,2.0,2.0,2.0,2.0,2.0,2.0,3.0,2.0,4.0,2.0,3.0,2.0,3.0,5.0,3.0,3.0,2.0,2.0,4.0,3.0,3.0,4.0,2.0,2.0,1.0,3.0,2.0,5.0,5.0,3.0,1.0,2.0,4.0,4.0,4.0,1.0,1.0,3.0,1.0,2.0,1.0,1.0,5.0,3.0,5.0,3.0,1.0,1.0,2.0,3.0,5.0,4.0,5.0,1.0,2.0,1.0,2.0,2.0,2.0,2.0,4.0,5.0,2.0,5.0
285,5.0,2.0,5.0,3.0,5.0,4.0,5.0,5.0,3.0,4.0,5.0,5.0,3.0,5.0,3.0,5.0,3.0,2.0,2.0,5.0,3.0,4.0,5.0,5.0,4.0,1.0,4.0,3.0,5.0,3.0,2.0,5.0,1.0,5.0,4.0,3.0,1.0,4.0,1.0,2.0,3.0,1.0,1.0,1.0,1.0,1.0,1.0,1.0,2.0,4.0,3.0,5.0,3.0,1.0,3.0,5.0,3.0,1.0,1.0,5.0,3.0,4.0,3.0,3.0,4.0,5.0,5.0,2.0,1.0,1.0,4.0,5.0,5.0,3.0,1.0,4.0,4.0,4.0,2.0,1.0,5.0,5.0,5.0,3.0,3.0,4.0,3.0,5.0,5.0,5.0,5.0,3.0,5.0,5.0,1.0,1.0,1.0,3.0,5.0,5.0,2.0,2.0
286,4.0,2.0,5.0,2.0,3.0,3.0,4.0,3.0,4.0,2.0,4.0,4.0,3.0,3.0,3.0,4.0,3.0,2.0,1.0,5.0,3.0,4.0,5.0,3.0,5.0,3.0,5.0,2.0,2.0,3.0,3.0,2.0,3.0,4.0,4.0,1.0,2.0,5.0,2.0,2.0,4.0,1.0,2.0,1.0,1.0,3.0,4.0,3.0,1.0,2.0,2.0,5.0,4.0,3.0,2.0,2.0,2.0,3.0,3.0,2.0,2.0,2.0,4.0,3.0,2.0,2.0,2.0,3.0,1.0,1.0,2.0,2.0,2.0,1.0,1.0,4.0,3.0,2.0,5.0,5.0,3.0,1.0,3.0,3.0,1.0,2.0,1.0,2.0,2.0,2.0,1.0,1.0,2.0,1.0,2.0,3.0,5.0,3.0,2.0,5.0,3.0,3.0
287,2.0,2.0,5.0,3.0,5.0,5.0,5.0,2.0,4.0,3.0,3.0,3.0,3.0,2.0,3.0,4.0,3.0,4.0,1.0,4.0,4.0,1.0,4.0,4.0,3.0,3.0,3.0,5.0,3.0,4.0,3.0,1.0,3.0,2.0,5.0,3.0,3.0,5.0,1.0,2.0,2.0,1.0,4.0,4.0,3.0,5.0,4.0,4.0,5.0,4.0,3.0,3.0,3.0,4.0,4.0,2.0,2.0,2.0,3.0,2.0,1.0,1.0,3.0,1.0,1.0,1.0,3.0,2.0,3.0,2.0,2.0,4.0,4.0,3.0,1.0,3.0,2.0,3.0,2.0,2.0,1.0,2.0,4.0,2.0,4.0,3.0,1.0,3.0,4.0,5.0,4.0,2.0,4.0,3.0,1.0,1.0,5.0,2.0,3.0,5.0,5.0,5.0
288,3.0,2.0,3.0,2.0,3.0,3.0,3.0,5.0,3.0,3.0,3.0,5.0,1.0,5.0,2.0,4.0,3.0,5.0,2.0,5.0,3.0,1.0,5.0,3.0,3.0,4.0,3.0,5.0,3.0,3.0,3.0,3.0,1.0,3.0,3.0,5.0,1.0,4.0,2.0,2.0,2.0,5.0,3.0,1.0,3.0,4.0,4.0,4.0,3.0,3.0,2.0,5.0,5.0,4.0,3.0,3.0,2.0,1.0,4.0,4.0,3.0,4.0,5.0,2.0,2.0,2.0,3.0,2.0,5.0,1.0,3.0,1.0,1.0,1.0,1.0,4.0,4.0,2.0,2.0,2.0,3.0,2.0,5.0,2.0,2.0,3.0,1.0,1.0,1.0,5.0,5.0,5.0,5.0,5.0,1.0,1.0,1.0,1.0,1.0,5.0,4.0,1.0
289,3.0,2.0,4.0,1.0,5.0,5.0,4.0,4.0,2.0,4.0,4.0,4.0,1.0,5.0,2.0,5.0,3.0,4.0,1.0,5.0,3.0,1.0,5.0,3.0,4.0,3.0,2.0,5.0,5.0,2.0,5.0,5.0,2.0,5.0,5.0,4.0,2.0,5.0,2.0,1.0,4.0,1.0,1.0,2.0,1.0,5.0,5.0,4.0,5.0,5.0,5.0,5.0,2.0,3.0,1.0,1.0,4.0,3.0,3.0,5.0,5.0,5.0,1.0,1.0,1.0,2.0,3.0,2.0,3.0,4.0,4.0,5.0,5.0,2.0,1.0,5.0,4.0,2.0,3.0,2.0,4.0,4.0,5.0,4.0,5.0,3.0,4.0,2.0,5.0,5.0,4.0,3.0,4.0,5.0,3.0,4.0,5.0,5.0,5.0,5.0,3.0,3.0
290,1.0,2.0,5.0,5.0,2.0,5.0,5.0,3.0,4.0,2.0,4.0,4.0,3.0,5.0,3.0,5.0,3.0,5.0,3.0,5.0,4.0,5.0,5.0,4.0,4.0,5.0,3.0,2.0,3.0,5.0,3.0,4.0,1.0,4.0,3.0,4.0,3.0,4.0,2.0,2.0,3.0,4.0,4.0,4.0,4.0,3.0,5.0,5.0,4.0,5.0,2.0,5.0,4.0,5.0,3.0,2.0,3.0,3.0,5.0,4.0,1.0,2.0,5.0,3.0,4.0,4.0,1.0,2.0,3.0,2.0,1.0,3.0,1.0,2.0,1.0,4.0,3.0,1.0,3.0,2.0,3.0,1.0,4.0,1.0,3.0,1.0,4.0,3.0,5.0,5.0,5.0,3.0,2.0,4.0,2.0,4.0,4.0,2.0,3.0,5.0,3.0,5.0
291,2.0,3.0,4.0,4.0,4.0,1.0,5.0,3.0,3.0,3.0,4.0,4.0,2.0,1.0,2.0,5.0,3.0,5.0,3.0,4.0,5.0,2.0,5.0,3.0,5.0,3.0,4.0,5.0,3.0,3.0,4.0,1.0,1.0,3.0,5.0,1.0,2.0,5.0,3.0,2.0,3.0,1.0,2.0,5.0,3.0,5.0,1.0,3.0,5.0,4.0,3.0,5.0,3.0,3.0,1.0,1.0,1.0,4.0,4.0,5.0,1.0,3.0,2.0,1.0,2.0,2.0,1.0,3.0,2.0,2.0,1.0,2.0,2.0,1.0,3.0,5.0,2.0,1.0,5.0,5.0,2.0,1.0,5.0,5.0,1.0,1.0,2.0,1.0,1.0,2.0,1.0,1.0,2.0,1.0,1.0,3.0,5.0,4.0,5.0,5.0,4.0,5.0
292,3.0,2.0,5.0,2.0,3.0,2.0,4.0,1.0,3.0,1.0,4.0,4.0,3.0,4.0,3.0,4.0,3.0,2.0,2.0,4.0,3.0,4.0,4.0,3.0,4.0,3.0,5.0,2.0,2.0,4.0,4.0,4.0,1.0,4.0,3.0,2.0,3.0,5.0,2.0,2.0,2.0,1.0,1.0,1.0,1.0,1.0,2.0,1.0,3.0,2.0,2.0,4.0,3.0,4.0,2.0,4.0,1.0,1.0,4.0,3.0,1.0,4.0,2.0,5.0,3.0,3.0,2.0,2.0,3.0,3.0,2.0,1.0,1.0,4.0,2.0,5.0,5.0,2.0,3.0,2.0,1.0,5.0,3.0,2.0,2.0,2.0,2.0,2.0,5.0,2.0,4.0,1.0,5.0,3.0,2.0,1.0,2.0,4.0,2.0,4.0,5.0,1.0
293,1.0,3.0,1.0,1.0,5.0,1.0,5.0,3.0,3.0,1.0,1.0,4.0,3.0,1.0,2.0,4.0,2.0,2.0,3.0,4.0,4.0,5.0,2.0,3.0,1.0,3.0,3.0,5.0,3.0,1.0,1.0,5.0,1.0,3.0,5.0,4.0,1.0,5.0,2.0,2.0,2.0,2.0,1.0,3.0,2.0,2.0,2.0,1.0,1.0,1.0,5.0,4.0,3.0,1.0,1.0,2.0,2.0,2.0,3.0,4.0,1.0,2.0,3.0,3.0,2.0,2.0,5.0,1.0,1.0,1.0,2.0,3.0,3.0,3.0,1.0,3.0,4.0,1.0,1.0,1.0,4.0,1.0,5.0,1.0,1.0,1.0,1.0,1.0,1.0,1.0,2.0,1.0,2.0,2.0,1.0,1.0,2.0,3.0,2.0,3.0,1.0,5.0
294,4.0,2.0,5.0,1.0,3.0,1.0,3.0,1.0,3.0,2.0,3.0,3.0,3.0,5.0,3.0,5.0,3.0,4.0,2.0,4.0,1.0,5.0,5.0,5.0,3.0,4.0,5.0,1.0,3.0,2.0,4.0,5.0,5.0,5.0,5.0,2.0,1.0,5.0,2.0,2.0,2.0,2.0,1.0,4.0,1.0,5.0,5.0,1.0,1.0,4.0,1.0,5.0,3.0,3.0,4.0,5.0,5.0,5.0,2.0,5.0,3.0,4.0,1.0,4.0,4.0,5.0,3.0,4.0,1.0,5.0,3.0,3.0,3.0,1.0,2.0,2.0,2.0,1.0,4.0,3.0,5.0,5.0,5.0,4.0,1.0,1.0,5.0,4.0,4.0,1.0,2.0,3.0,2.0,1.0,5.0,1.0,5.0,1.0,5.0,5.0,1.0,2.0
295,3.0,2.0,3.0,2.0,4.0,5.0,5.0,4.0,3.0,3.0,4.0,2.0,2.0,5.0,2.0,1.0,4.0,3.0,2.0,4.0,3.0,4.0,4.0,4.0,5.0,3.0,4.0,4.0,2.0,4.0,2.0,4.0,1.0,5.0,3.0,3.0,1.0,4.0,2.0,2.0,3.0,3.0,3.0,4.0,1.0,3.0,4.0,1.0,1.0,4.0,1.0,4.0,2.0,5.0,1.0,1.0,4.0,2.0,4.0,3.0,2.0,2.0,3.0,2.0,2.0,2.0,1.0,3.0,4.0,1.0,2.0,2.0,1.0,5.0,2.0,4.0,2.0,5.0,3.0,3.0,4.0,3.0,2.0,1.0,2.0,2.0,3.0,3.0,4.0,4.0,4.0,2.0,5.0,2.0,2.0,2.0,3.0,2.0,2.0,5.0,3.0,3.0
296,4.0,1.0,5.0,2.0,3.0,4.0,3.0,1.0,3.0,4.0,4.0,3.0,5.0,3.0,4.0,4.0,3.0,2.0,2.0,5.0,3.0,1.0,4.0,4.0,3.0,2.0,4.0,2.0,5.0,4.0,3.0,5.0,2.0,5.0,3.0,2.0,2.0,5.0,1.0,2.0,4.0,1.0,1.0,1.0,1.0,1.0,1.0,1.0,1.0,2.0,1.0,5.0,3.0,5.0,5.0,2.0,5.0,3.0,3.0,3.0,1.0,1.0,5.0,1.0,5.0,4.0,5.0,5.0,1.0,4.0,4.0,5.0,2.0,4.0,3.0,3.0,3.0,2.0,3.0,2.0,2.0,2.0,2.0,5.0,3.0,5.0,5.0,5.0,2.0,5.0,1.0,3.0,2.0,5.0,4.0,2.0,5.0,5.0,5.0,5.0,5.0,1.0
297,3.0,2.0,3.0,4.0,3.0,2.0,5.0,4.0,4.0,4.0,4.0,4.0,4.0,5.0,2.0,5.0,3.0,2.0,1.0,3.0,3.0,3.0,4.0,4.0,3.0,3.0,4.0,3.0,3.0,3.0,4.0,4.0,1.0,3.0,5.0,3.0,3.0,5.0,4.0,3.0,3.0,2.0,1.0,1.0,2.0,3.0,3.0,4.0,2.0,3.0,1.0,5.0,4.0,1.0,2.0,1.0,3.0,2.0,2.0,4.0,2.0,4.0,2.0,3.0,1.0,5.0,5.0,1.0,1.0,1.0,2.0,3.0,2.0,1.0,1.0,4.0,4.0,4.0,1.0,1.0,4.0,3.0,4.0,1.0,3.0,3.0,3.0,1.0,3.0,1.0,5.0,3.0,5.0,2.0,1.0,1.0,2.0,4.0,2.0,4.0,4.0,1.0
298,3.0,2.0,3.0,4.0,5.0,4.0,5.0,5.0,3.0,5.0,3.0,4.0,1.0,5.0,2.0,4.0,3.0,5.0,3.0,5.0,5.0,5.0,3.0,3.0,2.0,2.0,3.0,5.0,5.0,3.0,4.0,5.0,4.0,5.0,5.0,5.0,3.0,5.0,1.0,1.0,3.0,1.0,5.0,2.0,1.0,5.0,4.0,1.0,1.0,4.0,4.0,5.0,3.0,1.0,4.0,3.0,2.0,5.0,2.0,5.0,4.0,3.0,1.0,1.0,5.0,5.0,3.0,3.0,1.0,1.0,2.0,2.0,2.0,5.0,3.0,5.0,5.0,1.0,5.0,4.0,5.0,2.0,5.0,5.0,1.0,1.0,2.0,2.0,5.0,1.0,5.0,5.0,5.0,4.0,2.0,1.0,1.0,5.0,1.0,2.0,1.0,1.0
299,3.0,2.0,4.0,2.0,3.0,2.0,5.0,3.0,4.0,5.0,4.0,2.0,2.0,4.0,2.0,4.0,4.0,3.0,1.0,5.0,2.0,2.0,4.0,4.0,3.0,2.0,5.0,1.0,3.0,4.0,5.0,5.0,1.0,3.0,3.0,2.0,2.0,5.0,1.0,1.0,4.0,1.0,1.0,2.0,4.0,1.0,3.0,2.0,2.0,5.0,2.0,3.0,4.0,4.0,3.0,2.0,2.0,4.0,5.0,1.0,1.0,1.0,4.0,3.0,4.0,4.0,1.0,5.0,1.0,1.0,2.0,3.0,3.0,4.0,2.0,3.0,1.0,5.0,2.0,2.0,3.0,3.0,4.0,3.0,3.0,1.0,2.0,2.0,3.0,5.0,2.0,2.0,1.0,3.0,4.0,3.0,3.0,2.0,3.0,5.0,2.0,4.0
300,1.0,2.0,4.0,5.0,3.0,3.0,2.0,2.0,4.0,4.0,3.0,3.0,3.0,2.0,3.0,5.0,4.0,2.0,2.0,5.0,3.0,3.0,5.0,5.0,2.0,3.0,4.0,2.0,3.0,4.0,4.0,5.0,2.0,2.0,2.0,2.0,2.0,5.0,2.0,2.0,3.0,2.0,1.0,1.0,3.0,1.0,4.0,1.0,2.0,1.0,2.0,5.0,4.0,4.0,3.0,1.0,3.0,2.0,3.0,5.0,5.0,4.0,3.0,2.0,1.0,5.0,3.0,3.0,5.0,2.0,3.0,4.0,2.0,5.0,5.0,5.0,5.0,2.0,3.0,2.0,4.0,2.0,5.0,3.0,2.0,1.0,1.0,3.0,5.0,1.0,3.0,4.0,1.0,5.0,2.0,3.0,2.0,5.0,4.0,5.0,3.0,1.0
301,3.0,1.0,5.0,3.0,3.0,4.0,3.0,4.0,3.0,3.0,4.0,4.0,4.0,4.0,3.0,4.0,3.0,4.0,2.0,4.0,4.0,4.0,4.0,4.0,3.0,4.0,3.0,4.0,3.0,2.0,3.0,4.0,2.0,3.0,2.0,2.0,2.0,3.0,2.0,2.0,4.0,1.0,1.0,1.0,1.0,3.0,5.0,3.0,3.0,1.0,3.0,4.0,3.0,5.0,2.0,2.0,2.0,2.0,4.0,4.0,2.0,1.0,5.0,2.0,3.0,3.0,3.0,3.0,2.0,1.0,4.0,3.0,5.0,3.0,2.0,5.0,4.0,5.0,3.0,1.0,3.0,5.0,4.0,3.0,4.0,5.0,3.0,4.0,4.0,3.0,3.0,2.0,3.0,5.0,3.0,4.0,4.0,4.0,3.0,5.0,5.0,4.0
302,3.0,2.0,2.0,2.0,4.0,1.0,3.0,2.0,4.0,3.0,5.0,4.0,3.0,4.0,2.0,4.0,3.0,3.0,1.0,4.0,1.0,1.0,4.0,4.0,3.0,3.0,4.0,2.0,2.0,5.0,4.0,1.0,1.0,5.0,5.0,3.0,2.0,4.0,1.0,1.0,2.0,1.0,1.0,2.0,2.0,1.0,1.0,1.0,4.0,3.0,4.0,5.0,4.0,4.0,3.0,2.0,2.0,2.0,4.0,3.0,3.0,2.0,5.0,2.0,2.0,3.0,3.0,2.0,4.0,2.0,4.0,4.0,2.0,3.0,3.0,4.0,3.0,2.0,3.0,3.0,2.0,3.0,1.0,4.0,3.0,3.0,2.0,2.0,3.0,1.0,1.0,1.0,5.0,5.0,1.0,2.0,2.0,2.0,2.0,3.0,5.0,4.0
303,3.0,2.0,3.0,3.0,3.0,3.0,2.0,3.0,4.0,3.0,2.0,3.0,3.0,2.0,2.0,4.0,3.0,4.0,2.0,4.0,3.0,3.0,3.0,4.0,2.0,3.0,3.0,2.0,1.0,3.0,2.0,2.0,2.0,2.0,4.0,3.0,2.0,3.0,2.0,1.0,3.0,2.0,2.0,1.0,1.0,1.0,1.0,1.0,3.0,2.0,4.0,5.0,3.0,3.0,3.0,3.0,3.0,4.0,3.0,5.0,3.0,1.0,3.0,1.0,5.0,5.0,3.0,3.0,1.0,3.0,2.0,3.0,1.0,1.0,3.0,3.0,3.0,2.0,4.0,2.0,3.0,3.0,3.0,3.0,3.0,2.0,4.0,4.0,4.0,1.0,5.0,4.0,2.0,4.0,4.0,1.0,2.0,3.0,4.0,5.0,2.0,4.0
304,5.0,2.0,4.0,2.0,4.0,5.0,3.0,3.0,4.0,5.0,4.0,4.0,1.0,4.0,3.0,5.0,3.0,4.0,2.0,5.0,4.0,5.0,3.0,4.0,5.0,2.0,4.0,2.0,5.0,3.0,5.0,5.0,1.0,5.0,5.0,3.0,1.0,5.0,2.0,2.0,5.0,2.0,2.0,5.0,5.0,2.0,3.0,5.0,5.0,4.0,3.0,5.0,3.0,3.0,3.0,3.0,2.0,3.0,3.0,3.0,1.0,1.0,4.0,4.0,4.0,4.0,4.0,4.0,4.0,3.0,3.0,4.0,3.0,3.0,3.0,4.0,4.0,3.0,3.0,3.0,2.0,3.0,4.0,3.0,3.0,4.0,4.0,2.0,5.0,5.0,4.0,1.0,2.0,4.0,2.0,4.0,4.0,3.0,4.0,5.0,2.0,5.0
305,5.0,2.0,5.0,3.0,5.0,3.0,4.0,3.0,2.0,5.0,3.0,2.0,3.0,5.0,3.0,5.0,3.0,3.0,2.0,5.0,5.0,4.0,5.0,3.0,3.0,3.0,3.0,2.0,3.0,3.0,5.0,2.0,1.0,4.0,5.0,2.0,2.0,4.0,2.0,2.0,1.0,4.0,2.0,1.0,3.0,1.0,3.0,1.0,5.0,5.0,2.0,5.0,3.0,3.0,3.0,2.0,3.0,1.0,4.0,2.0,2.0,1.0,4.0,3.0,4.0,2.0,2.0,5.0,2.0,2.0,4.0,5.0,2.0,3.0,2.0,5.0,3.0,2.0,5.0,3.0,5.0,3.0,4.0,2.0,2.0,2.0,3.0,3.0,4.0,5.0,4.0,4.0,5.0,5.0,2.0,2.0,3.0,3.0,3.0,5.0,5.0,5.0
306,4.0,1.0,3.0,1.0,3.0,5.0,4.0,3.0,4.0,5.0,5.0,3.0,5.0,5.0,2.0,4.0,4.0,1.0,2.0,5.0,1.0,3.0,4.0,3.0,5.0,3.0,3.0,5.0,1.0,4.0,5.0,1.0,1.0,2.0,5.0,3.0,1.0,5.0,2.0,2.0,3.0,2.0,2.0,1.0,4.0,1.0,5.0,1.0,5.0,5.0,2.0,5.0,3.0,2.0,3.0,3.0,2.0,2.0,3.0,4.0,3.0,4.0,4.0,5.0,4.0,5.0,5.0,3.0,1.0,1.0,3.0,5.0,2.0,1.0,1.0,2.0,1.0,3.0,1.0,1.0,5.0,5.0,3.0,1.0,1.0,1.0,5.0,1.0,5.0,2.0,1.0,5.0,5.0,5.0,2.0,2.0,2.0,3.0,5.0,5.0,5.0,5.0
307,3.0,2.0,2.0,1.0,3.0,4.0,3.0,1.0,4.0,2.0,3.0,4.0,3.0,4.0,4.0,5.0,4.0,5.0,2.0,5.0,4.0,3.0,5.0,2.0,1.0,3.0,4.0,3.0,2.0,1.0,5.0,1.0,1.0,5.0,5.0,3.0,2.0,5.0,2.0,2.0,3.0,3.0,1.0,2.0,1.0,1.0,2.0,3.0,3.0,5.0,5.0,5.0,3.0,2.0,2.0,1.0,2.0,2.0,1.0,5.0,2.0,5.0,3.0,5.0,4.0,5.0,5.0,2.0,3.0,1.0,3.0,4.0,2.0,1.0,1.0,5.0,4.0,1.0,2.0,1.0,5.0,5.0,5.0,3.0,1.0,1.0,5.0,4.0,5.0,2.0,4.0,3.0,1.0,5.0,3.0,2.0,3.0,3.0,3.0,5.0,2.0,5.0
308,1.0,3.0,4.0,5.0,5.0,3.0,5.0,4.0,4.0,5.0,2.0,4.0,3.0,2.0,4.0,4.0,2.0,5.0,1.0,4.0,5.0,4.0,2.0,4.0,2.0,1.0,2.0,5.0,3.0,2.0,4.0,5.0,1.0,3.0,3.0,5.0,4.0,3.0,2.0,2.0,3.0,1.0,2.0,2.0,5.0,1.0,1.0,1.0,3.0,5.0,4.0,4.0,3.0,4.0,4.0,2.0,5.0,5.0,3.0,3.0,2.0,2.0,2.0,2.0,1.0,1.0,3.0,3.0,3.0,5.0,3.0,1.0,2.0,4.0,5.0,4.0,3.0,1.0,5.0,5.0,5.0,3.0,1.0,5.0,1.0,2.0,4.0,1.0,5.0,2.0,3.0,1.0,4.0,4.0,4.0,2.0,5.0,5.0,5.0,5.0,1.0,5.0
309,2.0,2.0,2.0,3.0,1.0,1.0,3.0,2.0,3.0,1.0,3.0,4.0,3.0,3.0,3.0,5.0,3.0,5.0,2.0,5.0,1.0,5.0,3.0,4.0,2.0,3.0,3.0,4.0,2.0,4.0,3.0,5.0,1.0,5.0,3.0,4.0,2.0,4.0,2.0,3.0,2.0,1.0,1.0,2.0,3.0,1.0,3.0,4.0,5.0,3.0,4.0,5.0,3.0,3.0,1.0,1.0,2.0,3.0,4.0,3.0,1.0,1.0,2.0,3.0,4.0,3.0,3.0,4.0,3.0,1.0,4.0,4.0,3.0,1.0,1.0,5.0,3.0,2.0,2.0,1.0,5.0,2.0,5.0,2.0,4.0,1.0,2.0,1.0,3.0,2.0,1.0,1.0,3.0,1.0,2.0,3.0,2.0,2.0,4.0,5.0,3.0,1.0
310,3.0,2.0,3.0,4.0,4.0,1.0,3.0,4.0,3.0,2.0,3.0,3.0,2.0,3.0,4.0,5.0,3.0,2.0,1.0,3.0,4.0,3.0,4.0,4.0,4.0,2.0,3.0,3.0,3.0,2.0,4.0,5.0,2.0,4.0,5.0,3.0,2.0,5.0,4.0,2.0,3.0,2.0,1.0,2.0,1.0,2.0,5.0,1.0,1.0,3.0,2.0,5.0,5.0,3.0,2.0,2.0,4.0,4.0,3.0,2.0,1.0,1.0,2.0,2.0,3.0,3.0,4.0,1.0,5.0,2.0,3.0,4.0,1.0,1.0,1.0,4.0,4.0,3.0,1.0,1.0,4.0,1.0,4.0,1.0,1.0,3.0,1.0,2.0,4.0,3.0,3.0,2.0,1.0,1.0,1.0,4.0,4.0,4.0,3.0,5.0,1.0,5.0
311,5.0,2.0,1.0,2.0,2.0,5.0,1.0,3.0,3.0,4.0,4.0,4.0,4.0,3.0,2.0,5.0,3.0,2.0,1.0,5.0,3.0,5.0,3.0,4.0,3.0,3.0,4.0,1.0,4.0,3.0,3.0,5.0,1.0,5.0,3.0,1.0,1.0,5.0,3.0,2.0,5.0,5.0,3.0,1.0,1.0,1.0,1.0,1.0,1.0,1.0,4.0,5.0,3.0,5.0,1.0,1.0,2.0,2.0,5.0,1.0,1.0,1.0,5.0,2.0,1.0,2.0,2.0,2.0,1.0,1.0,3.0,3.0,3.0,5.0,1.0,5.0,3.0,1.0,1.0,5.0,3.0,5.0,4.0,3.0,1.0,5.0,4.0,1.0,5.0,5.0,3.0,1.0,5.0,3.0,5.0,5.0,5.0,5.0,1.0,5.0,5.0,5.0
312,5.0,2.0,1.0,1.0,3.0,5.0,5.0,4.0,3.0,4.0,4.0,4.0,1.0,4.0,3.0,5.0,3.0,3.0,1.0,3.0,2.0,4.0,2.0,4.0,2.0,3.0,3.0,5.0,5.0,3.0,2.0,1.0,1.0,5.0,5.0,4.0,2.0,5.0,2.0,2.0,3.0,2.0,3.0,3.0,2.0,5.0,3.0,3.0,1.0,2.0,3.0,5.0,3.0,2.0,3.0,3.0,4.0,5.0,3.0,3.0,1.0,4.0,2.0,2.0,3.0,4.0,2.0,4.0,1.0,4.0,5.0,2.0,4.0,1.0,1.0,4.0,2.0,2.0,3.0,2.0,5.0,5.0,4.0,3.0,5.0,4.0,2.0,2.0,4.0,2.0,1.0,2.0,5.0,5.0,2.0,3.0,3.0,4.0,3.0,4.0,2.0,5.0
313,1.0,2.0,1.0,1.0,3.0,1.0,5.0,4.0,3.0,2.0,4.0,4.0,3.0,5.0,3.0,5.0,3.0,1.0,1.0,5.0,3.0,3.0,5.0,4.0,4.0,2.0,4.0,2.0,5.0,5.0,2.0,5.0,1.0,4.0,5.0,1.0,1.0,4.0,4.0,2.0,2.0,1.0,1.0,2.0,3.0,1.0,1.0,1.0,1.0,4.0,1.0,5.0,4.0,1.0,4.0,2.0,5.0,3.0,1.0,4.0,5.0,2.0,2.0,2.0,1.0,4.0,3.0,1.0,1.0,5.0,5.0,3.0,5.0,1.0,1.0,3.0,3.0,1.0,2.0,1.0,5.0,5.0,5.0,2.0,2.0,1.0,4.0,4.0,3.0,1.0,5.0,4.0,5.0,5.0,2.0,1.0,1.0,2.0,5.0,5.0,5.0,4.0
314,2.0,2.0,3.0,4.0,3.0,2.0,5.0,2.0,2.0,3.0,2.0,2.0,3.0,3.0,3.0,5.0,3.0,4.0,1.0,4.0,5.0,3.0,5.0,4.0,1.0,4.0,4.0,5.0,3.0,3.0,4.0,3.0,4.0,2.0,5.0,3.0,3.0,4.0,4.0,3.0,4.0,2.0,2.0,5.0,3.0,5.0,5.0,5.0,3.0,5.0,4.0,5.0,3.0,4.0,2.0,2.0,4.0,3.0,4.0,3.0,3.0,2.0,4.0,3.0,3.0,4.0,4.0,4.0,5.0,3.0,4.0,5.0,2.0,2.0,3.0,5.0,4.0,3.0,3.0,4.0,3.0,4.0,5.0,3.0,3.0,2.0,3.0,2.0,4.0,4.0,2.0,1.0,1.0,3.0,1.0,3.0,3.0,4.0,2.0,4.0,4.0,5.0
315,2.0,2.0,2.0,5.0,1.0,2.0,3.0,5.0,4.0,2.0,4.0,3.0,4.0,3.0,2.0,5.0,3.0,3.0,3.0,3.0,3.0,2.0,3.0,4.0,4.0,3.0,4.0,3.0,4.0,2.0,4.0,3.0,1.0,3.0,2.0,1.0,1.0,3.0,2.0,2.0,3.0,1.0,1.0,1.0,3.0,2.0,3.0,1.0,3.0,1.0,2.0,5.0,3.0,4.0,2.0,2.0,3.0,3.0,4.0,3.0,1.0,2.0,3.0,3.0,3.0,3.0,3.0,4.0,4.0,3.0,2.0,3.0,4.0,1.0,1.0,4.0,2.0,3.0,2.0,1.0,3.0,4.0,4.0,2.0,3.0,2.0,2.0,2.0,4.0,3.0,1.0,1.0,3.0,4.0,1.0,2.0,4.0,3.0,4.0,5.0,4.0,5.0
316,3.0,2.0,2.0,4.0,2.0,4.0,4.0,3.0,3.0,3.0,4.0,2.0,4.0,4.0,3.0,4.0,3.0,3.0,2.0,5.0,4.0,1.0,4.0,5.0,4.0,3.0,4.0,1.0,3.0,4.0,3.0,5.0,2.0,2.0,4.0,2.0,2.0,2.0,4.0,2.0,3.0,1.0,3.0,5.0,5.0,4.0,4.0,5.0,5.0,5.0,2.0,5.0,4.0,5.0,3.0,3.0,2.0,2.0,4.0,3.0,1.0,1.0,4.0,3.0,2.0,4.0,1.0,3.0,2.0,1.0,5.0,5.0,5.0,1.0,1.0,3.0,3.0,3.0,1.0,1.0,4.0,2.0,2.0,2.0,5.0,4.0,3.0,1.0,5.0,4.0,2.0,4.0,2.0,4.0,5.0,1.0,1.0,4.0,4.0,5.0,3.0,4.0
317,1.0,2.0,2.0,5.0,5.0,3.0,3.0,3.0,3.0,2.0,1.0,1.0,3.0,1.0,2.0,2.0,1.0,5.0,2.0,4.0,1.0,1.0,4.0,3.0,1.0,2.0,1.0,5.0,2.0,4.0,4.0,1.0,4.0,3.0,5.0,4.0,2.0,5.0,2.0,1.0,1.0,1.0,1.0,4.0,1.0,2.0,2.0,2.0,3.0,4.0,5.0,5.0,1.0,2.0,2.0,2.0,4.0,4.0,1.0,5.0,4.0,5.0,1.0,4.0,3.0,3.0,5.0,2.0,1.0,2.0,4.0,1.0,1.0,5.0,5.0,5.0,4.0,2.0,3.0,1.0,5.0,2.0,5.0,1.0,1.0,1.0,3.0,1.0,4.0,1.0,3.0,3.0,1.0,2.0,1.0,1.0,2.0,4.0,4.0,5.0,2.0,5.0
318,1.0,2.0,1.0,5.0,3.0,3.0,3.0,2.0,4.0,1.0,3.0,3.0,1.0,1.0,2.0,1.0,3.0,3.0,3.0,2.0,4.0,1.0,5.0,3.0,5.0,3.0,5.0,3.0,2.0,5.0,5.0,4.0,1.0,3.0,2.0,1.0,1.0,4.0,4.0,3.0,1.0,1.0,1.0,4.0,2.0,4.0,1.0,4.0,1.0,2.0,1.0,5.0,5.0,5.0,2.0,2.0,2.0,4.0,5.0,4.0,2.0,2.0,4.0,3.0,2.0,4.0,3.0,5.0,3.0,2.0,1.0,4.0,2.0,3.0,2.0,3.0,2.0,3.0,4.0,1.0,3.0,3.0,5.0,2.0,4.0,3.0,3.0,1.0,2.0,2.0,1.0,3.0,5.0,4.0,2.0,2.0,5.0,1.0,3.0,5.0,2.0,3.0
319,3.0,2.0,4.0,3.0,3.0,3.0,3.0,2.0,3.0,2.0,3.0,3.0,3.0,3.0,3.0,4.0,3.0,2.0,2.0,4.0,3.0,1.0,3.0,4.0,3.0,2.0,3.0,2.0,3.0,5.0,3.0,2.0,1.0,4.0,2.0,3.0,3.0,3.0,1.0,2.0,2.0,2.0,3.0,3.0,3.0,4.0,4.0,4.0,3.0,5.0,1.0,5.0,3.0,1.0,5.0,5.0,2.0,2.0,3.0,5.0,1.0,1.0,1.0,2.0,1.0,5.0,3.0,2.0,1.0,2.0,3.0,2.0,1.0,1.0,1.0,4.0,3.0,1.0,1.0,1.0,2.0,2.0,3.0,1.0,3.0,3.0,2.0,2.0,4.0,1.0,5.0,2.0,2.0,1.0,1.0,3.0,3.0,2.0,3.0,4.0,1.0,2.0
320,3.0,2.0,5.0,3.0,4.0,2.0,3.0,1.0,3.0,3.0,3.0,3.0,3.0,5.0,3.0,2.0,3.0,3.0,3.0,4.0,2.0,4.0,5.0,4.0,4.0,3.0,4.0,4.0,3.0,4.0,4.0,5.0,1.0,5.0,5.0,2.0,1.0,5.0,3.0,2.0,4.0,2.0,2.0,1.0,4.0,5.0,5.0,5.0,2.0,4.0,2.0,5.0,3.0,3.0,4.0,2.0,4.0,4.0,5.0,4.0,1.0,3.0,4.0,5.0,5.0,4.0,3.0,5.0,3.0,3.0,3.0,5.0,3.0,4.0,2.0,3.0,4.0,5.0,3.0,1.0,3.0,2.0,5.0,3.0,2.0,2.0,3.0,5.0,4.0,3.0,5.0,5.0,2.0,4.0,3.0,1.0,4.0,3.0,3.0,3.0,3.0,5.0
321,3.0,2.0,5.0,1.0,3.0,3.0,1.0,3.0,4.0,4.0,4.0,3.0,2.0,5.0,3.0,4.0,4.0,2.0,2.0,4.0,2.0,2.0,5.0,4.0,5.0,3.0,5.0,1.0,2.0,4.0,4.0,5.0,1.0,5.0,4.0,1.0,1.0,4.0,1.0,2.0,1.0,2.0,4.0,1.0,3.0,2.0,3.0,2.0,1.0,5.0,1.0,5.0,3.0,5.0,5.0,5.0,5.0,5.0,5.0,5.0,3.0,3.0,2.0,2.0,5.0,5.0,3.0,5.0,2.0,5.0,2.0,5.0,1.0,5.0,3.0,3.0,3.0,3.0,5.0,5.0,5.0,2.0,3.0,5.0,2.0,2.0,3.0,5.0,5.0,5.0,5.0,3.0,2.0,5.0,3.0,1.0,3.0,3.0,3.0,5.0,2.0,3.0
322,5.0,2.0,2.0,5.0,4.0,1.0,5.0,4.0,3.0,5.0,3.0,1.0,1.0,5.0,3.0,5.0,4.0,4.0,3.0,5.0,3.0,3.0,3.0,3.0,4.0,4.0,3.0,1.0,2.0,3.0,4.0,1.0,1.0,3.0,5.0,5.0,1.0,3.0,4.0,1.0,4.0,3.0,2.0,2.0,2.0,1.0,3.0,2.0,5.0,5.0,1.0,5.0,3.0,2.0,3.0,1.0,5.0,1.0,3.0,4.0,1.0,4.0,2.0,2.0,4.0,1.0,5.0,1.0,1.0,3.0,5.0,4.0,2.0,2.0,2.0,4.0,3.0,1.0,2.0,2.0,5.0,3.0,5.0,1.0,1.0,2.0,4.0,2.0,4.0,1.0,5.0,1.0,1.0,3.0,1.0,1.0,3.0,3.0,4.0,5.0,4.0,1.0
323,2.0,2.0,5.0,3.0,1.0,2.0,4.0,5.0,3.0,2.0,2.0,3.0,4.0,3.0,3.0,5.0,3.0,4.0,3.0,4.0,4.0,2.0,5.0,3.0,1.0,3.0,3.0,3.0,1.0,1.0,5.0,1.0,1.0,3.0,5.0,5.0,2.0,2.0,1.0,2.0,4.0,2.0,1.0,5.0,2.0,3.0,4.0,1.0,1.0,3.0,5.0,5.0,5.0,1.0,3.0,1.0,3.0,2.0,1.0,5.0,5.0,4.0,1.0,1.0,2.0,2.0,5.0,1.0,1.0,3.0,4.0,5.0,1.0,1.0,1.0,5.0,1.0,1.0,2.0,1.0,5.0,3.0,4.0,1.0,1.0,1.0,5.0,4.0,5.0,1.0,3.0,2.0,5.0,1.0,4.0,1.0,3.0,2.0,3.0,4.0,3.0,5.0
324,4.0,2.0,1.0,3.0,5.0,4.0,5.0,3.0,4.0,4.0,5.0,3.0,4.0,3.0,2.0,4.0,4.0,3.0,1.0,2.0,2.0,1.0,5.0,5.0,4.0,3.0,4.0,2.0,3.0,4.0,5.0,5.0,1.0,3.0,4.0,5.0,4.0,4.0,4.0,2.0,3.0,3.0,1.0,2.0,2.0,2.0,3.0,3.0,5.0,3.0,1.0,5.0,4.0,3.0,1.0,1.0,1.0,4.0,3.0,2.0,1.0,2.0,5.0,5.0,2.0,2.0,2.0,4.0,2.0,1.0,2.0,4.0,3.0,2.0,2.0,4.0,2.0,4.0,3.0,2.0,2.0,3.0,5.0,3.0,2.0,2.0,2.0,2.0,4.0,5.0,2.0,1.0,3.0,4.0,2.0,2.0,3.0,3.0,4.0,3.0,2.0,2.0
325,3.0,2.0,1.0,2.0,2.0,1.0,5.0,2.0,4.0,4.0,3.0,4.0,4.0,2.0,3.0,4.0,3.0,5.0,2.0,3.0,5.0,3.0,4.0,4.0,4.0,5.0,5.0,4.0,2.0,4.0,4.0,1.0,3.0,4.0,4.0,4.0,3.0,1.0,1.0,2.0,2.0,2.0,1.0,3.0,1.0,4.0,4.0,4.0,1.0,5.0,4.0,4.0,4.0,4.0,4.0,3.0,2.0,1.0,4.0,5.0,4.0,4.0,2.0,4.0,1.0,3.0,4.0,5.0,1.0,1.0,1.0,1.0,1.0,5.0,4.0,5.0,2.0,5.0,2.0,2.0,1.0,1.0,2.0,1.0,3.0,3.0,1.0,1.0,2.0,2.0,1.0,1.0,4.0,2.0,3.0,3.0,5.0,2.0,1.0,5.0,3.0,5.0
326,2.0,1.0,1.0,1.0,3.0,3.0,4.0,4.0,3.0,4.0,3.0,3.0,1.0,5.0,2.0,4.0,3.0,2.0,3.0,5.0,2.0,5.0,5.0,4.0,2.0,2.0,4.0,2.0,4.0,2.0,3.0,5.0,1.0,5.0,5.0,3.0,1.0,5.0,1.0,2.0,4.0,1.0,3.0,1.0,1.0,1.0,2.0,1.0,3.0,5.0,4.0,4.0,2.0,4.0,1.0,2.0,3.0,2.0,3.0,3.0,1.0,1.0,1.0,1.0,4.0,4.0,1.0,3.0,2.0,3.0,5.0,5.0,2.0,1.0,1.0,2.0,2.0,1.0,5.0,3.0,5.0,1.0,3.0,3.0,1.0,1.0,4.0,1.0,4.0,2.0,1.0,2.0,1.0,5.0,5.0,2.0,3.0,1.0,5.0,5.0,4.0,5.0
327,5.0,2.0,3.0,3.0,3.0,5.0,2.0,3.0,4.0,4.0,5.0,3.0,3.0,5.0,3.0,3.0,3.0,3.0,1.0,3.0,3.0,4.0,5.0,5.0,3.0,4.0,5.0,2.0,3.0,4.0,5.0,5.0,1.0,5.0,3.0,1.0,1.0,5.0,4.0,2.0,3.0,5.0,1.0,5.0,1.0,1.0,4.0,2.0,3.0,3.0,3.0,4.0,3.0,3.0,3.0,2.0,1.0,5.0,4.0,1.0,1.0,1.0,4.0,2.0,4.0,2.0,2.0,5.0,1.0,2.0,3.0,5.0,4.0,1.0,2.0,3.0,1.0,5.0,2.0,2.0,3.0,5.0,5.0,3.0,4.0,4.0,3.0,2.0,5.0,5.0,2.0,4.0,3.0,5.0,1.0,2.0,4.0,4.0,5.0,3.0,4.0,3.0
328,4.0,2.0,4.0,5.0,4.0,4.0,5.0,4.0,4.0,3.0,3.0,4.0,4.0,2.0,2.0,5.0,4.0,4.0,3.0,4.0,2.0,4.0,4.0,5.0,4.0,4.0,4.0,3.0,5.0,4.0,3.0,4.0,1.0,4.0,2.0,2.0,2.0,3.0,2.0,2.0,4.0,1.0,1.0,2.0,2.0,1.0,5.0,3.0,5.0,4.0,2.0,5.0,4.0,2.0,1.0,1.0,3.0,4.0,4.0,5.0,1.0,1.0,4.0,4.0,5.0,5.0,5.0,4.0,1.0,2.0,5.0,3.0,4.0,4.0,2.0,5.0,3.0,5.0,2.0,1.0,5.0,3.0,5.0,3.0,4.0,4.0,5.0,2.0,2.0,1.0,4.0,1.0,5.0,2.0,5.0,4.0,5.0,3.0,5.0,5.0,1.0,1.0
329,4.0,2.0,5.0,1.0,3.0,5.0,5.0,3.0,3.0,4.0,3.0,4.0,4.0,3.0,2.0,4.0,3.0,5.0,2.0,3.0,3.0,3.0,5.0,3.0,4.0,3.0,4.0,2.0,4.0,5.0,4.0,2.0,2.0,2.0,4.0,4.0,1.0,5.0,2.0,2.0,3.0,1.0,2.0,4.0,1.0,1.0,3.0,3.0,2.0,4.0,2.0,4.0,3.0,2.0,2.0,2.0,4.0,3.0,3.0,3.0,1.0,2.0,3.0,3.0,3.0,3.0,2.0,3.0,3.0,3.0,5.0,5.0,5.0,3.0,2.0,3.0,1.0,3.0,2.0,1.0,5.0,4.0,5.0,2.0,4.0,1.0,1.0,5.0,3.0,2.0,1.0,1.0,4.0,1.0,1.0,1.0,3.0,2.0,3.0,5.0,4.0,1.0
330,2.0,1.0,1.0,3.0,5.0,5.0,4.0,4.0,4.0,4.0,5.0,4.0,1.0,4.0,2.0,4.0,3.0,4.0,1.0,4.0,3.0,3.0,2.0,5.0,3.0,2.0,4.0,2.0,3.0,5.0,3.0,5.0,1.0,1.0,3.0,2.0,1.0,5.0,3.0,3.0,3.0,1.0,1.0,2.0,2.0,5.0,5.0,1.0,3.0,5.0,5.0,5.0,3.0,2.0,1.0,1.0,3.0,4.0,4.0,4.0,1.0,3.0,2.0,2.0,2.0,3.0,3.0,1.0,1.0,4.0,5.0,3.0,1.0,1.0,1.0,5.0,3.0,2.0,1.0,1.0,5.0,3.0,5.0,3.0,1.0,2.0,5.0,1.0,4.0,1.0,1.0,4.0,1.0,1.0,2.0,2.0,5.0,4.0,4.0,5.0,4.0,5.0
331,2.0,1.0,4.0,2.0,1.0,3.0,4.0,4.0,4.0,4.0,4.0,4.0,3.0,5.0,3.0,2.0,3.0,4.0,2.0,5.0,4.0,4.0,4.0,4.0,4.0,5.0,4.0,3.0,1.0,5.0,1.0,3.0,1.0,5.0,3.0,3.0,2.0,5.0,2.0,2.0,2.0,2.0,2.0,2.0,2.0,2.0,2.0,2.0,2.0,3.0,3.0,4.0,2.0,2.0,2.0,3.0,3.0,3.0,2.0,3.0,2.0,3.0,1.0,4.0,3.0,3.0,5.0,2.0,3.0,3.0,2.0,2.0,1.0,1.0,1.0,3.0,1.0,1.0,4.0,2.0,3.0,4.0,5.0,5.0,1.0,1.0,5.0,4.0,4.0,2.0,4.0,1.0,4.0,1.0,1.0,1.0,3.0,3.0,5.0,5.0,5.0,2.0
332,2.0,2.0,2.0,2.0,5.0,3.0,4.0,3.0,3.0,5.0,4.0,3.0,3.0,3.0,4.0,5.0,3.0,2.0,3.0,3.0,3.0,2.0,3.0,4.0,5.0,3.0,4.0,4.0,2.0,5.0,2.0,5.0,3.0,5.0,2.0,2.0,4.0,3.0,1.0,2.0,3.0,3.0,5.0,5.0,4.0,5.0,5.0,4.0,2.0,5.0,3.0,5.0,4.0,3.0,3.0,2.0,4.0,3.0,5.0,5.0,3.0,3.0,4.0,3.0,3.0,3.0,2.0,4.0,1.0,2.0,4.0,4.0,2.0,2.0,1.0,5.0,2.0,2.0,5.0,4.0,5.0,4.0,5.0,5.0,1.0,2.0,2.0,1.0,5.0,4.0,2.0,1.0,3.0,3.0,3.0,1.0,5.0,3.0,3.0,5.0,3.0,5.0
333,2.0,2.0,1.0,4.0,2.0,5.0,5.0,1.0,3.0,4.0,3.0,4.0,4.0,2.0,2.0,5.0,3.0,4.0,3.0,4.0,5.0,4.0,2.0,5.0,2.0,3.0,4.0,3.0,4.0,1.0,5.0,5.0,5.0,5.0,5.0,5.0,1.0,5.0,2.0,2.0,3.0,1.0,1.0,1.0,1.0,1.0,3.0,1.0,5.0,2.0,2.0,5.0,3.0,1.0,2.0,1.0,4.0,3.0,3.0,5.0,4.0,2.0,3.0,1.0,1.0,4.0,3.0,2.0,1.0,2.0,4.0,4.0,4.0,1.0,1.0,3.0,2.0,1.0,5.0,5.0,5.0,3.0,5.0,5.0,2.0,3.0,1.0,1.0,5.0,3.0,4.0,1.0,5.0,3.0,4.0,3.0,2.0,3.0,2.0,4.0,1.0,2.0
334,4.0,2.0,5.0,1.0,5.0,4.0,5.0,5.0,3.0,4.0,4.0,4.0,4.0,4.0,3.0,3.0,3.0,4.0,2.0,5.0,3.0,5.0,5.0,4.0,4.0,2.0,4.0,5.0,2.0,1.0,5.0,5.0,1.0,5.0,5.0,3.0,2.0,4.0,2.0,2.0,3.0,2.0,2.0,2.0,5.0,2.0,4.0,3.0,2.0,4.0,3.0,5.0,4.0,3.0,2.0,1.0,2.0,3.0,4.0,4.0,2.0,2.0,2.0,2.0,5.0,3.0,2.0,4.0,3.0,2.0,5.0,4.0,3.0,2.0,2.0,3.0,1.0,1.0,1.0,1.0,4.0,3.0,5.0,2.0,2.0,3.0,5.0,5.0,5.0,1.0,4.0,3.0,2.0,1.0,1.0,2.0,3.0,2.0,4.0,4.0,5.0,5.0
335,1.0,2.0,5.0,1.0,5.0,1.0,3.0,1.0,2.0,3.0,3.0,2.0,3.0,3.0,1.0,5.0,3.0,2.0,1.0,5.0,2.0,3.0,5.0,5.0,3.0,3.0,3.0,4.0,3.0,4.0,5.0,1.0,1.0,5.0,2.0,4.0,2.0,3.0,2.0,2.0,3.0,3.0,2.0,1.0,3.0,3.0,1.0,2.0,1.0,2.0,2.0,5.0,3.0,3.0,1.0,2.0,1.0,1.0,3.0,1.0,1.0,1.0,1.0,1.0,1.0,1.0,1.0,1.0,1.0,1.0,1.0,3.0,1.0,1.0,5.0,5.0,5.0,1.0,3.0,1.0,1.0,1.0,2.0,2.0,1.0,5.0,1.0,5.0,5.0,2.0,1.0,1.0,5.0,2.0,5.0,2.0,5.0,5.0,1.0,5.0,1.0,1.0
336,1.0,2.0,1.0,2.0,4.0,5.0,5.0,4.0,3.0,5.0,4.0,4.0,5.0,3.0,1.0,5.0,3.0,4.0,2.0,3.0,5.0,2.0,4.0,5.0,2.0,3.0,2.0,4.0,2.0,1.0,4.0,4.0,1.0,2.0,5.0,5.0,2.0,4.0,2.0,2.0,4.0,1.0,1.0,1.0,2.0,1.0,2.0,3.0,5.0,3.0,4.0,5.0,3.0,2.0,2.0,1.0,3.0,4.0,3.0,4.0,5.0,2.0,2.0,2.0,2.0,3.0,4.0,2.0,2.0,4.0,2.0,3.0,1.0,3.0,2.0,3.0,2.0,2.0,5.0,4.0,5.0,4.0,2.0,4.0,2.0,2.0,4.0,2.0,5.0,2.0,3.0,2.0,1.0,5.0,1.0,2.0,3.0,4.0,4.0,4.0,4.0,2.0
337,3.0,1.0,3.0,3.0,1.0,3.0,1.0,3.0,3.0,2.0,5.0,3.0,5.0,3.0,2.0,5.0,3.0,2.0,1.0,3.0,3.0,5.0,5.0,3.0,3.0,3.0,3.0,1.0,3.0,5.0,3.0,3.0,1.0,5.0,5.0,3.0,1.0,3.0,1.0,2.0,2.0,1.0,1.0,1.0,1.0,1.0,1.0,1.0,1.0,1.0,2.0,5.0,5.0,5.0,3.0,1.0,1.0,3.0,3.0,3.0,1.0,1.0,3.0,2.0,1.0,1.0,2.0,2.0,5.0,1.0,3.0,3.0,2.0,1.0,1.0,3.0,3.0,3.0,5.0,5.0,1.0,3.0,5.0,4.0,1.0,4.0,1.0,1.0,3.0,3.0,1.0,1.0,5.0,5.0,3.0,3.0,4.0,4.0,2.0,5.0,4.0,4.0
338,2.0,2.0,4.0,4.0,5.0,5.0,3.0,3.0,3.0,4.0,4.0,3.0,3.0,3.0,3.0,5.0,3.0,3.0,1.0,3.0,3.0,3.0,5.0,5.0,3.0,1.0,4.0,4.0,4.0,3.0,5.0,3.0,1.0,2.0,5.0,3.0,3.0,5.0,2.0,2.0,3.0,5.0,4.0,2.0,4.0,5.0,5.0,3.0,1.0,2.0,3.0,5.0,3.0,3.0,2.0,1.0,4.0,4.0,5.0,3.0,1.0,1.0,5.0,4.0,3.0,4.0,2.0,3.0,1.0,2.0,3.0,3.0,1.0,2.0,1.0,5.0,5.0,5.0,1.0,1.0,5.0,4.0,4.0,2.0,2.0,4.0,3.0,1.0,4.0,1.0,1.0,3.0,4.0,2.0,2.0,5.0,4.0,4.0,3.0,2.0,2.0,5.0
339,1.0,2.0,3.0,1.0,2.0,5.0,3.0,5.0,3.0,5.0,5.0,2.0,1.0,5.0,3.0,5.0,4.0,5.0,1.0,5.0,3.0,3.0,5.0,5.0,5.0,3.0,4.0,1.0,3.0,5.0,4.0,5.0,1.0,5.0,4.0,3.0,1.0,5.0,4.0,2.0,4.0,5.0,3.0,1.0,5.0,1.0,5.0,1.0,5.0,1.0,1.0,5.0,3.0,4.0,1.0,1.0,3.0,2.0,4.0,4.0,1.0,1.0,1.0,4.0,5.0,3.0,1.0,2.0,5.0,1.0,3.0,5.0,4.0,1.0,1.0,3.0,1.0,1.0,3.0,1.0,4.0,3.0,4.0,1.0,1.0,3.0,4.0,1.0,5.0,3.0,1.0,1.0,2.0,5.0,5.0,2.0,5.0,5.0,4.0,5.0,3.0,5.0
340,3.0,2.0,1.0,5.0,3.0,5.0,2.0,2.0,3.0,3.0,3.0,3.0,2.0,4.0,3.0,5.0,3.0,4.0,3.0,3.0,2.0,1.0,5.0,2.0,2.0,1.0,2.0,3.0,1.0,4.0,4.0,5.0,3.0,2.0,4.0,4.0,4.0,3.0,4.0,2.0,3.0,1.0,2.0,1.0,1.0,5.0,3.0,1.0,1.0,1.0,3.0,5.0,3.0,2.0,1.0,2.0,4.0,4.0,3.0,5.0,4.0,3.0,1.0,1.0,3.0,3.0,4.0,1.0,1.0,1.0,4.0,2.0,2.0,1.0,1.0,3.0,1.0,1.0,2.0,1.0,5.0,3.0,5.0,1.0,2.0,1.0,4.0,2.0,3.0,1.0,4.0,4.0,1.0,1.0,1.0,1.0,3.0,1.0,5.0,4.0,3.0,4.0
341,2.0,2.0,3.0,5.0,3.0,3.0,2.0,1.0,4.0,1.0,4.0,2.0,4.0,4.0,3.0,4.0,4.0,3.0,2.0,1.0,3.0,4.0,3.0,3.0,5.0,5.0,4.0,5.0,1.0,4.0,3.0,1.0,1.0,3.0,5.0,3.0,2.0,3.0,1.0,1.0,5.0,1.0,1.0,1.0,1.0,1.0,1.0,1.0,5.0,3.0,2.0,5.0,3.0,3.0,3.0,2.0,3.0,3.0,4.0,3.0,1.0,1.0,5.0,3.0,2.0,3.0,3.0,3.0,3.0,1.0,3.0,3.0,2.0,1.0,1.0,3.0,1.0,2.0,5.0,5.0,2.0,3.0,2.0,3.0,2.0,1.0,1.0,1.0,4.0,5.0,2.0,1.0,5.0,5.0,2.0,3.0,5.0,3.0,4.0,5.0,4.0,5.0
342,4.0,2.0,3.0,2.0,3.0,3.0,4.0,4.0,4.0,3.0,4.0,3.0,4.0,5.0,2.0,5.0,3.0,3.0,1.0,1.0,2.0,4.0,3.0,2.0,4.0,3.0,3.0,3.0,3.0,4.0,3.0,5.0,1.0,3.0,5.0,2.0,1.0,3.0,1.0,1.0,2.0,2.0,2.0,2.0,2.0,2.0,2.0,2.0,1.0,1.0,2.0,5.0,3.0,3.0,2.0,3.0,4.0,3.0,2.0,5.0,5.0,4.0,4.0,3.0,5.0,4.0,5.0,3.0,3.0,4.0,5.0,3.0,4.0,2.0,3.0,5.0,4.0,2.0,4.0,4.0,3.0,3.0,4.0,4.0,2.0,5.0,2.0,1.0,5.0,1.0,5.0,3.0,5.0,5.0,2.0,2.0,1.0,5.0,2.0,4.0,3.0,3.0
343,5.0,2.0,5.0,2.0,5.0,5.0,5.0,4.0,3.0,4.0,5.0,3.0,3.0,3.0,3.0,5.0,3.0,3.0,2.0,5.0,5.0,2.0,5.0,4.0,3.0,2.0,5.0,1.0,5.0,3.0,5.0,5.0,1.0,5.0,5.0,2.0,1.0,5.0,2.0,2.0,3.0,3.0,3.0,1.0,5.0,1.0,3.0,2.0,2.0,5.0,3.0,5.0,5.0,5.0,2.0,2.0,3.0,5.0,5.0,5.0,2.0,4.0,4.0,4.0,3.0,3.0,2.0,4.0,5.0,2.0,2.0,2.0,2.0,1.0,1.0,5.0,4.0,2.0,5.0,5.0,4.0,1.0,4.0,4.0,1.0,2.0,3.0,2.0,4.0,1.0,3.0,1.0,5.0,4.0,3.0,1.0,4.0,4.0,4.0,5.0,1.0,5.0
344,3.0,3.0,5.0,2.0,5.0,1.0,5.0,5.0,3.0,3.0,5.0,3.0,3.0,5.0,3.0,2.0,3.0,4.0,1.0,5.0,2.0,5.0,5.0,4.0,3.0,5.0,4.0,4.0,5.0,5.0,5.0,5.0,1.0,2.0,2.0,5.0,3.0,4.0,4.0,2.0,4.0,1.0,1.0,2.0,2.0,4.0,4.0,4.0,1.0,3.0,1.0,5.0,2.0,1.0,3.0,3.0,5.0,2.0,4.0,5.0,5.0,2.0,1.0,1.0,2.0,3.0,3.0,3.0,1.0,4.0,5.0,5.0,5.0,5.0,5.0,5.0,5.0,3.0,2.0,2.0,3.0,5.0,3.0,3.0,1.0,5.0,2.0,5.0,3.0,3.0,4.0,2.0,3.0,1.0,1.0,1.0,1.0,5.0,5.0,5.0,2.0,2.0
345,3.0,2.0,4.0,4.0,4.0,1.0,5.0,3.0,3.0,1.0,5.0,4.0,3.0,1.0,3.0,5.0,3.0,5.0,2.0,4.0,5.0,1.0,4.0,3.0,4.0,2.0,3.0,4.0,3.0,5.0,3.0,1.0,1.0,5.0,5.0,3.0,1.0,5.0,2.0,2.0,3.0,1.0,1.0,5.0,2.0,1.0,1.0,1.0,5.0,1.0,4.0,5.0,3.0,5.0,1.0,1.0,1.0,1.0,5.0,3.0,1.0,2.0,4.0,4.0,1.0,2.0,3.0,1.0,3.0,1.0,1.0,5.0,1.0,1.0,1.0,4.0,2.0,1.0,5.0,2.0,1.0,5.0,4.0,3.0,2.0,5.0,3.0,3.0,3.0,4.0,1.0,1.0,3.0,5.0,2.0,3.0,4.0,2.0,4.0,4.0,1.0,5.0
346,3.0,2.0,3.0,1.0,4.0,2.0,4.0,3.0,3.0,3.0,4.0,5.0,4.0,4.0,1.0,3.0,4.0,3.0,2.0,3.0,2.0,1.0,4.0,3.0,3.0,3.0,5.0,3.0,2.0,3.0,3.0,3.0,2.0,4.0,3.0,3.0,2.0,3.0,3.0,2.0,3.0,2.0,2.0,2.0,2.0,4.0,3.0,3.0,3.0,4.0,3.0,5.0,3.0,5.0,2.0,2.0,2.0,3.0,5.0,3.0,1.0,1.0,5.0,2.0,3.0,1.0,1.0,2.0,3.0,1.0,2.0,1.0,3.0,1.0,1.0,3.0,3.0,3.0,1.0,1.0,2.0,1.0,3.0,1.0,5.0,5.0,2.0,1.0,5.0,2.0,1.0,1.0,1.0,5.0,2.0,2.0,4.0,3.0,1.0,5.0,5.0,2.0
347,3.0,2.0,1.0,1.0,3.0,3.0,5.0,1.0,3.0,4.0,3.0,3.0,5.0,4.0,3.0,4.0,4.0,2.0,2.0,5.0,5.0,3.0,3.0,3.0,3.0,3.0,4.0,1.0,1.0,4.0,3.0,3.0,1.0,3.0,3.0,3.0,1.0,1.0,1.0,2.0,3.0,1.0,2.0,1.0,1.0,3.0,2.0,1.0,4.0,3.0,1.0,4.0,3.0,3.0,2.0,2.0,2.0,3.0,5.0,4.0,1.0,1.0,1.0,4.0,3.0,3.0,3.0,3.0,1.0,1.0,4.0,1.0,1.0,4.0,4.0,5.0,5.0,2.0,1.0,1.0,2.0,4.0,3.0,1.0,1.0,3.0,1.0,1.0,5.0,2.0,1.0,1.0,5.0,5.0,1.0,1.0,1.0,3.0,2.0,5.0,1.0,1.0
348,3.0,2.0,1.0,2.0,3.0,3.0,3.0,1.0,3.0,1.0,4.0,3.0,4.0,4.0,4.0,2.0,3.0,3.0,2.0,4.0,4.0,2.0,5.0,5.0,2.0,2.0,3.0,2.0,1.0,4.0,5.0,5.0,1.0,5.0,5.0,1.0,5.0,4.0,2.0,3.0,3.0,1.0,2.0,2.0,2.0,2.0,2.0,2.0,3.0,4.0,3.0,5.0,4.0,2.0,2.0,3.0,4.0,3.0,2.0,5.0,3.0,3.0,1.0,1.0,3.0,3.0,3.0,2.0,1.0,4.0,5.0,5.0,3.0,2.0,1.0,4.0,2.0,2.0,1.0,1.0,5.0,2.0,4.0,1.0,3.0,2.0,4.0,1.0,1.0,2.0,1.0,1.0,4.0,1.0,1.0,1.0,4.0,3.0,5.0,5.0,2.0,5.0
349,1.0,2.0,4.0,3.0,3.0,5.0,5.0,4.0,3.0,3.0,2.0,4.0,2.0,5.0,3.0,5.0,3.0,3.0,2.0,5.0,4.0,1.0,4.0,5.0,2.0,3.0,4.0,2.0,2.0,2.0,2.0,4.0,4.0,4.0,4.0,3.0,1.0,5.0,1.0,2.0,4.0,3.0,2.0,4.0,5.0,1.0,1.0,1.0,1.0,3.0,4.0,5.0,1.0,2.0,4.0,3.0,5.0,5.0,4.0,4.0,3.0,1.0,1.0,1.0,4.0,5.0,3.0,4.0,1.0,5.0,5.0,4.0,1.0,1.0,2.0,2.0,2.0,1.0,4.0,4.0,5.0,3.0,5.0,5.0,1.0,1.0,4.0,4.0,4.0,4.0,3.0,5.0,1.0,4.0,4.0,1.0,1.0,4.0,5.0,5.0,1.0,2.0
350,2.0,2.0,4.0,3.0,1.0,5.0,5.0,3.0,1.0,3.0,4.0,4.0,2.0,4.0,1.0,2.0,4.0,3.0,3.0,5.0,3.0,4.0,5.0,5.0,4.0,4.0,4.0,5.0,5.0,4.0,5.0,5.0,3.0,3.0,1.0,3.0,1.0,5.0,2.0,2.0,5.0,1.0,2.0,2.0,5.0,5.0,5.0,5.0,5.0,5.0,1.0,5.0,4.0,5.0,1.0,2.0,2.0,5.0,5.0,5.0,1.0,1.0,5.0,4.0,4.0,5.0,2.0,5.0,4.0,1.0,1.0,3.0,2.0,1.0,1.0,5.0,5.0,4.0,1.0,1.0,3.0,2.0,5.0,1.0,1.0,3.0,1.0,1.0,3.0,5.0,1.0,1.0,3.0,5.0,1.0,5.0,5.0,1.0,4.0,5.0,3.0,4.0
351,1.0,2.0,1.0,2.0,5.0,4.0,4.0,3.0,3.0,3.0,4.0,3.0,4.0,5.0,2.0,4.0,2.0,2.0,3.0,3.0,3.0,5.0,4.0,5.0,2.0,4.0,5.0,1.0,4.0,5.0,5.0,1.0,2.0,1.0,5.0,2.0,1.0,1.0,3.0,3.0,3.0,1.0,1.0,2.0,2.0,5.0,3.0,2.0,3.0,1.0,3.0,5.0,3.0,1.0,2.0,4.0,5.0,1.0,1.0,5.0,4.0,4.0,2.0,2.0,3.0,3.0,3.0,2.0,1.0,3.0,5.0,1.0,5.0,3.0,4.0,5.0,5.0,5.0,2.0,2.0,1.0,5.0,5.0,2.0,4.0,2.0,1.0,2.0,3.0,1.0,3.0,1.0,1.0,1.0,1.0,1.0,2.0,5.0,1.0,5.0,1.0,3.0
352,5.0,2.0,3.0,1.0,3.0,5.0,4.0,3.0,3.0,4.0,3.0,3.0,4.0,3.0,3.0,4.0,3.0,3.0,1.0,3.0,2.0,4.0,4.0,3.0,3.0,3.0,5.0,3.0,5.0,2.0,4.0,5.0,1.0,3.0,5.0,2.0,2.0,3.0,1.0,1.0,2.0,1.0,2.0,2.0,2.0,2.0,1.0,1.0,1.0,2.0,2.0,4.0,3.0,2.0,3.0,3.0,3.0,4.0,2.0,5.0,5.0,4.0,1.0,4.0,3.0,3.0,2.0,3.0,1.0,3.0,4.0,1.0,3.0,2.0,3.0,4.0,5.0,3.0,4.0,3.0,3.0,3.0,3.0,3.0,2.0,3.0,1.0,1.0,2.0,1.0,2.0,1.0,4.0,5.0,2.0,1.0,3.0,5.0,2.0,4.0,1.0,5.0
353,1.0,3.0,3.0,4.0,3.0,3.0,5.0,1.0,5.0,1.0,3.0,4.0,2.0,1.0,3.0,3.0,3.0,4.0,3.0,4.0,5.0,5.0,1.0,3.0,1.0,3.0,4.0,4.0,2.0,3.0,3.0,3.0,1.0,5.0,5.0,4.0,4.0,5.0,4.0,3.0,4.0,3.0,1.0,1.0,3.0,3.0,3.0,3.0,3.0,3.0,4.0,5.0,3.0,4.0,3.0,3.0,2.0,2.0,5.0,3.0,1.0,1.0,2.0,3.0,3.0,3.0,1.0,4.0,4.0,2.0,3.0,2.0,2.0,2.0,2.0,3.0,3.0,3.0,3.0,1.0,1.0,2.0,2.0,1.0,1.0,1.0,1.0,1.0,3.0,1.0,1.0,1.0,3.0,1.0,2.0,2.0,2.0,3.0,2.0,3.0,1.0,5.0
354,4.0,2.0,4.0,2.0,5.0,5.0,5.0,3.0,3.0,5.0,4.0,3.0,2.0,4.0,3.0,5.0,4.0,4.0,3.0,5.0,4.0,4.0,4.0,3.0,4.0,3.0,4.0,3.0,4.0,3.0,4.0,3.0,2.0,4.0,5.0,3.0,2.0,5.0,2.0,2.0,3.0,3.0,3.0,4.0,5.0,5.0,5.0,5.0,5.0,5.0,3.0,5.0,4.0,3.0,4.0,2.0,3.0,3.0,3.0,4.0,1.0,3.0,3.0,4.0,3.0,4.0,3.0,4.0,3.0,2.0,5.0,4.0,2.0,2.0,2.0,4.0,3.0,4.0,4.0,2.0,5.0,3.0,5.0,3.0,2.0,2.0,4.0,2.0,5.0,4.0,2.0,2.0,5.0,4.0,3.0,4.0,4.0,3.0,4.0,5.0,3.0,2.0
355,3.0,2.0,5.0,3.0,5.0,4.0,2.0,5.0,3.0,3.0,3.0,4.0,1.0,4.0,2.0,5.0,3.0,4.0,1.0,5.0,3.0,2.0,2.0,5.0,2.0,4.0,4.0,5.0,3.0,4.0,4.0,2.0,3.0,5.0,5.0,4.0,2.0,3.0,4.0,2.0,3.0,5.0,2.0,2.0,4.0,5.0,5.0,5.0,4.0,5.0,3.0,5.0,3.0,5.0,2.0,2.0,3.0,3.0,4.0,2.0,1.0,1.0,4.0,2.0,4.0,2.0,2.0,3.0,5.0,3.0,2.0,1.0,1.0,2.0,2.0,5.0,4.0,3.0,1.0,1.0,3.0,2.0,5.0,2.0,1.0,3.0,2.0,2.0,3.0,5.0,2.0,1.0,2.0,2.0,2.0,1.0,5.0,2.0,2.0,5.0,2.0,5.0
356,1.0,3.0,2.0,3.0,1.0,1.0,2.0,1.0,2.0,2.0,2.0,3.0,5.0,1.0,2.0,4.0,1.0,5.0,1.0,3.0,2.0,2.0,5.0,4.0,2.0,2.0,4.0,1.0,1.0,4.0,4.0,1.0,4.0,3.0,5.0,5.0,2.0,5.0,4.0,3.0,2.0,1.0,1.0,2.0,4.0,4.0,2.0,3.0,5.0,2.0,3.0,5.0,5.0,1.0,2.0,1.0,2.0,2.0,1.0,2.0,4.0,5.0,1.0,5.0,1.0,4.0,4.0,1.0,1.0,2.0,4.0,4.0,4.0,5.0,3.0,5.0,5.0,2.0,3.0,1.0,2.0,2.0,2.0,3.0,2.0,2.0,4.0,4.0,4.0,1.0,1.0,1.0,3.0,4.0,1.0,1.0,1.0,4.0,3.0,5.0,4.0,5.0
357,3.0,2.0,1.0,1.0,5.0,2.0,5.0,4.0,4.0,2.0,3.0,4.0,2.0,3.0,2.0,3.0,3.0,3.0,3.0,5.0,3.0,4.0,2.0,4.0,5.0,2.0,4.0,1.0,4.0,3.0,3.0,5.0,2.0,5.0,5.0,1.0,2.0,1.0,2.0,2.0,3.0,1.0,1.0,1.0,4.0,1.0,2.0,1.0,2.0,2.0,2.0,5.0,3.0,3.0,1.0,1.0,1.0,1.0,3.0,2.0,1.0,1.0,2.0,2.0,1.0,1.0,1.0,1.0,1.0,1.0,3.0,4.0,2.0,1.0,1.0,3.0,1.0,2.0,4.0,2.0,1.0,3.0,5.0,2.0,1.0,2.0,5.0,1.0,4.0,2.0,1.0,1.0,2.0,5.0,1.0,3.0,4.0,3.0,3.0,5.0,2.0,5.0
358,3.0,1.0,3.0,2.0,2.0,5.0,4.0,3.0,3.0,2.0,3.0,4.0,3.0,2.0,2.0,5.0,4.0,4.0,2.0,2.0,4.0,5.0,5.0,5.0,4.0,4.0,4.0,2.0,3.0,4.0,3.0,4.0,1.0,4.0,5.0,3.0,2.0,5.0,1.0,2.0,3.0,2.0,2.0,3.0,3.0,5.0,2.0,1.0,2.0,2.0,4.0,5.0,3.0,4.0,1.0,1.0,2.0,2.0,4.0,2.0,1.0,3.0,2.0,4.0,1.0,2.0,1.0,4.0,1.0,1.0,3.0,4.0,1.0,5.0,5.0,5.0,1.0,1.0,3.0,5.0,3.0,5.0,4.0,1.0,1.0,2.0,2.0,2.0,5.0,3.0,1.0,1.0,4.0,2.0,1.0,1.0,5.0,3.0,3.0,4.0,1.0,4.0
359,3.0,3.0,3.0,1.0,3.0,1.0,3.0,3.0,3.0,1.0,2.0,3.0,3.0,4.0,4.0,3.0,3.0,4.0,1.0,5.0,2.0,3.0,3.0,2.0,3.0,3.0,4.0,3.0,2.0,3.0,5.0,1.0,1.0,5.0,5.0,3.0,2.0,4.0,2.0,2.0,2.0,1.0,1.0,1.0,2.0,1.0,1.0,2.0,1.0,1.0,2.0,5.0,3.0,3.0,2.0,3.0,1.0,2.0,3.0,4.0,3.0,3.0,2.0,3.0,3.0,3.0,2.0,3.0,2.0,1.0,1.0,3.0,1.0,2.0,1.0,3.0,2.0,1.0,1.0,2.0,1.0,1.0,3.0,1.0,1.0,4.0,2.0,1.0,5.0,1.0,2.0,3.0,3.0,3.0,1.0,1.0,1.0,1.0,1.0,5.0,4.0,5.0
360,3.0,2.0,5.0,4.0,4.0,5.0,3.0,3.0,3.0,4.0,4.0,4.0,2.0,4.0,3.0,4.0,3.0,3.0,1.0,4.0,4.0,2.0,3.0,4.0,3.0,4.0,4.0,2.0,3.0,3.0,4.0,5.0,1.0,4.0,1.0,2.0,1.0,3.0,2.0,2.0,3.0,5.0,4.0,3.0,5.0,3.0,5.0,5.0,1.0,5.0,3.0,5.0,3.0,2.0,4.0,4.0,1.0,2.0,5.0,3.0,1.0,1.0,2.0,1.0,1.0,4.0,3.0,3.0,1.0,1.0,1.0,1.0,4.0,1.0,1.0,4.0,2.0,5.0,1.0,1.0,1.0,2.0,3.0,1.0,1.0,1.0,1.0,1.0,4.0,1.0,3.0,1.0,5.0,2.0,4.0,5.0,4.0,1.0,1.0,4.0,1.0,1.0
361,5.0,3.0,2.0,1.0,4.0,3.0,5.0,1.0,2.0,5.0,3.0,3.0,2.0,5.0,3.0,4.0,2.0,5.0,1.0,3.0,3.0,4.0,5.0,4.0,1.0,3.0,4.0,4.0,5.0,2.0,3.0,1.0,4.0,4.0,3.0,2.0,3.0,5.0,4.0,2.0,1.0,2.0,4.0,2.0,3.0,2.0,4.0,1.0,2.0,2.0,5.0,5.0,3.0,2.0,5.0,5.0,4.0,5.0,2.0,5.0,5.0,5.0,1.0,4.0,5.0,2.0,3.0,1.0,1.0,3.0,2.0,4.0,1.0,1.0,2.0,5.0,5.0,1.0,1.0,2.0,4.0,2.0,1.0,1.0,1.0,1.0,4.0,1.0,5.0,1.0,3.0,4.0,1.0,1.0,3.0,2.0,5.0,5.0,3.0,4.0,2.0,4.0
362,1.0,2.0,1.0,5.0,3.0,1.0,5.0,1.0,4.0,2.0,4.0,3.0,3.0,1.0,3.0,4.0,3.0,4.0,2.0,3.0,3.0,3.0,5.0,5.0,3.0,2.0,4.0,1.0,4.0,3.0,3.0,4.0,1.0,4.0,4.0,3.0,1.0,5.0,4.0,2.0,1.0,5.0,1.0,3.0,3.0,5.0,5.0,2.0,3.0,2.0,4.0,5.0,3.0,4.0,2.0,4.0,3.0,2.0,5.0,2.0,1.0,2.0,4.0,4.0,2.0,3.0,1.0,3.0,2.0,3.0,5.0,2.0,2.0,1.0,1.0,3.0,1.0,1.0,2.0,1.0,5.0,1.0,5.0,2.0,2.0,3.0,3.0,1.0,3.0,1.0,1.0,1.0,1.0,5.0,1.0,3.0,5.0,2.0,3.0,5.0,1.0,5.0
363,1.0,1.0,5.0,3.0,3.0,2.0,3.0,3.0,5.0,3.0,4.0,3.0,5.0,5.0,4.0,3.0,5.0,3.0,2.0,3.0,3.0,3.0,5.0,5.0,3.0,3.0,5.0,5.0,3.0,3.0,3.0,3.0,2.0,3.0,3.0,1.0,2.0,1.0,2.0,2.0,4.0,1.0,1.0,1.0,1.0,1.0,5.0,1.0,1.0,1.0,3.0,4.0,5.0,3.0,1.0,1.0,1.0,1.0,5.0,2.0,1.0,1.0,5.0,1.0,1.0,1.0,1.0,1.0,1.0,1.0,2.0,1.0,2.0,1.0,1.0,3.0,2.0,1.0,1.0,1.0,1.0,1.0,1.0,1.0,1.0,5.0,1.0,1.0,4.0,1.0,1.0,1.0,5.0,5.0,1.0,2.0,3.0,1.0,2.0,5.0,4.0,5.0
364,3.0,2.0,3.0,2.0,4.0,2.0,3.0,5.0,4.0,4.0,5.0,4.0,3.0,4.0,3.0,5.0,4.0,4.0,3.0,4.0,2.0,2.0,4.0,4.0,3.0,4.0,4.0,2.0,5.0,5.0,5.0,5.0,2.0,5.0,5.0,3.0,2.0,5.0,3.0,3.0,2.0,2.0,2.0,3.0,1.0,4.0,5.0,5.0,3.0,2.0,2.0,5.0,3.0,4.0,2.0,2.0,4.0,4.0,4.0,4.0,2.0,4.0,4.0,4.0,5.0,4.0,4.0,4.0,4.0,3.0,3.0,4.0,3.0,2.0,1.0,5.0,4.0,4.0,3.0,2.0,4.0,4.0,5.0,3.0,4.0,2.0,4.0,1.0,4.0,3.0,3.0,2.0,4.0,4.0,1.0,2.0,4.0,4.0,3.0,5.0,5.0,1.0
365,1.0,2.0,2.0,4.0,4.0,2.0,3.0,3.0,3.0,3.0,4.0,4.0,3.0,4.0,3.0,4.0,2.0,3.0,1.0,1.0,2.0,3.0,5.0,3.0,4.0,2.0,4.0,5.0,2.0,4.0,5.0,1.0,1.0,3.0,5.0,4.0,4.0,4.0,2.0,2.0,3.0,2.0,1.0,1.0,2.0,3.0,5.0,2.0,2.0,3.0,2.0,5.0,4.0,4.0,1.0,2.0,2.0,3.0,5.0,3.0,1.0,1.0,4.0,3.0,3.0,2.0,1.0,5.0,4.0,1.0,5.0,3.0,2.0,1.0,5.0,4.0,2.0,1.0,5.0,5.0,3.0,4.0,4.0,5.0,3.0,5.0,3.0,1.0,4.0,5.0,1.0,1.0,4.0,5.0,1.0,2.0,4.0,4.0,3.0,5.0,4.0,4.0
366,1.0,2.0,5.0,5.0,5.0,3.0,5.0,2.0,3.0,5.0,4.0,4.0,2.0,3.0,3.0,5.0,3.0,5.0,1.0,4.0,5.0,3.0,5.0,5.0,3.0,3.0,4.0,4.0,5.0,3.0,4.0,3.0,3.0,5.0,5.0,2.0,3.0,4.0,2.0,2.0,3.0,5.0,3.0,5.0,1.0,3.0,5.0,5.0,4.0,5.0,2.0,5.0,5.0,3.0,4.0,3.0,5.0,5.0,3.0,1.0,1.0,1.0,1.0,1.0,4.0,5.0,3.0,5.0,1.0,5.0,3.0,3.0,2.0,1.0,1.0,2.0,2.0,1.0,1.0,1.0,3.0,2.0,4.0,2.0,1.0,1.0,3.0,5.0,5.0,3.0,5.0,1.0,3.0,1.0,1.0,1.0,3.0,4.0,5.0,5.0,1.0,1.0
367,3.0,2.0,5.0,4.0,5.0,5.0,2.0,4.0,4.0,3.0,3.0,4.0,3.0,3.0,1.0,5.0,4.0,3.0,2.0,5.0,3.0,1.0,3.0,4.0,3.0,4.0,4.0,2.0,3.0,3.0,4.0,5.0,2.0,5.0,2.0,1.0,2.0,3.0,1.0,2.0,4.0,2.0,2.0,2.0,3.0,2.0,3.0,1.0,1.0,2.0,2.0,4.0,3.0,1.0,1.0,2.0,3.0,2.0,2.0,2.0,1.0,2.0,2.0,2.0,3.0,3.0,4.0,3.0,3.0,3.0,5.0,3.0,4.0,3.0,2.0,4.0,3.0,5.0,3.0,4.0,4.0,3.0,5.0,3.0,3.0,4.0,2.0,4.0,4.0,2.0,2.0,2.0,3.0,3.0,1.0,2.0,3.0,3.0,3.0,5.0,1.0,2.0
368,4.0,2.0,5.0,2.0,4.0,3.0,3.0,3.0,4.0,2.0,4.0,4.0,3.0,3.0,3.0,4.0,4.0,3.0,3.0,4.0,3.0,4.0,3.0,4.0,3.0,2.0,3.0,3.0,3.0,3.0,4.0,4.0,2.0,5.0,3.0,3.0,2.0,4.0,1.0,2.0,3.0,3.0,2.0,2.0,1.0,2.0,3.0,4.0,3.0,4.0,5.0,5.0,3.0,4.0,2.0,2.0,2.0,2.0,5.0,3.0,2.0,3.0,2.0,3.0,3.0,3.0,3.0,3.0,2.0,2.0,1.0,2.0,2.0,2.0,2.0,3.0,3.0,4.0,4.0,2.0,2.0,3.0,3.0,4.0,2.0,1.0,2.0,4.0,4.0,2.0,2.0,1.0,3.0,1.0,1.0,4.0,4.0,2.0,3.0,5.0,4.0,3.0
369,2.0,2.0,1.0,3.0,3.0,2.0,3.0,1.0,3.0,2.0,3.0,2.0,3.0,3.0,4.0,2.0,3.0,2.0,2.0,2.0,2.0,3.0,4.0,3.0,3.0,3.0,3.0,2.0,3.0,3.0,3.0,4.0,2.0,2.0,2.0,2.0,4.0,2.0,4.0,2.0,2.0,3.0,1.0,1.0,2.0,1.0,1.0,1.0,1.0,2.0,2.0,5.0,4.0,2.0,2.0,2.0,3.0,2.0,2.0,5.0,4.0,4.0,2.0,2.0,2.0,4.0,4.0,2.0,3.0,2.0,3.0,2.0,3.0,3.0,2.0,5.0,4.0,4.0,2.0,2.0,1.0,3.0,4.0,1.0,1.0,4.0,3.0,1.0,2.0,1.0,1.0,1.0,3.0,4.0,1.0,3.0,3.0,3.0,2.0,4.0,2.0,3.0
370,5.0,2.0,2.0,5.0,3.0,5.0,5.0,5.0,3.0,5.0,4.0,3.0,1.0,3.0,3.0,4.0,3.0,3.0,3.0,5.0,5.0,4.0,3.0,5.0,5.0,5.0,5.0,5.0,3.0,4.0,1.0,5.0,2.0,3.0,5.0,2.0,3.0,4.0,4.0,3.0,3.0,1.0,3.0,2.0,3.0,3.0,3.0,2.0,3.0,5.0,2.0,5.0,3.0,4.0,2.0,2.0,2.0,2.0,4.0,4.0,1.0,1.0,4.0,1.0,2.0,4.0,3.0,2.0,3.0,2.0,3.0,3.0,3.0,4.0,1.0,2.0,1.0,5.0,1.0,1.0,4.0,1.0,5.0,1.0,4.0,3.0,2.0,1.0,4.0,1.0,1.0,1.0,3.0,1.0,1.0,3.0,5.0,3.0,4.0,5.0,3.0,4.0
371,4.0,2.0,3.0,2.0,3.0,1.0,3.0,1.0,2.0,1.0,1.0,1.0,2.0,2.0,2.0,2.0,3.0,4.0,3.0,4.0,4.0,4.0,4.0,1.0,2.0,5.0,2.0,4.0,4.0,1.0,2.0,5.0,5.0,3.0,3.0,3.0,4.0,3.0,1.0,2.0,2.0,4.0,4.0,5.0,5.0,5.0,2.0,4.0,5.0,4.0,2.0,5.0,3.0,3.0,1.0,1.0,2.0,1.0,3.0,4.0,2.0,1.0,1.0,2.0,2.0,3.0,2.0,2.0,1.0,1.0,1.0,4.0,2.0,4.0,2.0,5.0,5.0,1.0,4.0,1.0,1.0,2.0,2.0,4.0,2.0,4.0,2.0,2.0,3.0,1.0,4.0,2.0,5.0,3.0,1.0,5.0,3.0,3.0,4.0,5.0,1.0,3.0
372,4.0,2.0,5.0,3.0,3.0,2.0,4.0,3.0,3.0,3.0,4.0,3.0,1.0,3.0,3.0,4.0,3.0,4.0,3.0,4.0,5.0,4.0,5.0,4.0,4.0,4.0,4.0,2.0,4.0,4.0,4.0,5.0,1.0,3.0,5.0,2.0,1.0,4.0,1.0,3.0,3.0,4.0,5.0,4.0,5.0,3.0,4.0,4.0,3.0,5.0,3.0,5.0,3.0,2.0,5.0,2.0,2.0,5.0,3.0,5.0,2.0,3.0,2.0,4.0,4.0,4.0,4.0,5.0,1.0,2.0,3.0,2.0,3.0,3.0,1.0,5.0,1.0,4.0,2.0,1.0,4.0,4.0,5.0,1.0,1.0,1.0,4.0,4.0,4.0,5.0,3.0,1.0,4.0,4.0,1.0,2.0,4.0,3.0,5.0,5.0,2.0,2.0
373,2.0,2.0,4.0,2.0,5.0,5.0,5.0,4.0,4.0,5.0,3.0,3.0,2.0,4.0,3.0,5.0,3.0,3.0,3.0,5.0,5.0,1.0,5.0,5.0,4.0,2.0,4.0,3.0,2.0,5.0,4.0,4.0,3.0,4.0,5.0,3.0,2.0,4.0,1.0,2.0,4.0,2.0,1.0,2.0,1.0,4.0,5.0,4.0,3.0,5.0,4.0,5.0,3.0,2.0,2.0,1.0,5.0,5.0,4.0,4.0,1.0,1.0,1.0,1.0,1.0,2.0,1.0,4.0,5.0,4.0,4.0,4.0,1.0,5.0,5.0,5.0,5.0,1.0,5.0,2.0,1.0,5.0,4.0,4.0,1.0,1.0,3.0,5.0,5.0,1.0,5.0,1.0,1.0,1.0,1.0,3.0,3.0,5.0,2.0,3.0,3.0,3.0
374,2.0,3.0,3.0,4.0,3.0,3.0,5.0,3.0,3.0,2.0,3.0,3.0,5.0,3.0,2.0,4.0,3.0,4.0,3.0,3.0,3.0,3.0,4.0,4.0,4.0,3.0,3.0,5.0,3.0,4.0,4.0,2.0,2.0,3.0,4.0,4.0,2.0,4.0,2.0,2.0,2.0,2.0,2.0,3.0,4.0,2.0,2.0,2.0,5.0,2.0,3.0,5.0,3.0,3.0,3.0,3.0,3.0,3.0,4.0,3.0,2.0,2.0,5.0,4.0,3.0,3.0,3.0,3.0,3.0,3.0,2.0,2.0,2.0,2.0,2.0,5.0,3.0,1.0,2.0,2.0,1.0,1.0,2.0,1.0,1.0,3.0,1.0,1.0,3.0,1.0,2.0,1.0,3.0,2.0,1.0,1.0,2.0,2.0,1.0,5.0,2.0,3.0
375,3.0,2.0,1.0,1.0,5.0,1.0,4.0,3.0,3.0,1.0,3.0,2.0,3.0,5.0,3.0,3.0,3.0,2.0,2.0,5.0,2.0,3.0,4.0,3.0,3.0,3.0,2.0,5.0,4.0,3.0,3.0,5.0,1.0,5.0,2.0,3.0,1.0,4.0,2.0,2.0,1.0,1.0,1.0,1.0,2.0,1.0,1.0,1.0,1.0,1.0,2.0,5.0,3.0,3.0,2.0,1.0,2.0,1.0,1.0,5.0,4.0,5.0,3.0,5.0,4.0,4.0,5.0,1.0,3.0,1.0,4.0,3.0,5.0,5.0,4.0,5.0,4.0,5.0,2.0,3.0,1.0,5.0,4.0,1.0,2.0,4.0,3.0,1.0,2.0,4.0,5.0,4.0,5.0,5.0,1.0,1.0,1.0,4.0,2.0,5.0,4.0,1.0
376,2.0,2.0,2.0,1.0,2.0,1.0,3.0,5.0,3.0,3.0,4.0,2.0,3.0,4.0,3.0,3.0,4.0,3.0,2.0,5.0,3.0,2.0,5.0,4.0,3.0,2.0,4.0,3.0,2.0,4.0,5.0,3.0,2.0,5.0,5.0,3.0,1.0,4.0,3.0,1.0,3.0,1.0,3.0,2.0,2.0,2.0,5.0,3.0,3.0,2.0,1.0,5.0,4.0,1.0,2.0,1.0,3.0,3.0,1.0,5.0,5.0,5.0,3.0,3.0,4.0,2.0,4.0,1.0,1.0,2.0,5.0,5.0,5.0,1.0,1.0,2.0,2.0,2.0,4.0,3.0,5.0,5.0,5.0,5.0,2.0,3.0,5.0,3.0,5.0,3.0,5.0,1.0,2.0,1.0,1.0,2.0,1.0,3.0,5.0,4.0,5.0,5.0
377,1.0,2.0,2.0,1.0,5.0,2.0,5.0,4.0,3.0,3.0,2.0,2.0,3.0,4.0,2.0,4.0,3.0,3.0,3.0,4.0,2.0,5.0,2.0,3.0,3.0,3.0,3.0,4.0,5.0,5.0,4.0,1.0,2.0,2.0,5.0,4.0,2.0,4.0,4.0,3.0,3.0,1.0,1.0,2.0,5.0,2.0,2.0,2.0,3.0,3.0,4.0,5.0,3.0,2.0,2.0,2.0,3.0,1.0,1.0,5.0,4.0,3.0,3.0,3.0,3.0,4.0,5.0,3.0,1.0,1.0,5.0,5.0,4.0,2.0,3.0,4.0,5.0,2.0,3.0,1.0,4.0,3.0,5.0,2.0,2.0,1.0,3.0,1.0,4.0,1.0,5.0,1.0,4.0,3.0,1.0,1.0,1.0,5.0,3.0,5.0,1.0,3.0
378,3.0,1.0,3.0,2.0,3.0,5.0,4.0,3.0,4.0,3.0,2.0,3.0,4.0,2.0,3.0,4.0,2.0,4.0,3.0,5.0,5.0,3.0,3.0,4.0,3.0,4.0,3.0,3.0,4.0,2.0,4.0,2.0,2.0,4.0,5.0,4.0,3.0,3.0,2.0,2.0,4.0,3.0,1.0,1.0,3.0,4.0,3.0,1.0,3.0,3.0,2.0,4.0,3.0,2.0,2.0,1.0,3.0,4.0,5.0,4.0,2.0,1.0,3.0,2.0,4.0,4.0,3.0,4.0,1.0,4.0,3.0,5.0,2.0,1.0,1.0,5.0,3.0,1.0,2.0,2.0,5.0,2.0,4.0,2.0,2.0,1.0,3.0,1.0,3.0,1.0,1.0,2.0,4.0,2.0,3.0,4.0,3.0,2.0,3.0,4.0,1.0,5.0
379,1.0,2.0,2.0,5.0,1.0,1.0,1.0,1.0,3.0,1.0,5.0,2.0,5.0,4.0,3.0,4.0,4.0,1.0,3.0,5.0,1.0,1.0,5.0,3.0,4.0,4.0,5.0,1.0,3.0,4.0,5.0,4.0,1.0,1.0,3.0,1.0,2.0,3.0,3.0,3.0,3.0,1.0,1.0,1.0,1.0,1.0,1.0,1.0,1.0,1.0,1.0,5.0,4.0,3.0,1.0,1.0,1.0,1.0,4.0,1.0,1.0,2.0,5.0,5.0,1.0,1.0,3.0,1.0,2.0,1.0,2.0,2.0,3.0,3.0,3.0,5.0,5.0,1.0,1.0,1.0,2.0,2.0,3.0,1.0,1.0,5.0,1.0,1.0,1.0,1.0,1.0,1.0,5.0,5.0,1.0,1.0,2.0,5.0,1.0,5.0,5.0,2.0
380,3.0,2.0,5.0,2.0,3.0,2.0,4.0,4.0,3.0,4.0,2.0,4.0,2.0,2.0,2.0,5.0,4.0,2.0,1.0,4.0,3.0,2.0,4.0,4.0,3.0,2.0,4.0,3.0,2.0,4.0,3.0,5.0,2.0,3.0,3.0,2.0,2.0,4.0,1.0,2.0,3.0,1.0,2.0,2.0,3.0,2.0,3.0,2.0,2.0,4.0,3.0,4.0,3.0,4.0,4.0,4.0,3.0,3.0,5.0,3.0,2.0,3.0,4.0,3.0,2.0,4.0,3.0,3.0,3.0,2.0,3.0,4.0,3.0,4.0,4.0,5.0,5.0,3.0,3.0,4.0,1.0,4.0,4.0,3.0,3.0,1.0,2.0,5.0,4.0,3.0,2.0,3.0,3.0,4.0,1.0,2.0,2.0,4.0,2.0,3.0,2.0,1.0
381,3.0,1.0,3.0,5.0,2.0,3.0,2.0,2.0,3.0,4.0,5.0,5.0,3.0,5.0,3.0,2.0,4.0,4.0,3.0,4.0,2.0,2.0,2.0,2.0,2.0,5.0,4.0,2.0,4.0,3.0,5.0,3.0,4.0,2.0,2.0,5.0,4.0,3.0,2.0,3.0,3.0,5.0,4.0,1.0,1.0,2.0,4.0,4.0,5.0,5.0,4.0,5.0,3.0,4.0,3.0,2.0,3.0,4.0,4.0,3.0,2.0,3.0,4.0,4.0,2.0,5.0,3.0,2.0,2.0,3.0,3.0,4.0,3.0,2.0,2.0,5.0,4.0,3.0,2.0,1.0,2.0,2.0,5.0,4.0,4.0,3.0,3.0,5.0,4.0,2.0,4.0,4.0,4.0,4.0,4.0,4.0,4.0,4.0,3.0,4.0,4.0,3.0
382,2.0,2.0,3.0,2.0,3.0,2.0,2.0,2.0,4.0,2.0,4.0,3.0,3.0,4.0,3.0,2.0,4.0,3.0,1.0,4.0,2.0,4.0,4.0,4.0,3.0,4.0,4.0,3.0,3.0,3.0,2.0,5.0,1.0,3.0,3.0,2.0,3.0,2.0,4.0,3.0,2.0,3.0,2.0,2.0,3.0,1.0,5.0,2.0,2.0,4.0,3.0,5.0,4.0,3.0,4.0,2.0,2.0,2.0,3.0,5.0,3.0,4.0,3.0,3.0,2.0,4.0,4.0,2.0,1.0,1.0,2.0,3.0,2.0,3.0,4.0,4.0,3.0,3.0,2.0,4.0,2.0,2.0,2.0,2.0,2.0,3.0,2.0,1.0,2.0,2.0,1.0,1.0,4.0,5.0,1.0,3.0,2.0,4.0,1.0,5.0,3.0,1.0
383,5.0,1.0,3.0,4.0,4.0,3.0,2.0,1.0,3.0,3.0,3.0,3.0,3.0,3.0,3.0,4.0,3.0,3.0,1.0,4.0,3.0,3.0,4.0,3.0,3.0,3.0,3.0,5.0,3.0,3.0,3.0,3.0,1.0,5.0,5.0,3.0,2.0,1.0,4.0,1.0,3.0,3.0,4.0,4.0,5.0,2.0,2.0,4.0,3.0,2.0,3.0,5.0,3.0,4.0,2.0,2.0,1.0,1.0,3.0,3.0,2.0,1.0,4.0,4.0,4.0,2.0,2.0,3.0,4.0,2.0,2.0,4.0,2.0,2.0,2.0,4.0,4.0,4.0,4.0,2.0,3.0,3.0,3.0,2.0,2.0,4.0,2.0,2.0,4.0,2.0,2.0,1.0,4.0,3.0,4.0,4.0,4.0,2.0,2.0,4.0,4.0,4.0
384,4.0,2.0,5.0,4.0,5.0,4.0,4.0,3.0,4.0,3.0,1.0,2.0,5.0,5.0,2.0,5.0,4.0,5.0,2.0,5.0,3.0,2.0,3.0,4.0,5.0,3.0,3.0,4.0,4.0,2.0,4.0,3.0,4.0,1.0,5.0,4.0,3.0,5.0,2.0,2.0,3.0,1.0,1.0,1.0,3.0,1.0,2.0,1.0,1.0,2.0,2.0,5.0,5.0,4.0,3.0,2.0,3.0,3.0,4.0,4.0,2.0,2.0,4.0,4.0,4.0,3.0,2.0,2.0,4.0,2.0,5.0,2.0,2.0,3.0,2.0,3.0,5.0,4.0,3.0,3.0,2.0,2.0,2.0,2.0,2.0,5.0,3.0,4.0,4.0,4.0,4.0,2.0,3.0,5.0,2.0,2.0,3.0,5.0,5.0,5.0,4.0,3.0
385,2.0,1.0,5.0,2.0,3.0,3.0,4.0,4.0,3.0,2.0,3.0,3.0,3.0,3.0,3.0,4.0,3.0,3.0,1.0,4.0,3.0,3.0,5.0,3.0,2.0,3.0,3.0,2.0,4.0,3.0,3.0,1.0,2.0,5.0,4.0,4.0,2.0,3.0,2.0,2.0,3.0,3.0,2.0,2.0,3.0,5.0,4.0,3.0,3.0,3.0,3.0,4.0,3.0,2.0,2.0,2.0,3.0,3.0,3.0,5.0,4.0,3.0,2.0,2.0,5.0,5.0,4.0,3.0,1.0,2.0,4.0,3.0,3.0,3.0,3.0,4.0,3.0,2.0,5.0,5.0,4.0,5.0,5.0,5.0,4.0,4.0,4.0,2.0,2.0,1.0,1.0,2.0,2.0,3.0,2.0,4.0,4.0,5.0,4.0,4.0,2.0,3.0
386,4.0,2.0,3.0,3.0,4.0,2.0,5.0,4.0,3.0,5.0,3.0,2.0,3.0,1.0,4.0,5.0,3.0,3.0,2.0,5.0,5.0,3.0,5.0,3.0,2.0,4.0,2.0,5.0,4.0,1.0,1.0,5.0,3.0,5.0,5.0,4.0,3.0,5.0,2.0,3.0,3.0,1.0,2.0,2.0,4.0,3.0,1.0,1.0,2.0,1.0,3.0,5.0,3.0,2.0,1.0,2.0,5.0,4.0,4.0,5.0,3.0,3.0,2.0,1.0,3.0,5.0,5.0,2.0,1.0,1.0,5.0,5.0,1.0,1.0,1.0,4.0,1.0,1.0,4.0,2.0,4.0,4.0,5.0,4.0,1.0,1.0,2.0,1.0,5.0,3.0,3.0,1.0,2.0,4.0,1.0,2.0,5.0,5.0,5.0,5.0,4.0,5.0
387,5.0,2.0,5.0,2.0,3.0,5.0,4.0,5.0,4.0,2.0,4.0,3.0,1.0,3.0,2.0,5.0,4.0,3.0,2.0,5.0,3.0,5.0,4.0,5.0,3.0,3.0,4.0,1.0,2.0,5.0,5.0,3.0,1.0,5.0,5.0,2.0,1.0,5.0,4.0,1.0,3.0,1.0,3.0,3.0,3.0,2.0,5.0,5.0,3.0,5.0,1.0,5.0,3.0,3.0,3.0,2.0,1.0,1.0,1.0,4.0,2.0,1.0,4.0,2.0,1.0,2.0,1.0,4.0,1.0,1.0,3.0,3.0,1.0,1.0,1.0,5.0,2.0,2.0,1.0,1.0,5.0,1.0,2.0,1.0,1.0,5.0,1.0,3.0,3.0,1.0,1.0,1.0,2.0,1.0,4.0,2.0,2.0,1.0,1.0,4.0,1.0,5.0
388,5.0,2.0,5.0,2.0,4.0,5.0,2.0,2.0,3.0,3.0,4.0,3.0,2.0,4.0,2.0,5.0,3.0,3.0,1.0,5.0,3.0,1.0,5.0,4.0,3.0,3.0,4.0,3.0,5.0,1.0,4.0,5.0,3.0,5.0,5.0,4.0,1.0,5.0,4.0,2.0,3.0,3.0,2.0,4.0,5.0,5.0,5.0,3.0,3.0,5.0,3.0,4.0,4.0,4.0,2.0,1.0,3.0,3.0,4.0,4.0,1.0,1.0,3.0,1.0,3.0,3.0,4.0,5.0,4.0,3.0,4.0,5.0,5.0,3.0,4.0,4.0,3.0,4.0,3.0,2.0,5.0,4.0,3.0,1.0,4.0,1.0,3.0,4.0,3.0,3.0,1.0,3.0,4.0,2.0,2.0,5.0,5.0,4.0,4.0,5.0,5.0,5.0
389,3.0,2.0,1.0,3.0,1.0,5.0,4.0,1.0,3.0,3.0,1.0,3.0,2.0,2.0,4.0,5.0,3.0,2.0,1.0,1.0,3.0,3.0,5.0,5.0,4.0,5.0,3.0,4.0,2.0,4.0,4.0,1.0,5.0,3.0,1.0,5.0,5.0,2.0,4.0,3.0,1.0,1.0,1.0,1.0,5.0,2.0,3.0,4.0,1.0,3.0,4.0,5.0,3.0,5.0,1.0,4.0,5.0,5.0,3.0,4.0,2.0,1.0,4.0,2.0,5.0,4.0,4.0,2.0,1.0,5.0,2.0,3.0,2.0,4.0,4.0,5.0,5.0,5.0,1.0,1.0,4.0,1.0,5.0,1.0,1.0,5.0,4.0,1.0,1.0,1.0,5.0,1.0,2.0,1.0,1.0,2.0,5.0,5.0,4.0,5.0,1.0,3.0
390,1.0,2.0,4.0,3.0,4.0,4.0,3.0,5.0,4.0,3.0,5.0,4.0,3.0,5.0,3.0,4.0,4.0,2.0,3.0,5.0,2.0,4.0,3.0,3.0,4.0,2.0,4.0,2.0,5.0,3.0,4.0,5.0,1.0,3.0,5.0,3.0,2.0,5.0,2.0,3.0,3.0,3.0,1.0,2.0,4.0,5.0,5.0,3.0,4.0,2.0,1.0,5.0,2.0,4.0,2.0,1.0,1.0,2.0,3.0,3.0,1.0,1.0,5.0,3.0,3.0,2.0,2.0,2.0,1.0,1.0,2.0,1.0,2.0,3.0,3.0,4.0,4.0,3.0,2.0,1.0,3.0,2.0,3.0,1.0,1.0,4.0,3.0,1.0,3.0,2.0,1.0,1.0,5.0,4.0,1.0,3.0,4.0,4.0,2.0,5.0,3.0,3.0
391,4.0,1.0,3.0,3.0,4.0,1.0,2.0,3.0,5.0,4.0,3.0,4.0,3.0,3.0,1.0,5.0,3.0,1.0,2.0,4.0,1.0,4.0,2.0,4.0,4.0,3.0,4.0,3.0,5.0,2.0,5.0,4.0,4.0,4.0,2.0,2.0,3.0,2.0,2.0,2.0,3.0,3.0,1.0,2.0,2.0,1.0,4.0,4.0,3.0,4.0,5.0,5.0,4.0,4.0,2.0,2.0,2.0,2.0,5.0,5.0,2.0,3.0,4.0,2.0,2.0,4.0,3.0,3.0,3.0,2.0,2.0,2.0,2.0,2.0,2.0,5.0,5.0,2.0,2.0,2.0,2.0,2.0,2.0,2.0,2.0,4.0,2.0,2.0,5.0,2.0,2.0,1.0,5.0,5.0,2.0,2.0,2.0,2.0,2.0,5.0,5.0,2.0
392,3.0,2.0,5.0,4.0,5.0,3.0,5.0,3.0,5.0,4.0,4.0,3.0,3.0,5.0,3.0,1.0,3.0,4.0,3.0,5.0,1.0,4.0,4.0,3.0,3.0,4.0,5.0,4.0,2.0,5.0,4.0,5.0,1.0,5.0,2.0,3.0,3.0,2.0,2.0,2.0,2.0,1.0,1.0,3.0,1.0,1.0,4.0,1.0,1.0,5.0,1.0,4.0,3.0,2.0,5.0,3.0,5.0,2.0,2.0,4.0,2.0,4.0,3.0,3.0,4.0,4.0,4.0,2.0,4.0,4.0,5.0,5.0,3.0,5.0,3.0,4.0,4.0,3.0,2.0,1.0,5.0,3.0,5.0,2.0,1.0,1.0,4.0,5.0,5.0,1.0,5.0,1.0,1.0,4.0,2.0,1.0,2.0,3.0,4.0,4.0,2.0,1.0
393,2.0,2.0,5.0,2.0,2.0,2.0,5.0,1.0,3.0,1.0,5.0,3.0,4.0,5.0,3.0,4.0,3.0,3.0,1.0,4.0,4.0,2.0,5.0,2.0,3.0,3.0,4.0,5.0,2.0,4.0,4.0,1.0,1.0,2.0,5.0,3.0,2.0,3.0,2.0,2.0,1.0,3.0,1.0,2.0,3.0,2.0,2.0,1.0,1.0,3.0,3.0,2.0,4.0,2.0,1.0,1.0,2.0,2.0,3.0,4.0,3.0,2.0,3.0,3.0,3.0,3.0,2.0,1.0,2.0,1.0,2.0,1.0,1.0,2.0,2.0,3.0,3.0,1.0,1.0,2.0,1.0,3.0,1.0,1.0,1.0,3.0,1.0,1.0,1.0,1.0,1.0,1.0,5.0,5.0,1.0,1.0,1.0,2.0,1.0,4.0,2.0,3.0
394,3.0,2.0,2.0,2.0,3.0,2.0,2.0,3.0,3.0,1.0,4.0,4.0,3.0,5.0,2.0,5.0,4.0,3.0,2.0,4.0,4.0,4.0,4.0,3.0,4.0,3.0,5.0,1.0,2.0,4.0,3.0,4.0,1.0,3.0,5.0,2.0,2.0,4.0,2.0,3.0,4.0,1.0,3.0,2.0,2.0,2.0,3.0,2.0,1.0,4.0,3.0,5.0,3.0,4.0,3.0,3.0,4.0,2.0,1.0,3.0,1.0,2.0,5.0,4.0,4.0,2.0,5.0,3.0,1.0,3.0,3.0,3.0,1.0,1.0,1.0,3.0,4.0,1.0,5.0,5.0,3.0,1.0,5.0,3.0,2.0,4.0,3.0,2.0,4.0,2.0,5.0,1.0,5.0,5.0,3.0,1.0,3.0,4.0,2.0,5.0,3.0,5.0
395,3.0,2.0,2.0,1.0,4.0,2.0,4.0,3.0,3.0,2.0,2.0,3.0,3.0,3.0,3.0,4.0,3.0,3.0,3.0,3.0,3.0,5.0,2.0,3.0,3.0,3.0,3.0,2.0,2.0,3.0,2.0,1.0,1.0,2.0,4.0,3.0,3.0,3.0,2.0,2.0,2.0,2.0,2.0,2.0,4.0,2.0,1.0,1.0,5.0,3.0,3.0,4.0,3.0,1.0,3.0,3.0,5.0,2.0,2.0,4.0,4.0,3.0,1.0,2.0,2.0,4.0,3.0,2.0,1.0,4.0,4.0,4.0,1.0,3.0,3.0,3.0,3.0,1.0,3.0,3.0,4.0,3.0,5.0,3.0,1.0,1.0,2.0,3.0,3.0,1.0,1.0,4.0,1.0,1.0,3.0,2.0,3.0,3.0,3.0,3.0,1.0,3.0
396,3.0,2.0,2.0,3.0,3.0,2.0,2.0,3.0,3.0,4.0,2.0,3.0,3.0,2.0,2.0,3.0,4.0,3.0,3.0,2.0,1.0,2.0,3.0,2.0,3.0,4.0,4.0,3.0,2.0,4.0,2.0,3.0,4.0,3.0,2.0,2.0,2.0,2.0,4.0,1.0,3.0,2.0,3.0,2.0,4.0,2.0,3.0,2.0,1.0,2.0,3.0,5.0,3.0,2.0,2.0,3.0,1.0,2.0,4.0,3.0,1.0,2.0,3.0,2.0,3.0,2.0,4.0,3.0,2.0,3.0,2.0,3.0,2.0,4.0,2.0,3.0,2.0,2.0,1.0,1.0,2.0,2.0,3.0,2.0,4.0,3.0,2.0,3.0,2.0,3.0,4.0,3.0,2.0,3.0,2.0,3.0,2.0,4.0,3.0,4.0,3.0,3.0
397,3.0,2.0,4.0,3.0,5.0,4.0,3.0,4.0,3.0,3.0,3.0,3.0,2.0,3.0,2.0,5.0,3.0,4.0,1.0,4.0,5.0,3.0,5.0,5.0,2.0,2.0,4.0,1.0,3.0,3.0,2.0,1.0,2.0,5.0,5.0,4.0,1.0,5.0,2.0,2.0,3.0,3.0,2.0,4.0,5.0,2.0,5.0,4.0,1.0,4.0,3.0,4.0,3.0,3.0,3.0,4.0,2.0,2.0,4.0,4.0,2.0,3.0,2.0,4.0,2.0,4.0,1.0,4.0,1.0,1.0,3.0,2.0,1.0,1.0,1.0,3.0,1.0,1.0,1.0,1.0,3.0,1.0,3.0,1.0,1.0,2.0,2.0,2.0,4.0,1.0,1.0,1.0,3.0,2.0,2.0,3.0,3.0,2.0,3.0,3.0,2.0,5.0
398,5.0,2.0,1.0,5.0,1.0,2.0,5.0,1.0,3.0,5.0,1.0,5.0,3.0,5.0,4.0,5.0,2.0,5.0,3.0,2.0,4.0,5.0,5.0,5.0,5.0,3.0,3.0,5.0,3.0,4.0,4.0,3.0,5.0,3.0,5.0,5.0,4.0,3.0,3.0,2.0,3.0,3.0,2.0,4.0,5.0,3.0,2.0,4.0,5.0,5.0,3.0,5.0,3.0,2.0,5.0,1.0,5.0,1.0,4.0,5.0,2.0,4.0,4.0,1.0,3.0,5.0,5.0,1.0,5.0,3.0,4.0,4.0,3.0,5.0,3.0,4.0,3.0,2.0,4.0,3.0,5.0,5.0,5.0,2.0,1.0,1.0,5.0,4.0,5.0,1.0,1.0,1.0,3.0,1.0,1.0,4.0,5.0,4.0,4.0,3.0,1.0,5.0
399,3.0,2.0,1.0,2.0,3.0,3.0,2.0,2.0,4.0,1.0,4.0,4.0,1.0,3.0,4.0,3.0,4.0,2.0,3.0,2.0,2.0,3.0,4.0,4.0,3.0,3.0,5.0,2.0,3.0,4.0,5.0,1.0,1.0,2.0,3.0,2.0,2.0,2.0,2.0,2.0,3.0,1.0,3.0,3.0,3.0,5.0,2.0,3.0,4.0,5.0,1.0,4.0,4.0,2.0,1.0,1.0,2.0,3.0,4.0,5.0,3.0,4.0,3.0,5.0,4.0,4.0,4.0,2.0,1.0,1.0,3.0,4.0,3.0,3.0,1.0,5.0,2.0,5.0,2.0,1.0,3.0,4.0,5.0,2.0,5.0,1.0,3.0,1.0,4.0,2.0,5.0,1.0,4.0,1.0,2.0,5.0,5.0,2.0,2.0,5.0,4.0,5.0
400,2.0,2.0,2.0,2.0,4.0,4.0,5.0,5.0,4.0,2.0,2.0,2.0,3.0,3.0,3.0,3.0,4.0,4.0,3.0,3.0,4.0,4.0,5.0,4.0,2.0,2.0,4.0,4.0,3.0,2.0,1.0,5.0,1.0,4.0,5.0,3.0,3.0,3.0,2.0,2.0,3.0,2.0,4.0,5.0,3.0,3.0,3.0,2.0,3.0,3.0,3.0,5.0,3.0,4.0,2.0,2.0,2.0,4.0,4.0,5.0,2.0,3.0,3.0,3.0,3.0,3.0,1.0,4.0,1.0,1.0,2.0,2.0,3.0,2.0,3.0,4.0,3.0,2.0,5.0,5.0,5.0,3.0,4.0,4.0,2.0,3.0,2.0,2.0,3.0,5.0,5.0,3.0,2.0,4.0,3.0,3.0,4.0,3.0,5.0,5.0,3.0,5.0
401,2.0,2.0,5.0,3.0,4.0,1.0,1.0,3.0,3.0,2.0,3.0,3.0,3.0,2.0,2.0,4.0,3.0,4.0,1.0,2.0,1.0,4.0,1.0,1.0,3.0,4.0,4.0,4.0,3.0,5.0,3.0,1.0,5.0,5.0,4.0,3.0,3.0,4.0,2.0,3.0,2.0,3.0,1.0,1.0,2.0,2.0,5.0,3.0,2.0,4.0,3.0,4.0,4.0,4.0,2.0,3.0,3.0,3.0,4.0,4.0,3.0,4.0,3.0,4.0,3.0,4.0,3.0,2.0,5.0,2.0,3.0,3.0,2.0,4.0,2.0,4.0,4.0,2.0,2.0,1.0,3.0,4.0,3.0,2.0,2.0,4.0,2.0,4.0,4.0,1.0,1.0,1.0,4.0,1.0,1.0,2.0,3.0,4.0,3.0,4.0,3.0,5.0
402,1.0,2.0,4.0,5.0,5.0,4.0,4.0,3.0,4.0,4.0,3.0,3.0,3.0,5.0,4.0,5.0,3.0,3.0,1.0,3.0,1.0,5.0,1.0,5.0,2.0,3.0,3.0,4.0,5.0,1.0,5.0,5.0,4.0,3.0,1.0,3.0,5.0,1.0,4.0,3.0,3.0,5.0,1.0,1.0,4.0,2.0,3.0,1.0,1.0,2.0,5.0,5.0,4.0,2.0,1.0,2.0,3.0,1.0,3.0,4.0,3.0,5.0,3.0,3.0,4.0,5.0,5.0,1.0,4.0,3.0,4.0,4.0,5.0,1.0,1.0,3.0,3.0,2.0,1.0,1.0,5.0,5.0,3.0,1.0,3.0,1.0,4.0,1.0,1.0,1.0,1.0,3.0,1.0,1.0,1.0,1.0,1.0,1.0,1.0,3.0,1.0,1.0
403,4.0,1.0,5.0,1.0,4.0,5.0,4.0,4.0,3.0,5.0,4.0,4.0,5.0,5.0,1.0,5.0,3.0,4.0,2.0,4.0,5.0,1.0,4.0,5.0,1.0,2.0,3.0,3.0,3.0,3.0,3.0,3.0,1.0,5.0,5.0,2.0,1.0,4.0,2.0,2.0,1.0,3.0,3.0,5.0,4.0,4.0,4.0,2.0,2.0,3.0,2.0,5.0,3.0,2.0,4.0,1.0,4.0,2.0,1.0,3.0,1.0,1.0,1.0,2.0,5.0,1.0,1.0,3.0,1.0,3.0,4.0,1.0,1.0,1.0,1.0,2.0,1.0,1.0,3.0,1.0,5.0,3.0,4.0,2.0,1.0,1.0,5.0,5.0,5.0,5.0,5.0,3.0,3.0,4.0,3.0,1.0,3.0,1.0,5.0,4.0,1.0,4.0
404,1.0,2.0,4.0,1.0,3.0,1.0,2.0,2.0,3.0,1.0,4.0,4.0,3.0,4.0,3.0,4.0,4.0,3.0,2.0,3.0,3.0,5.0,5.0,3.0,4.0,5.0,4.0,2.0,2.0,3.0,3.0,3.0,1.0,4.0,4.0,2.0,1.0,4.0,4.0,3.0,1.0,1.0,1.0,1.0,1.0,2.0,3.0,4.0,2.0,4.0,3.0,5.0,3.0,5.0,1.0,2.0,1.0,2.0,3.0,2.0,1.0,3.0,4.0,2.0,2.0,2.0,1.0,5.0,4.0,1.0,3.0,3.0,2.0,1.0,1.0,4.0,2.0,4.0,2.0,2.0,1.0,2.0,3.0,2.0,4.0,3.0,1.0,2.0,4.0,1.0,1.0,1.0,5.0,5.0,1.0,2.0,5.0,2.0,3.0,5.0,4.0,4.0
405,5.0,1.0,1.0,1.0,5.0,5.0,1.0,1.0,3.0,1.0,5.0,3.0,5.0,1.0,3.0,5.0,3.0,5.0,1.0,1.0,5.0,5.0,5.0,5.0,1.0,5.0,4.0,5.0,5.0,1.0,5.0,5.0,1.0,5.0,5.0,5.0,5.0,5.0,4.0,1.0,1.0,1.0,1.0,1.0,5.0,1.0,1.0,5.0,1.0,3.0,1.0,5.0,5.0,3.0,1.0,1.0,1.0,1.0,3.0,5.0,5.0,1.0,1.0,1.0,1.0,1.0,1.0,1.0,5.0,1.0,4.0,4.0,3.0,1.0,1.0,3.0,1.0,1.0,1.0,1.0,5.0,2.0,3.0,1.0,2.0,1.0,1.0,3.0,5.0,1.0,1.0,1.0,1.0,2.0,1.0,1.0,5.0,1.0,3.0,4.0,1.0,5.0
406,5.0,2.0,5.0,3.0,3.0,4.0,4.0,5.0,3.0,2.0,4.0,4.0,2.0,4.0,2.0,5.0,3.0,3.0,3.0,4.0,3.0,4.0,3.0,4.0,3.0,3.0,5.0,3.0,4.0,3.0,3.0,5.0,1.0,4.0,5.0,2.0,2.0,4.0,2.0,2.0,3.0,1.0,2.0,2.0,3.0,5.0,5.0,5.0,1.0,3.0,2.0,5.0,3.0,4.0,2.0,2.0,2.0,3.0,5.0,3.0,1.0,1.0,4.0,2.0,3.0,2.0,2.0,5.0,1.0,1.0,4.0,2.0,3.0,1.0,1.0,4.0,1.0,5.0,1.0,1.0,4.0,4.0,4.0,1.0,4.0,1.0,1.0,1.0,4.0,5.0,1.0,1.0,4.0,5.0,3.0,5.0,5.0,3.0,2.0,5.0,3.0,5.0
407,2.0,2.0,5.0,3.0,2.0,3.0,3.0,3.0,4.0,2.0,3.0,3.0,3.0,3.0,3.0,4.0,4.0,2.0,1.0,4.0,3.0,2.0,3.0,5.0,4.0,3.0,4.0,3.0,3.0,3.0,3.0,5.0,1.0,3.0,5.0,2.0,1.0,3.0,3.0,2.0,4.0,1.0,1.0,2.0,2.0,2.0,2.0,1.0,1.0,1.0,4.0,5.0,3.0,2.0,1.0,1.0,5.0,3.0,1.0,2.0,1.0,3.0,5.0,4.0,4.0,1.0,2.0,2.0,1.0,2.0,5.0,4.0,4.0,2.0,2.0,5.0,4.0,2.0,2.0,1.0,2.0,2.0,3.0,2.0,2.0,2.0,3.0,5.0,5.0,2.0,3.0,1.0,5.0,3.0,4.0,1.0,1.0,3.0,3.0,5.0,4.0,4.0
408,2.0,2.0,5.0,4.0,2.0,2.0,3.0,3.0,3.0,2.0,3.0,4.0,2.0,5.0,4.0,3.0,3.0,2.0,2.0,2.0,2.0,2.0,3.0,3.0,4.0,3.0,3.0,3.0,2.0,1.0,3.0,3.0,3.0,4.0,4.0,2.0,3.0,5.0,2.0,3.0,4.0,4.0,2.0,3.0,4.0,3.0,5.0,4.0,4.0,5.0,4.0,5.0,3.0,3.0,2.0,5.0,3.0,3.0,4.0,5.0,3.0,2.0,2.0,4.0,3.0,5.0,5.0,3.0,1.0,4.0,3.0,3.0,3.0,1.0,1.0,2.0,1.0,3.0,4.0,1.0,3.0,4.0,4.0,2.0,2.0,2.0,2.0,4.0,5.0,2.0,1.0,1.0,4.0,5.0,1.0,2.0,5.0,3.0,2.0,4.0,4.0,5.0
409,3.0,2.0,5.0,4.0,4.0,1.0,4.0,5.0,4.0,5.0,5.0,2.0,3.0,3.0,3.0,3.0,3.0,2.0,1.0,5.0,3.0,3.0,3.0,4.0,4.0,3.0,3.0,4.0,5.0,3.0,4.0,5.0,1.0,3.0,1.0,2.0,1.0,2.0,2.0,2.0,3.0,1.0,2.0,2.0,1.0,2.0,2.0,2.0,1.0,2.0,3.0,5.0,4.0,3.0,2.0,1.0,3.0,4.0,4.0,5.0,3.0,4.0,2.0,3.0,3.0,4.0,4.0,2.0,1.0,1.0,4.0,5.0,4.0,3.0,1.0,5.0,4.0,4.0,3.0,1.0,3.0,2.0,5.0,3.0,2.0,5.0,3.0,5.0,5.0,2.0,3.0,2.0,5.0,3.0,1.0,1.0,3.0,5.0,3.0,5.0,5.0,1.0
410,1.0,2.0,3.0,1.0,5.0,2.0,5.0,5.0,4.0,2.0,4.0,5.0,1.0,4.0,2.0,5.0,3.0,4.0,1.0,3.0,5.0,2.0,5.0,2.0,5.0,3.0,3.0,2.0,3.0,5.0,3.0,1.0,2.0,5.0,5.0,5.0,1.0,3.0,2.0,2.0,4.0,3.0,2.0,2.0,2.0,3.0,5.0,3.0,3.0,3.0,2.0,5.0,3.0,2.0,1.0,1.0,4.0,3.0,3.0,4.0,1.0,2.0,4.0,2.0,2.0,3.0,4.0,4.0,5.0,4.0,3.0,4.0,2.0,2.0,2.0,5.0,5.0,4.0,3.0,1.0,4.0,5.0,5.0,3.0,3.0,3.0,5.0,3.0,5.0,5.0,4.0,4.0,3.0,4.0,4.0,4.0,5.0,5.0,5.0,5.0,5.0,5.0
411,2.0,2.0,2.0,5.0,5.0,3.0,3.0,2.0,3.0,3.0,4.0,4.0,3.0,5.0,3.0,5.0,3.0,2.0,2.0,5.0,3.0,4.0,5.0,3.0,5.0,3.0,3.0,5.0,3.0,4.0,3.0,5.0,1.0,4.0,5.0,2.0,3.0,5.0,3.0,3.0,4.0,4.0,1.0,1.0,2.0,2.0,2.0,1.0,4.0,1.0,1.0,5.0,3.0,4.0,2.0,1.0,3.0,3.0,4.0,4.0,2.0,1.0,2.0,4.0,5.0,3.0,3.0,4.0,4.0,2.0,5.0,3.0,3.0,1.0,1.0,5.0,2.0,3.0,1.0,1.0,4.0,4.0,5.0,1.0,2.0,1.0,3.0,1.0,4.0,5.0,2.0,3.0,5.0,3.0,2.0,3.0,5.0,3.0,5.0,5.0,3.0,1.0
412,3.0,3.0,5.0,3.0,4.0,4.0,1.0,3.0,4.0,4.0,4.0,3.0,4.0,3.0,3.0,4.0,3.0,4.0,3.0,5.0,4.0,2.0,5.0,4.0,5.0,4.0,4.0,3.0,3.0,4.0,5.0,4.0,1.0,1.0,5.0,3.0,2.0,3.0,3.0,2.0,2.0,1.0,4.0,3.0,4.0,5.0,3.0,3.0,4.0,3.0,1.0,5.0,3.0,3.0,4.0,4.0,3.0,3.0,3.0,4.0,1.0,5.0,4.0,5.0,5.0,5.0,5.0,4.0,2.0,2.0,5.0,4.0,4.0,1.0,1.0,3.0,1.0,1.0,4.0,1.0,5.0,3.0,5.0,2.0,3.0,2.0,4.0,3.0,4.0,5.0,4.0,4.0,3.0,3.0,1.0,1.0,3.0,1.0,5.0,5.0,2.0,3.0
413,5.0,2.0,4.0,1.0,4.0,5.0,4.0,2.0,4.0,4.0,4.0,4.0,4.0,5.0,2.0,4.0,4.0,2.0,3.0,5.0,2.0,3.0,5.0,4.0,4.0,3.0,4.0,1.0,2.0,5.0,4.0,5.0,1.0,5.0,5.0,1.0,2.0,5.0,2.0,2.0,3.0,1.0,4.0,1.0,1.0,1.0,5.0,1.0,1.0,1.0,3.0,5.0,4.0,5.0,1.0,2.0,4.0,3.0,3.0,5.0,3.0,4.0,3.0,5.0,4.0,4.0,5.0,3.0,3.0,2.0,4.0,5.0,3.0,4.0,5.0,5.0,3.0,2.0,3.0,1.0,2.0,4.0,5.0,5.0,3.0,4.0,5.0,3.0,5.0,4.0,5.0,3.0,5.0,5.0,2.0,3.0,5.0,5.0,5.0,5.0,5.0,5.0
414,5.0,2.0,5.0,2.0,4.0,1.0,2.0,1.0,3.0,1.0,3.0,2.0,2.0,4.0,3.0,3.0,3.0,5.0,3.0,5.0,1.0,4.0,2.0,5.0,5.0,3.0,4.0,2.0,1.0,4.0,2.0,5.0,2.0,5.0,5.0,2.0,1.0,3.0,3.0,3.0,3.0,1.0,3.0,3.0,3.0,4.0,5.0,3.0,1.0,4.0,5.0,5.0,4.0,3.0,2.0,2.0,1.0,3.0,4.0,4.0,1.0,1.0,3.0,4.0,1.0,3.0,1.0,1.0,2.0,2.0,3.0,2.0,1.0,4.0,2.0,4.0,3.0,4.0,2.0,1.0,3.0,1.0,4.0,3.0,1.0,3.0,2.0,4.0,4.0,2.0,1.0,1.0,3.0,1.0,1.0,2.0,4.0,3.0,4.0,5.0,2.0,5.0
415,2.0,2.0,5.0,5.0,4.0,4.0,5.0,3.0,4.0,2.0,3.0,4.0,5.0,5.0,3.0,5.0,3.0,3.0,2.0,4.0,3.0,4.0,4.0,4.0,5.0,5.0,4.0,3.0,2.0,5.0,4.0,2.0,1.0,5.0,5.0,4.0,3.0,3.0,1.0,2.0,3.0,2.0,1.0,2.0,1.0,1.0,2.0,1.0,1.0,2.0,2.0,5.0,2.0,1.0,3.0,4.0,4.0,4.0,2.0,3.0,1.0,2.0,1.0,3.0,5.0,4.0,3.0,3.0,1.0,4.0,4.0,3.0,2.0,3.0,3.0,3.0,2.0,2.0,2.0,2.0,5.0,4.0,5.0,2.0,1.0,1.0,5.0,4.0,5.0,3.0,2.0,4.0,2.0,2.0,1.0,2.0,3.0,2.0,4.0,4.0,2.0,3.0
416,3.0,2.0,5.0,2.0,3.0,3.0,4.0,2.0,3.0,3.0,2.0,4.0,3.0,3.0,3.0,3.0,3.0,3.0,2.0,4.0,4.0,4.0,4.0,5.0,1.0,2.0,3.0,3.0,2.0,1.0,3.0,2.0,2.0,3.0,5.0,4.0,1.0,5.0,4.0,2.0,3.0,1.0,2.0,4.0,3.0,5.0,5.0,3.0,2.0,2.0,3.0,4.0,3.0,3.0,2.0,3.0,4.0,4.0,4.0,3.0,2.0,4.0,2.0,5.0,4.0,5.0,4.0,3.0,1.0,2.0,4.0,4.0,2.0,3.0,1.0,5.0,2.0,4.0,2.0,2.0,1.0,2.0,4.0,3.0,1.0,1.0,1.0,1.0,4.0,1.0,1.0,1.0,3.0,3.0,1.0,1.0,2.0,2.0,3.0,4.0,2.0,4.0
417,4.0,2.0,3.0,1.0,4.0,1.0,5.0,2.0,3.0,2.0,4.0,3.0,4.0,4.0,2.0,5.0,4.0,2.0,1.0,5.0,3.0,2.0,4.0,4.0,4.0,1.0,4.0,4.0,3.0,5.0,2.0,1.0,1.0,4.0,5.0,2.0,2.0,4.0,1.0,2.0,3.0,2.0,1.0,1.0,5.0,1.0,1.0,1.0,1.0,1.0,5.0,4.0,4.0,3.0,3.0,1.0,4.0,1.0,4.0,4.0,4.0,3.0,2.0,1.0,1.0,3.0,3.0,1.0,4.0,1.0,4.0,2.0,4.0,1.0,1.0,4.0,5.0,5.0,3.0,1.0,1.0,5.0,5.0,1.0,1.0,3.0,1.0,3.0,5.0,1.0,1.0,1.0,5.0,5.0,5.0,2.0,2.0,4.0,1.0,5.0,5.0,4.0
418,2.0,1.0,2.0,5.0,4.0,4.0,4.0,3.0,3.0,5.0,4.0,4.0,5.0,5.0,2.0,4.0,5.0,3.0,1.0,5.0,2.0,2.0,4.0,4.0,4.0,5.0,3.0,4.0,4.0,4.0,3.0,3.0,1.0,4.0,3.0,2.0,5.0,2.0,2.0,2.0,3.0,5.0,3.0,4.0,5.0,5.0,5.0,3.0,4.0,3.0,4.0,3.0,5.0,3.0,2.0,2.0,4.0,3.0,5.0,1.0,4.0,3.0,4.0,4.0,2.0,4.0,3.0,4.0,2.0,3.0,3.0,4.0,4.0,4.0,4.0,3.0,4.0,4.0,2.0,1.0,1.0,3.0,4.0,3.0,4.0,4.0,5.0,3.0,5.0,4.0,4.0,4.0,4.0,4.0,5.0,4.0,3.0,5.0,4.0,2.0,5.0,4.0
419,3.0,2.0,1.0,1.0,3.0,5.0,3.0,3.0,3.0,5.0,4.0,3.0,3.0,1.0,3.0,4.0,4.0,3.0,3.0,3.0,4.0,2.0,4.0,4.0,3.0,3.0,4.0,2.0,3.0,3.0,5.0,1.0,1.0,3.0,5.0,2.0,2.0,3.0,2.0,2.0,1.0,1.0,1.0,2.0,2.0,3.0,5.0,2.0,4.0,3.0,1.0,5.0,1.0,3.0,3.0,1.0,5.0,4.0,3.0,3.0,2.0,2.0,3.0,2.0,3.0,3.0,2.0,3.0,2.0,5.0,3.0,2.0,2.0,5.0,5.0,5.0,4.0,2.0,3.0,2.0,1.0,5.0,4.0,2.0,3.0,4.0,1.0,1.0,2.0,1.0,1.0,1.0,2.0,1.0,1.0,1.0,1.0,5.0,1.0,5.0,3.0,1.0
420,5.0,2.0,1.0,4.0,3.0,4.0,5.0,1.0,3.0,4.0,4.0,2.0,3.0,4.0,2.0,5.0,4.0,4.0,1.0,2.0,2.0,3.0,4.0,5.0,5.0,3.0,4.0,4.0,5.0,3.0,4.0,1.0,2.0,5.0,4.0,2.0,1.0,5.0,3.0,2.0,2.0,1.0,1.0,5.0,1.0,5.0,1.0,4.0,3.0,3.0,5.0,5.0,4.0,4.0,2.0,1.0,3.0,3.0,4.0,3.0,1.0,1.0,5.0,4.0,3.0,2.0,2.0,5.0,3.0,2.0,2.0,2.0,3.0,4.0,1.0,4.0,1.0,5.0,1.0,1.0,4.0,5.0,5.0,2.0,1.0,4.0,2.0,1.0,4.0,4.0,2.0,1.0,5.0,2.0,1.0,2.0,4.0,3.0,2.0,5.0,5.0,5.0
421,4.0,2.0,4.0,4.0,4.0,5.0,4.0,4.0,4.0,4.0,4.0,3.0,4.0,4.0,2.0,4.0,4.0,4.0,2.0,4.0,4.0,4.0,4.0,4.0,4.0,4.0,4.0,4.0,3.0,4.0,4.0,4.0,4.0,4.0,4.0,4.0,4.0,4.0,2.0,2.0,4.0,3.0,3.0,3.0,3.0,3.0,1.0,1.0,1.0,2.0,3.0,5.0,5.0,2.0,1.0,3.0,2.0,1.0,2.0,5.0,5.0,1.0,1.0,1.0,1.0,5.0,1.0,2.0,1.0,2.0,1.0,1.0,1.0,1.0,5.0,5.0,3.0,1.0,5.0,5.0,1.0,2.0,3.0,5.0,1.0,3.0,1.0,1.0,5.0,1.0,1.0,1.0,5.0,1.0,3.0,1.0,1.0,2.0,1.0,5.0,5.0,2.0
422,4.0,2.0,2.0,4.0,2.0,5.0,4.0,4.0,4.0,3.0,4.0,4.0,2.0,4.0,3.0,5.0,4.0,3.0,2.0,5.0,4.0,4.0,4.0,5.0,3.0,3.0,5.0,1.0,3.0,4.0,2.0,5.0,1.0,5.0,4.0,2.0,2.0,4.0,2.0,2.0,3.0,4.0,2.0,2.0,2.0,4.0,4.0,3.0,1.0,3.0,3.0,5.0,3.0,4.0,2.0,3.0,3.0,5.0,5.0,5.0,2.0,2.0,3.0,4.0,4.0,4.0,2.0,5.0,2.0,3.0,2.0,5.0,2.0,4.0,3.0,4.0,4.0,4.0,2.0,3.0,4.0,3.0,5.0,3.0,2.0,4.0,2.0,2.0,4.0,5.0,4.0,2.0,3.0,4.0,1.0,3.0,4.0,3.0,4.0,5.0,3.0,2.0
423,4.0,2.0,3.0,2.0,3.0,4.0,4.0,2.0,3.0,3.0,3.0,4.0,1.0,3.0,2.0,5.0,3.0,3.0,2.0,5.0,4.0,3.0,5.0,4.0,5.0,3.0,2.0,5.0,3.0,4.0,4.0,2.0,1.0,4.0,3.0,4.0,1.0,5.0,2.0,2.0,3.0,3.0,2.0,4.0,3.0,4.0,4.0,4.0,3.0,5.0,4.0,5.0,3.0,3.0,2.0,2.0,2.0,2.0,3.0,5.0,3.0,4.0,3.0,4.0,2.0,3.0,3.0,2.0,4.0,1.0,1.0,2.0,1.0,3.0,1.0,3.0,2.0,3.0,3.0,3.0,4.0,3.0,5.0,3.0,1.0,1.0,3.0,1.0,3.0,1.0,3.0,1.0,3.0,3.0,1.0,1.0,3.0,2.0,3.0,4.0,2.0,1.0
424,4.0,2.0,2.0,1.0,3.0,1.0,4.0,2.0,3.0,2.0,3.0,3.0,2.0,3.0,2.0,4.0,4.0,4.0,2.0,2.0,3.0,3.0,4.0,2.0,3.0,3.0,5.0,4.0,3.0,3.0,3.0,3.0,3.0,3.0,4.0,3.0,2.0,4.0,4.0,1.0,2.0,1.0,2.0,3.0,4.0,5.0,5.0,1.0,3.0,5.0,3.0,5.0,3.0,2.0,2.0,2.0,3.0,2.0,2.0,3.0,1.0,1.0,5.0,3.0,3.0,3.0,3.0,2.0,1.0,2.0,3.0,3.0,2.0,1.0,1.0,5.0,5.0,3.0,3.0,1.0,2.0,5.0,4.0,3.0,3.0,4.0,2.0,2.0,3.0,2.0,2.0,3.0,4.0,4.0,3.0,4.0,4.0,5.0,3.0,4.0,3.0,1.0
425,2.0,2.0,2.0,1.0,5.0,2.0,4.0,2.0,3.0,2.0,4.0,3.0,4.0,4.0,3.0,4.0,3.0,4.0,1.0,3.0,2.0,1.0,5.0,3.0,2.0,4.0,4.0,4.0,1.0,4.0,4.0,1.0,2.0,2.0,5.0,4.0,3.0,5.0,1.0,2.0,4.0,1.0,1.0,1.0,1.0,1.0,1.0,1.0,1.0,3.0,3.0,5.0,3.0,2.0,1.0,2.0,4.0,3.0,4.0,5.0,5.0,5.0,2.0,2.0,3.0,5.0,4.0,2.0,2.0,1.0,2.0,5.0,1.0,3.0,4.0,5.0,5.0,1.0,3.0,3.0,2.0,3.0,5.0,4.0,3.0,5.0,2.0,3.0,3.0,1.0,1.0,1.0,5.0,5.0,1.0,2.0,2.0,5.0,1.0,4.0,5.0,3.0
426,2.0,2.0,4.0,3.0,3.0,5.0,4.0,3.0,3.0,5.0,5.0,4.0,4.0,5.0,4.0,5.0,3.0,3.0,2.0,3.0,2.0,2.0,4.0,5.0,3.0,4.0,4.0,2.0,4.0,5.0,3.0,3.0,2.0,3.0,4.0,3.0,2.0,4.0,2.0,2.0,4.0,3.0,4.0,3.0,2.0,2.0,5.0,2.0,4.0,5.0,1.0,5.0,3.0,2.0,2.0,1.0,5.0,3.0,2.0,5.0,5.0,5.0,1.0,3.0,3.0,5.0,5.0,2.0,1.0,3.0,5.0,2.0,5.0,1.0,1.0,2.0,2.0,3.0,1.0,1.0,3.0,5.0,3.0,2.0,5.0,3.0,2.0,2.0,4.0,2.0,5.0,1.0,4.0,5.0,2.0,3.0,4.0,2.0,2.0,3.0,2.0,5.0
427,2.0,2.0,3.0,2.0,5.0,1.0,3.0,1.0,4.0,3.0,5.0,3.0,5.0,5.0,3.0,3.0,3.0,2.0,1.0,3.0,1.0,2.0,2.0,4.0,3.0,4.0,4.0,1.0,4.0,5.0,5.0,5.0,1.0,5.0,5.0,4.0,2.0,1.0,2.0,2.0,3.0,1.0,1.0,1.0,1.0,1.0,1.0,1.0,1.0,1.0,1.0,5.0,5.0,1.0,1.0,3.0,2.0,2.0,2.0,5.0,5.0,4.0,1.0,2.0,1.0,4.0,3.0,2.0,1.0,2.0,4.0,4.0,4.0,3.0,1.0,5.0,5.0,5.0,3.0,1.0,1.0,5.0,4.0,2.0,1.0,1.0,2.0,1.0,4.0,1.0,2.0,4.0,5.0,3.0,3.0,1.0,1.0,5.0,4.0,5.0,5.0,5.0
428,1.0,2.0,4.0,5.0,2.0,5.0,3.0,4.0,3.0,4.0,4.0,3.0,4.0,5.0,2.0,3.0,3.0,4.0,2.0,3.0,3.0,3.0,4.0,5.0,4.0,3.0,4.0,3.0,4.0,3.0,5.0,4.0,1.0,3.0,2.0,2.0,3.0,2.0,4.0,3.0,1.0,1.0,1.0,1.0,4.0,1.0,1.0,1.0,3.0,1.0,4.0,5.0,4.0,4.0,2.0,2.0,4.0,1.0,4.0,2.0,1.0,1.0,4.0,1.0,4.0,2.0,4.0,3.0,3.0,1.0,5.0,3.0,5.0,1.0,3.0,4.0,3.0,4.0,1.0,1.0,1.0,5.0,5.0,1.0,4.0,3.0,2.0,2.0,4.0,1.0,1.0,5.0,4.0,3.0,1.0,4.0,2.0,4.0,3.0,5.0,5.0,3.0
429,2.0,3.0,1.0,2.0,5.0,2.0,3.0,3.0,4.0,3.0,5.0,4.0,4.0,5.0,2.0,2.0,4.0,2.0,2.0,4.0,3.0,4.0,4.0,4.0,5.0,5.0,4.0,4.0,2.0,3.0,4.0,4.0,3.0,4.0,3.0,1.0,3.0,3.0,4.0,2.0,3.0,1.0,3.0,3.0,3.0,3.0,3.0,3.0,3.0,3.0,1.0,5.0,3.0,5.0,1.0,1.0,3.0,2.0,3.0,4.0,3.0,3.0,4.0,4.0,3.0,2.0,3.0,5.0,5.0,3.0,4.0,3.0,4.0,3.0,4.0,5.0,5.0,3.0,2.0,2.0,2.0,2.0,3.0,2.0,2.0,3.0,2.0,1.0,2.0,1.0,5.0,1.0,2.0,2.0,1.0,3.0,3.0,2.0,2.0,4.0,1.0,2.0
430,3.0,2.0,5.0,5.0,3.0,1.0,3.0,1.0,3.0,3.0,3.0,3.0,5.0,4.0,3.0,4.0,3.0,3.0,1.0,4.0,4.0,3.0,5.0,3.0,3.0,3.0,2.0,1.0,1.0,4.0,4.0,4.0,2.0,3.0,4.0,3.0,2.0,5.0,4.0,2.0,3.0,3.0,3.0,5.0,4.0,5.0,5.0,4.0,3.0,1.0,3.0,5.0,3.0,5.0,5.0,5.0,5.0,5.0,5.0,5.0,4.0,2.0,5.0,5.0,5.0,5.0,2.0,5.0,2.0,5.0,5.0,4.0,3.0,3.0,2.0,4.0,2.0,2.0,3.0,4.0,5.0,3.0,4.0,2.0,2.0,3.0,4.0,2.0,5.0,5.0,5.0,5.0,5.0,5.0,3.0,1.0,4.0,4.0,4.0,5.0,5.0,3.0
431,1.0,3.0,3.0,1.0,3.0,3.0,4.0,3.0,4.0,5.0,3.0,2.0,3.0,3.0,3.0,3.0,3.0,4.0,1.0,2.0,4.0,4.0,3.0,3.0,2.0,4.0,3.0,3.0,4.0,3.0,2.0,5.0,1.0,2.0,4.0,3.0,4.0,2.0,2.0,3.0,4.0,1.0,1.0,1.0,1.0,1.0,1.0,1.0,2.0,1.0,5.0,4.0,3.0,2.0,3.0,3.0,4.0,4.0,2.0,5.0,4.0,4.0,3.0,4.0,2.0,4.0,4.0,1.0,1.0,3.0,5.0,4.0,3.0,2.0,3.0,5.0,5.0,2.0,4.0,4.0,5.0,4.0,4.0,5.0,3.0,2.0,3.0,4.0,2.0,1.0,1.0,1.0,3.0,5.0,1.0,2.0,1.0,4.0,3.0,2.0,2.0,3.0
432,4.0,2.0,1.0,5.0,4.0,5.0,4.0,3.0,4.0,5.0,5.0,3.0,2.0,4.0,3.0,5.0,4.0,3.0,1.0,1.0,3.0,5.0,4.0,4.0,5.0,4.0,4.0,3.0,4.0,5.0,4.0,5.0,1.0,5.0,5.0,4.0,1.0,2.0,3.0,2.0,4.0,1.0,1.0,1.0,1.0,2.0,1.0,3.0,1.0,2.0,1.0,5.0,3.0,3.0,1.0,2.0,3.0,1.0,4.0,1.0,1.0,1.0,5.0,5.0,4.0,4.0,1.0,3.0,3.0,1.0,2.0,2.0,4.0,5.0,4.0,5.0,5.0,1.0,5.0,5.0,1.0,2.0,3.0,5.0,1.0,5.0,3.0,1.0,2.0,3.0,5.0,1.0,5.0,5.0,1.0,3.0,3.0,4.0,2.0,5.0,5.0,4.0
433,4.0,2.0,5.0,5.0,5.0,2.0,3.0,2.0,3.0,1.0,3.0,3.0,3.0,4.0,4.0,4.0,3.0,3.0,2.0,5.0,3.0,5.0,3.0,4.0,3.0,3.0,4.0,3.0,1.0,3.0,4.0,1.0,1.0,3.0,4.0,2.0,2.0,2.0,3.0,3.0,3.0,1.0,1.0,1.0,3.0,5.0,3.0,3.0,4.0,3.0,4.0,4.0,3.0,4.0,3.0,3.0,3.0,3.0,4.0,4.0,2.0,2.0,4.0,3.0,4.0,3.0,3.0,3.0,3.0,3.0,2.0,3.0,3.0,1.0,1.0,4.0,3.0,3.0,3.0,1.0,4.0,4.0,4.0,4.0,4.0,4.0,2.0,2.0,4.0,1.0,1.0,1.0,1.0,5.0,1.0,2.0,4.0,4.0,2.0,5.0,4.0,3.0
434,4.0,3.0,1.0,3.0,3.0,5.0,5.0,4.0,3.0,5.0,5.0,3.0,1.0,4.0,2.0,3.0,3.0,3.0,2.0,5.0,3.0,2.0,3.0,5.0,4.0,4.0,4.0,3.0,3.0,4.0,4.0,4.0,2.0,4.0,3.0,3.0,2.0,4.0,2.0,3.0,3.0,1.0,3.0,4.0,5.0,5.0,5.0,3.0,2.0,4.0,1.0,5.0,4.0,3.0,1.0,1.0,2.0,2.0,5.0,4.0,1.0,2.0,3.0,2.0,2.0,2.0,4.0,3.0,3.0,1.0,2.0,4.0,2.0,1.0,1.0,5.0,3.0,5.0,1.0,1.0,3.0,5.0,5.0,1.0,2.0,2.0,5.0,1.0,3.0,2.0,2.0,5.0,4.0,3.0,1.0,3.0,5.0,3.0,3.0,5.0,2.0,5.0
435,4.0,2.0,5.0,3.0,4.0,4.0,4.0,3.0,4.0,1.0,3.0,4.0,2.0,2.0,3.0,5.0,3.0,4.0,3.0,2.0,4.0,4.0,5.0,2.0,2.0,4.0,4.0,4.0,1.0,1.0,2.0,1.0,3.0,3.0,5.0,3.0,2.0,5.0,2.0,2.0,1.0,1.0,1.0,1.0,1.0,5.0,5.0,5.0,3.0,4.0,4.0,5.0,3.0,1.0,1.0,1.0,3.0,3.0,5.0,2.0,1.0,1.0,2.0,1.0,1.0,1.0,2.0,2.0,1.0,2.0,4.0,2.0,2.0,1.0,1.0,5.0,3.0,4.0,1.0,1.0,2.0,4.0,3.0,1.0,1.0,2.0,2.0,3.0,2.0,2.0,1.0,1.0,5.0,3.0,1.0,4.0,5.0,4.0,3.0,5.0,1.0,1.0
436,5.0,2.0,4.0,1.0,4.0,3.0,3.0,4.0,3.0,2.0,3.0,3.0,3.0,4.0,2.0,4.0,3.0,5.0,2.0,4.0,4.0,2.0,5.0,4.0,3.0,3.0,3.0,3.0,3.0,4.0,3.0,1.0,3.0,4.0,2.0,5.0,2.0,5.0,3.0,2.0,4.0,3.0,3.0,3.0,4.0,5.0,5.0,5.0,3.0,5.0,4.0,5.0,3.0,3.0,2.0,1.0,2.0,3.0,3.0,2.0,2.0,3.0,5.0,3.0,1.0,1.0,1.0,3.0,3.0,2.0,3.0,2.0,2.0,1.0,2.0,5.0,4.0,3.0,2.0,1.0,1.0,3.0,3.0,3.0,2.0,4.0,3.0,3.0,4.0,2.0,4.0,1.0,3.0,1.0,1.0,3.0,5.0,3.0,2.0,5.0,2.0,1.0
437,2.0,3.0,3.0,2.0,3.0,1.0,4.0,3.0,3.0,3.0,5.0,3.0,5.0,4.0,3.0,3.0,3.0,2.0,2.0,3.0,2.0,3.0,4.0,4.0,3.0,3.0,4.0,3.0,3.0,4.0,4.0,5.0,1.0,2.0,3.0,3.0,3.0,3.0,1.0,3.0,3.0,1.0,1.0,1.0,1.0,1.0,1.0,1.0,2.0,2.0,3.0,5.0,4.0,3.0,1.0,1.0,2.0,3.0,3.0,4.0,5.0,5.0,3.0,2.0,1.0,3.0,3.0,3.0,3.0,1.0,2.0,1.0,4.0,5.0,3.0,5.0,5.0,2.0,1.0,1.0,3.0,2.0,3.0,2.0,1.0,4.0,2.0,1.0,2.0,2.0,1.0,1.0,5.0,5.0,3.0,3.0,2.0,4.0,3.0,5.0,5.0,4.0
438,2.0,2.0,5.0,4.0,2.0,1.0,4.0,4.0,4.0,4.0,4.0,4.0,3.0,5.0,1.0,4.0,4.0,5.0,3.0,4.0,4.0,4.0,5.0,5.0,4.0,4.0,4.0,5.0,2.0,4.0,5.0,5.0,1.0,5.0,1.0,3.0,3.0,2.0,3.0,2.0,4.0,1.0,1.0,3.0,1.0,1.0,2.0,1.0,1.0,5.0,5.0,4.0,3.0,4.0,2.0,1.0,5.0,3.0,3.0,2.0,4.0,2.0,4.0,4.0,5.0,3.0,5.0,4.0,2.0,4.0,5.0,4.0,3.0,2.0,3.0,3.0,4.0,1.0,5.0,3.0,5.0,5.0,3.0,2.0,1.0,2.0,4.0,5.0,5.0,2.0,4.0,5.0,3.0,5.0,5.0,3.0,4.0,4.0,5.0,5.0,5.0,1.0
439,5.0,2.0,5.0,3.0,2.0,5.0,4.0,1.0,3.0,5.0,5.0,3.0,1.0,5.0,1.0,5.0,3.0,3.0,2.0,3.0,5.0,4.0,4.0,3.0,5.0,1.0,5.0,2.0,3.0,1.0,4.0,5.0,4.0,5.0,5.0,3.0,3.0,5.0,1.0,2.0,3.0,3.0,3.0,3.0,5.0,5.0,4.0,4.0,1.0,5.0,5.0,5.0,5.0,4.0,1.0,3.0,2.0,3.0,5.0,4.0,3.0,2.0,4.0,5.0,4.0,4.0,2.0,5.0,5.0,1.0,3.0,4.0,1.0,3.0,1.0,5.0,5.0,4.0,3.0,1.0,1.0,4.0,4.0,1.0,2.0,4.0,1.0,3.0,3.0,4.0,4.0,1.0,5.0,5.0,2.0,2.0,5.0,2.0,3.0,5.0,3.0,1.0
440,2.0,2.0,3.0,3.0,3.0,2.0,5.0,5.0,3.0,4.0,4.0,4.0,1.0,3.0,1.0,5.0,3.0,3.0,2.0,5.0,5.0,5.0,5.0,3.0,3.0,4.0,4.0,3.0,4.0,5.0,4.0,5.0,3.0,5.0,3.0,2.0,2.0,5.0,3.0,2.0,3.0,1.0,5.0,5.0,5.0,3.0,5.0,3.0,1.0,5.0,3.0,5.0,4.0,1.0,1.0,1.0,3.0,1.0,2.0,5.0,3.0,5.0,1.0,3.0,2.0,1.0,1.0,1.0,1.0,3.0,5.0,3.0,5.0,1.0,1.0,5.0,3.0,1.0,1.0,1.0,5.0,5.0,3.0,2.0,4.0,1.0,3.0,3.0,3.0,1.0,1.0,1.0,3.0,1.0,1.0,2.0,3.0,2.0,4.0,5.0,3.0,2.0
441,2.0,2.0,5.0,1.0,5.0,3.0,3.0,3.0,4.0,3.0,4.0,3.0,3.0,4.0,2.0,5.0,3.0,3.0,2.0,4.0,3.0,3.0,4.0,4.0,2.0,2.0,4.0,1.0,4.0,3.0,5.0,4.0,1.0,3.0,4.0,2.0,1.0,4.0,1.0,1.0,1.0,3.0,1.0,1.0,2.0,1.0,4.0,2.0,5.0,2.0,3.0,5.0,3.0,3.0,2.0,2.0,2.0,2.0,2.0,4.0,3.0,3.0,1.0,2.0,2.0,2.0,5.0,2.0,1.0,2.0,2.0,1.0,3.0,3.0,1.0,5.0,5.0,3.0,1.0,1.0,2.0,2.0,3.0,1.0,1.0,5.0,2.0,3.0,4.0,1.0,1.0,1.0,4.0,4.0,1.0,1.0,2.0,5.0,3.0,4.0,2.0,1.0
442,3.0,2.0,2.0,2.0,3.0,2.0,4.0,4.0,4.0,4.0,2.0,3.0,2.0,2.0,2.0,4.0,3.0,2.0,1.0,4.0,3.0,4.0,4.0,4.0,2.0,3.0,3.0,2.0,3.0,2.0,3.0,2.0,2.0,3.0,5.0,4.0,3.0,4.0,1.0,2.0,3.0,2.0,1.0,3.0,2.0,3.0,3.0,2.0,2.0,2.0,4.0,5.0,3.0,1.0,2.0,3.0,4.0,5.0,2.0,4.0,5.0,4.0,1.0,1.0,2.0,4.0,4.0,2.0,2.0,4.0,4.0,2.0,3.0,4.0,3.0,5.0,5.0,2.0,3.0,2.0,5.0,3.0,4.0,3.0,2.0,3.0,4.0,2.0,4.0,2.0,3.0,3.0,3.0,2.0,4.0,3.0,3.0,4.0,5.0,4.0,3.0,5.0
443,3.0,2.0,5.0,2.0,3.0,5.0,4.0,3.0,3.0,5.0,3.0,3.0,3.0,3.0,3.0,2.0,3.0,2.0,2.0,5.0,3.0,3.0,4.0,5.0,3.0,2.0,3.0,3.0,3.0,4.0,3.0,5.0,2.0,4.0,3.0,2.0,2.0,4.0,2.0,2.0,2.0,2.0,2.0,3.0,4.0,2.0,2.0,3.0,2.0,3.0,2.0,5.0,3.0,4.0,4.0,3.0,5.0,4.0,4.0,5.0,3.0,3.0,3.0,4.0,3.0,3.0,4.0,3.0,3.0,3.0,4.0,4.0,4.0,3.0,2.0,4.0,3.0,4.0,4.0,2.0,4.0,5.0,4.0,3.0,3.0,3.0,3.0,4.0,5.0,3.0,4.0,2.0,5.0,4.0,3.0,2.0,2.0,3.0,4.0,5.0,5.0,5.0
444,3.0,1.0,5.0,1.0,3.0,3.0,3.0,3.0,5.0,2.0,5.0,3.0,2.0,4.0,3.0,3.0,4.0,2.0,2.0,5.0,3.0,3.0,3.0,3.0,3.0,3.0,5.0,3.0,2.0,5.0,4.0,1.0,1.0,2.0,4.0,1.0,1.0,4.0,1.0,2.0,4.0,5.0,2.0,2.0,1.0,2.0,3.0,2.0,1.0,1.0,1.0,5.0,5.0,3.0,1.0,2.0,2.0,1.0,4.0,2.0,1.0,2.0,3.0,2.0,1.0,1.0,2.0,5.0,2.0,1.0,3.0,3.0,3.0,3.0,3.0,5.0,3.0,2.0,5.0,5.0,2.0,4.0,4.0,5.0,3.0,5.0,2.0,2.0,4.0,3.0,1.0,1.0,4.0,1.0,2.0,2.0,3.0,3.0,3.0,5.0,2.0,5.0
445,3.0,2.0,3.0,4.0,4.0,4.0,5.0,3.0,4.0,4.0,4.0,3.0,2.0,3.0,2.0,4.0,3.0,2.0,3.0,4.0,4.0,5.0,4.0,3.0,3.0,2.0,4.0,3.0,3.0,3.0,3.0,5.0,1.0,3.0,4.0,3.0,2.0,3.0,2.0,2.0,3.0,1.0,2.0,2.0,2.0,4.0,4.0,2.0,1.0,4.0,2.0,5.0,4.0,2.0,3.0,2.0,4.0,4.0,2.0,5.0,2.0,4.0,3.0,4.0,4.0,5.0,5.0,3.0,2.0,2.0,3.0,3.0,4.0,4.0,4.0,5.0,4.0,4.0,2.0,2.0,4.0,4.0,4.0,3.0,2.0,5.0,3.0,3.0,4.0,3.0,3.0,1.0,4.0,2.0,1.0,1.0,2.0,5.0,3.0,5.0,4.0,3.0
446,4.0,3.0,2.0,4.0,3.0,3.0,3.0,4.0,4.0,2.0,4.0,4.0,3.0,2.0,2.0,4.0,3.0,3.0,2.0,3.0,2.0,3.0,4.0,3.0,3.0,2.0,4.0,2.0,3.0,4.0,4.0,5.0,2.0,5.0,5.0,2.0,1.0,4.0,3.0,2.0,3.0,2.0,2.0,3.0,2.0,2.0,4.0,2.0,4.0,5.0,3.0,5.0,4.0,2.0,3.0,3.0,1.0,4.0,5.0,5.0,1.0,1.0,4.0,3.0,3.0,2.0,2.0,4.0,1.0,2.0,1.0,4.0,3.0,3.0,2.0,5.0,3.0,2.0,2.0,2.0,3.0,3.0,2.0,2.0,2.0,3.0,1.0,1.0,3.0,3.0,3.0,3.0,4.0,3.0,2.0,5.0,4.0,3.0,3.0,4.0,3.0,3.0
447,4.0,2.0,5.0,1.0,5.0,1.0,5.0,3.0,3.0,1.0,1.0,4.0,2.0,1.0,2.0,5.0,2.0,4.0,1.0,5.0,5.0,5.0,3.0,3.0,2.0,3.0,2.0,3.0,3.0,1.0,1.0,5.0,1.0,3.0,5.0,5.0,2.0,5.0,3.0,2.0,2.0,4.0,2.0,5.0,5.0,5.0,5.0,1.0,3.0,5.0,4.0,5.0,3.0,2.0,2.0,2.0,2.0,1.0,3.0,5.0,1.0,2.0,1.0,1.0,2.0,4.0,5.0,2.0,1.0,1.0,2.0,4.0,2.0,1.0,2.0,3.0,1.0,1.0,1.0,3.0,5.0,1.0,4.0,1.0,1.0,1.0,2.0,2.0,3.0,1.0,5.0,5.0,1.0,1.0,1.0,1.0,3.0,1.0,2.0,4.0,1.0,4.0
448,3.0,2.0,1.0,1.0,2.0,3.0,4.0,1.0,4.0,5.0,5.0,4.0,5.0,5.0,2.0,4.0,3.0,1.0,2.0,3.0,4.0,4.0,5.0,5.0,3.0,2.0,3.0,3.0,1.0,3.0,4.0,4.0,1.0,3.0,4.0,1.0,1.0,5.0,1.0,2.0,5.0,5.0,5.0,5.0,5.0,5.0,5.0,5.0,5.0,5.0,4.0,5.0,3.0,5.0,4.0,5.0,4.0,4.0,5.0,4.0,5.0,4.0,5.0,4.0,5.0,5.0,5.0,4.0,5.0,5.0,5.0,4.0,4.0,4.0,5.0,5.0,5.0,3.0,3.0,3.0,2.0,5.0,4.0,3.0,3.0,5.0,2.0,1.0,4.0,1.0,2.0,1.0,5.0,5.0,1.0,1.0,2.0,5.0,2.0,5.0,5.0,1.0
449,5.0,1.0,1.0,2.0,3.0,3.0,5.0,3.0,4.0,5.0,5.0,3.0,3.0,5.0,3.0,5.0,4.0,2.0,2.0,5.0,2.0,3.0,5.0,4.0,3.0,3.0,5.0,2.0,3.0,4.0,3.0,2.0,1.0,3.0,5.0,2.0,2.0,4.0,1.0,2.0,3.0,1.0,3.0,1.0,1.0,1.0,2.0,1.0,5.0,2.0,1.0,5.0,3.0,5.0,3.0,3.0,4.0,4.0,4.0,4.0,3.0,2.0,4.0,4.0,4.0,3.0,3.0,3.0,2.0,4.0,3.0,4.0,2.0,3.0,5.0,3.0,5.0,3.0,3.0,1.0,3.0,3.0,4.0,2.0,3.0,5.0,3.0,1.0,5.0,5.0,1.0,1.0,5.0,5.0,1.0,1.0,3.0,5.0,5.0,5.0,5.0,5.0
450,2.0,2.0,4.0,3.0,3.0,2.0,4.0,1.0,4.0,5.0,4.0,2.0,4.0,4.0,3.0,4.0,4.0,3.0,3.0,2.0,3.0,3.0,3.0,3.0,4.0,2.0,4.0,1.0,4.0,4.0,3.0,1.0,1.0,4.0,5.0,2.0,2.0,4.0,4.0,2.0,2.0,1.0,1.0,1.0,2.0,1.0,2.0,3.0,2.0,3.0,3.0,4.0,3.0,2.0,3.0,4.0,2.0,1.0,4.0,4.0,2.0,2.0,4.0,2.0,2.0,4.0,1.0,1.0,3.0,1.0,1.0,3.0,3.0,4.0,3.0,4.0,4.0,3.0,2.0,2.0,1.0,1.0,2.0,3.0,4.0,5.0,1.0,1.0,4.0,1.0,1.0,1.0,3.0,2.0,1.0,3.0,2.0,4.0,1.0,5.0,5.0,3.0
451,5.0,2.0,1.0,3.0,3.0,3.0,3.0,1.0,3.0,3.0,5.0,3.0,4.0,5.0,2.0,5.0,4.0,2.0,2.0,3.0,5.0,1.0,3.0,3.0,5.0,3.0,5.0,3.0,3.0,5.0,5.0,5.0,3.0,4.0,5.0,2.0,1.0,4.0,4.0,2.0,3.0,1.0,1.0,1.0,1.0,1.0,1.0,1.0,1.0,1.0,1.0,5.0,5.0,4.0,2.0,1.0,3.0,1.0,4.0,5.0,1.0,5.0,4.0,1.0,1.0,5.0,3.0,1.0,1.0,1.0,3.0,1.0,1.0,4.0,4.0,5.0,5.0,3.0,1.0,1.0,1.0,1.0,1.0,1.0,1.0,5.0,1.0,1.0,2.0,1.0,5.0,1.0,5.0,5.0,1.0,1.0,5.0,5.0,1.0,5.0,5.0,5.0
452,3.0,2.0,5.0,2.0,5.0,4.0,1.0,4.0,4.0,4.0,5.0,3.0,1.0,5.0,3.0,5.0,3.0,3.0,1.0,5.0,2.0,3.0,5.0,5.0,3.0,3.0,5.0,1.0,3.0,3.0,5.0,2.0,1.0,5.0,5.0,2.0,2.0,5.0,1.0,1.0,3.0,3.0,1.0,1.0,2.0,4.0,2.0,2.0,3.0,5.0,1.0,5.0,3.0,5.0,2.0,1.0,4.0,5.0,4.0,5.0,3.0,2.0,2.0,2.0,3.0,2.0,3.0,5.0,3.0,3.0,3.0,3.0,3.0,4.0,3.0,4.0,4.0,3.0,2.0,2.0,5.0,3.0,5.0,5.0,3.0,2.0,3.0,5.0,5.0,5.0,5.0,5.0,1.0,4.0,3.0,2.0,4.0,3.0,5.0,5.0,2.0,5.0
453,4.0,2.0,2.0,2.0,4.0,2.0,4.0,5.0,3.0,4.0,4.0,4.0,2.0,4.0,3.0,5.0,3.0,4.0,2.0,5.0,4.0,3.0,4.0,4.0,3.0,3.0,4.0,4.0,4.0,3.0,4.0,5.0,1.0,3.0,4.0,3.0,3.0,4.0,2.0,1.0,3.0,1.0,3.0,1.0,2.0,1.0,2.0,1.0,2.0,4.0,3.0,5.0,4.0,4.0,2.0,1.0,4.0,4.0,3.0,2.0,1.0,1.0,4.0,2.0,3.0,2.0,4.0,4.0,5.0,3.0,5.0,2.0,5.0,3.0,4.0,5.0,4.0,2.0,4.0,2.0,4.0,5.0,2.0,2.0,3.0,5.0,4.0,3.0,5.0,2.0,2.0,2.0,5.0,5.0,5.0,4.0,4.0,5.0,3.0,5.0,3.0,5.0
454,2.0,3.0,4.0,4.0,2.0,3.0,5.0,2.0,2.0,3.0,2.0,3.0,3.0,3.0,4.0,4.0,3.0,3.0,2.0,2.0,4.0,3.0,5.0,5.0,3.0,3.0,4.0,2.0,5.0,2.0,5.0,5.0,3.0,5.0,5.0,5.0,3.0,4.0,4.0,2.0,3.0,1.0,2.0,2.0,4.0,4.0,5.0,5.0,4.0,4.0,1.0,5.0,3.0,3.0,2.0,2.0,5.0,1.0,4.0,5.0,4.0,1.0,1.0,1.0,1.0,3.0,4.0,1.0,1.0,4.0,5.0,4.0,5.0,1.0,5.0,5.0,5.0,2.0,4.0,4.0,2.0,4.0,4.0,5.0,5.0,3.0,4.0,2.0,1.0,1.0,5.0,4.0,3.0,4.0,2.0,3.0,5.0,5.0,4.0,3.0,4.0,1.0
455,4.0,1.0,4.0,3.0,2.0,2.0,5.0,5.0,4.0,3.0,2.0,4.0,2.0,2.0,1.0,5.0,3.0,4.0,1.0,3.0,5.0,4.0,5.0,4.0,1.0,4.0,4.0,3.0,3.0,1.0,1.0,3.0,4.0,4.0,4.0,4.0,3.0,3.0,1.0,1.0,5.0,5.0,2.0,1.0,3.0,1.0,1.0,1.0,3.0,3.0,5.0,5.0,2.0,3.0,4.0,4.0,5.0,3.0,2.0,1.0,1.0,1.0,1.0,1.0,4.0,1.0,1.0,3.0,1.0,3.0,5.0,3.0,1.0,3.0,4.0,3.0,1.0,4.0,3.0,2.0,5.0,4.0,5.0,3.0,1.0,3.0,3.0,2.0,1.0,1.0,2.0,4.0,2.0,1.0,2.0,2.0,3.0,1.0,4.0,4.0,1.0,1.0
456,1.0,3.0,3.0,5.0,1.0,2.0,5.0,3.0,3.0,3.0,2.0,3.0,2.0,5.0,3.0,5.0,4.0,2.0,2.0,5.0,3.0,1.0,5.0,5.0,5.0,4.0,3.0,3.0,2.0,5.0,5.0,5.0,1.0,3.0,2.0,2.0,2.0,1.0,2.0,3.0,4.0,1.0,1.0,1.0,2.0,4.0,4.0,2.0,1.0,3.0,3.0,5.0,3.0,1.0,3.0,3.0,5.0,1.0,2.0,4.0,2.0,3.0,3.0,2.0,4.0,5.0,5.0,1.0,2.0,5.0,5.0,3.0,4.0,5.0,5.0,5.0,5.0,4.0,3.0,3.0,5.0,4.0,4.0,3.0,4.0,3.0,5.0,1.0,5.0,2.0,5.0,5.0,5.0,1.0,4.0,1.0,4.0,4.0,5.0,5.0,2.0,1.0
457,1.0,2.0,1.0,3.0,5.0,1.0,5.0,3.0,4.0,3.0,5.0,3.0,5.0,5.0,3.0,3.0,4.0,5.0,3.0,5.0,4.0,5.0,3.0,5.0,5.0,3.0,2.0,5.0,2.0,5.0,3.0,3.0,4.0,3.0,5.0,3.0,1.0,3.0,1.0,2.0,1.0,1.0,1.0,3.0,1.0,5.0,5.0,5.0,5.0,3.0,1.0,5.0,4.0,5.0,1.0,3.0,2.0,5.0,5.0,2.0,1.0,1.0,5.0,2.0,2.0,3.0,3.0,2.0,3.0,1.0,5.0,3.0,2.0,5.0,1.0,5.0,5.0,5.0,1.0,1.0,4.0,1.0,4.0,1.0,1.0,3.0,3.0,1.0,5.0,2.0,1.0,2.0,5.0,5.0,1.0,5.0,5.0,5.0,5.0,5.0,5.0,5.0
458,5.0,1.0,5.0,4.0,5.0,5.0,5.0,3.0,1.0,3.0,1.0,4.0,3.0,1.0,3.0,5.0,1.0,3.0,1.0,5.0,5.0,5.0,5.0,5.0,5.0,3.0,1.0,5.0,3.0,3.0,2.0,5.0,3.0,3.0,5.0,5.0,1.0,5.0,3.0,2.0,4.0,3.0,3.0,3.0,5.0,5.0,5.0,5.0,1.0,5.0,3.0,5.0,3.0,3.0,1.0,1.0,2.0,3.0,4.0,5.0,3.0,5.0,3.0,4.0,3.0,4.0,5.0,1.0,2.0,3.0,3.0,4.0,2.0,1.0,1.0,5.0,5.0,3.0,3.0,3.0,5.0,1.0,5.0,1.0,3.0,3.0,5.0,3.0,5.0,5.0,1.0,1.0,1.0,5.0,4.0,5.0,5.0,3.0,5.0,5.0,3.0,5.0
459,3.0,2.0,4.0,2.0,5.0,1.0,5.0,5.0,3.0,3.0,4.0,3.0,4.0,3.0,3.0,5.0,3.0,2.0,2.0,4.0,3.0,3.0,3.0,4.0,3.0,4.0,3.0,4.0,2.0,3.0,4.0,3.0,1.0,2.0,4.0,2.0,2.0,3.0,1.0,2.0,3.0,1.0,2.0,1.0,2.0,1.0,4.0,2.0,1.0,2.0,2.0,5.0,5.0,1.0,3.0,1.0,3.0,2.0,2.0,4.0,5.0,1.0,1.0,2.0,3.0,1.0,1.0,1.0,1.0,2.0,4.0,2.0,2.0,1.0,1.0,3.0,3.0,1.0,1.0,4.0,3.0,1.0,3.0,1.0,3.0,3.0,1.0,3.0,5.0,1.0,1.0,1.0,4.0,5.0,3.0,1.0,3.0,4.0,3.0,3.0,1.0,4.0
460,3.0,3.0,3.0,3.0,5.0,2.0,3.0,1.0,4.0,2.0,3.0,3.0,2.0,2.0,3.0,4.0,3.0,3.0,1.0,5.0,3.0,4.0,3.0,3.0,2.0,2.0,4.0,4.0,3.0,4.0,3.0,3.0,2.0,3.0,4.0,2.0,1.0,3.0,2.0,2.0,2.0,1.0,1.0,1.0,3.0,1.0,1.0,1.0,2.0,3.0,3.0,2.0,3.0,4.0,2.0,2.0,1.0,1.0,4.0,4.0,3.0,3.0,2.0,3.0,1.0,1.0,3.0,1.0,2.0,1.0,2.0,2.0,1.0,2.0,2.0,5.0,5.0,1.0,1.0,1.0,1.0,1.0,1.0,1.0,1.0,4.0,1.0,1.0,1.0,1.0,1.0,1.0,4.0,3.0,1.0,1.0,1.0,5.0,1.0,5.0,3.0,3.0
461,2.0,2.0,5.0,1.0,5.0,1.0,3.0,5.0,3.0,3.0,4.0,4.0,4.0,4.0,1.0,5.0,3.0,3.0,1.0,5.0,3.0,5.0,4.0,4.0,3.0,3.0,4.0,3.0,3.0,3.0,3.0,5.0,1.0,3.0,5.0,4.0,2.0,3.0,1.0,1.0,3.0,1.0,1.0,2.0,4.0,5.0,3.0,1.0,1.0,3.0,2.0,5.0,3.0,4.0,3.0,2.0,3.0,2.0,4.0,3.0,1.0,1.0,5.0,1.0,1.0,1.0,1.0,1.0,1.0,3.0,4.0,2.0,5.0,2.0,4.0,5.0,4.0,3.0,5.0,5.0,3.0,3.0,3.0,5.0,2.0,2.0,1.0,5.0,3.0,4.0,1.0,2.0,5.0,5.0,4.0,1.0,3.0,5.0,5.0,5.0,3.0,3.0
462,1.0,2.0,1.0,3.0,5.0,1.0,5.0,5.0,5.0,1.0,1.0,3.0,3.0,1.0,4.0,5.0,3.0,5.0,2.0,2.0,1.0,5.0,5.0,5.0,3.0,4.0,2.0,5.0,5.0,5.0,5.0,5.0,1.0,5.0,5.0,4.0,2.0,2.0,2.0,2.0,2.0,1.0,1.0,1.0,1.0,1.0,1.0,1.0,3.0,1.0,1.0,5.0,4.0,3.0,1.0,2.0,4.0,3.0,4.0,4.0,1.0,1.0,4.0,3.0,3.0,3.0,2.0,1.0,1.0,1.0,4.0,4.0,4.0,1.0,1.0,5.0,5.0,5.0,1.0,1.0,4.0,3.0,3.0,1.0,5.0,1.0,1.0,1.0,1.0,1.0,1.0,4.0,4.0,4.0,1.0,4.0,4.0,5.0,3.0,5.0,4.0,1.0
463,2.0,2.0,3.0,2.0,3.0,1.0,5.0,3.0,3.0,5.0,3.0,1.0,3.0,5.0,2.0,4.0,3.0,3.0,1.0,5.0,4.0,5.0,5.0,3.0,4.0,4.0,5.0,1.0,3.0,5.0,5.0,4.0,1.0,5.0,5.0,4.0,1.0,5.0,1.0,2.0,2.0,1.0,1.0,1.0,3.0,2.0,5.0,1.0,1.0,1.0,2.0,5.0,4.0,2.0,5.0,4.0,5.0,2.0,2.0,5.0,4.0,3.0,1.0,2.0,3.0,5.0,5.0,2.0,1.0,1.0,5.0,5.0,5.0,3.0,4.0,5.0,5.0,5.0,2.0,2.0,1.0,5.0,4.0,1.0,2.0,3.0,4.0,4.0,5.0,2.0,1.0,2.0,5.0,3.0,2.0,1.0,2.0,4.0,1.0,5.0,3.0,1.0
464,2.0,2.0,4.0,3.0,3.0,5.0,3.0,3.0,3.0,5.0,5.0,4.0,4.0,5.0,4.0,5.0,3.0,2.0,2.0,3.0,3.0,2.0,4.0,5.0,3.0,4.0,4.0,2.0,3.0,5.0,3.0,3.0,2.0,3.0,3.0,2.0,1.0,4.0,2.0,2.0,4.0,3.0,3.0,3.0,2.0,2.0,5.0,2.0,4.0,5.0,1.0,5.0,3.0,2.0,2.0,1.0,4.0,3.0,2.0,5.0,5.0,5.0,1.0,3.0,3.0,5.0,5.0,3.0,1.0,2.0,5.0,2.0,5.0,1.0,1.0,2.0,2.0,2.0,1.0,1.0,3.0,5.0,3.0,1.0,5.0,3.0,3.0,2.0,4.0,2.0,5.0,1.0,4.0,5.0,2.0,3.0,4.0,2.0,2.0,4.0,3.0,5.0
465,3.0,2.0,4.0,3.0,3.0,1.0,4.0,2.0,4.0,2.0,3.0,3.0,3.0,2.0,4.0,4.0,4.0,3.0,3.0,2.0,3.0,4.0,3.0,4.0,2.0,3.0,2.0,3.0,3.0,2.0,2.0,3.0,4.0,3.0,2.0,3.0,2.0,2.0,2.0,3.0,3.0,2.0,1.0,3.0,2.0,1.0,4.0,3.0,2.0,4.0,4.0,5.0,2.0,2.0,4.0,4.0,4.0,2.0,3.0,5.0,5.0,4.0,2.0,3.0,2.0,3.0,2.0,2.0,1.0,4.0,3.0,2.0,4.0,3.0,1.0,5.0,4.0,4.0,2.0,2.0,2.0,3.0,3.0,2.0,2.0,5.0,2.0,3.0,2.0,1.0,1.0,1.0,2.0,1.0,1.0,1.0,1.0,5.0,2.0,5.0,3.0,1.0
466,5.0,1.0,4.0,5.0,4.0,3.0,2.0,2.0,4.0,2.0,3.0,3.0,1.0,2.0,4.0,5.0,4.0,4.0,2.0,3.0,4.0,3.0,3.0,5.0,3.0,4.0,4.0,2.0,3.0,3.0,4.0,5.0,2.0,5.0,4.0,4.0,2.0,3.0,2.0,2.0,2.0,3.0,4.0,3.0,2.0,3.0,5.0,4.0,2.0,4.0,4.0,5.0,4.0,4.0,3.0,1.0,3.0,2.0,4.0,3.0,1.0,1.0,5.0,3.0,1.0,2.0,2.0,5.0,2.0,1.0,3.0,3.0,2.0,3.0,1.0,3.0,2.0,2.0,2.0,1.0,1.0,2.0,2.0,3.0,2.0,3.0,2.0,2.0,3.0,3.0,1.0,1.0,2.0,1.0,2.0,3.0,4.0,2.0,4.0,5.0,3.0,1.0
467,3.0,2.0,1.0,3.0,1.0,5.0,3.0,1.0,3.0,3.0,4.0,3.0,3.0,3.0,2.0,5.0,4.0,3.0,1.0,3.0,5.0,1.0,3.0,2.0,3.0,2.0,3.0,3.0,1.0,1.0,3.0,3.0,3.0,4.0,5.0,3.0,1.0,3.0,1.0,2.0,3.0,1.0,2.0,2.0,2.0,2.0,5.0,3.0,1.0,3.0,3.0,5.0,5.0,4.0,1.0,1.0,2.0,1.0,3.0,1.0,1.0,1.0,3.0,1.0,1.0,2.0,2.0,1.0,5.0,1.0,2.0,2.0,1.0,3.0,4.0,4.0,5.0,3.0,2.0,3.0,1.0,3.0,4.0,2.0,1.0,5.0,1.0,1.0,4.0,1.0,1.0,1.0,5.0,5.0,3.0,1.0,4.0,5.0,2.0,3.0,4.0,4.0
468,1.0,2.0,3.0,1.0,3.0,2.0,4.0,3.0,3.0,1.0,4.0,3.0,3.0,4.0,3.0,4.0,3.0,4.0,2.0,3.0,2.0,2.0,5.0,3.0,1.0,3.0,3.0,4.0,2.0,2.0,5.0,2.0,2.0,4.0,2.0,5.0,2.0,5.0,2.0,3.0,2.0,1.0,1.0,2.0,1.0,3.0,3.0,2.0,5.0,3.0,2.0,4.0,3.0,2.0,2.0,2.0,2.0,1.0,4.0,4.0,2.0,2.0,2.0,3.0,2.0,3.0,2.0,4.0,3.0,2.0,2.0,2.0,1.0,2.0,3.0,4.0,3.0,2.0,5.0,5.0,2.0,3.0,2.0,5.0,1.0,4.0,2.0,3.0,3.0,5.0,1.0,1.0,2.0,4.0,1.0,2.0,4.0,4.0,2.0,4.0,1.0,2.0
469,1.0,3.0,1.0,3.0,3.0,5.0,2.0,1.0,3.0,1.0,2.0,3.0,1.0,2.0,4.0,4.0,4.0,4.0,2.0,4.0,3.0,3.0,4.0,4.0,1.0,3.0,4.0,2.0,2.0,3.0,3.0,1.0,1.0,3.0,5.0,2.0,3.0,5.0,2.0,2.0,3.0,5.0,3.0,3.0,2.0,5.0,4.0,5.0,3.0,5.0,4.0,5.0,3.0,5.0,2.0,4.0,3.0,5.0,5.0,5.0,2.0,3.0,2.0,3.0,3.0,4.0,3.0,5.0,2.0,1.0,1.0,5.0,2.0,1.0,1.0,5.0,1.0,1.0,3.0,1.0,5.0,1.0,3.0,3.0,1.0,1.0,1.0,1.0,2.0,1.0,1.0,1.0,2.0,3.0,1.0,5.0,5.0,1.0,4.0,5.0,1.0,5.0
470,2.0,2.0,5.0,2.0,4.0,2.0,4.0,1.0,3.0,3.0,5.0,3.0,3.0,3.0,2.0,4.0,3.0,3.0,3.0,3.0,2.0,3.0,4.0,4.0,2.0,3.0,4.0,3.0,3.0,3.0,2.0,4.0,2.0,4.0,3.0,3.0,2.0,5.0,2.0,2.0,3.0,3.0,2.0,2.0,2.0,2.0,4.0,3.0,3.0,2.0,3.0,5.0,3.0,4.0,3.0,1.0,2.0,3.0,5.0,3.0,1.0,2.0,3.0,3.0,2.0,2.0,1.0,5.0,2.0,1.0,2.0,3.0,2.0,1.0,1.0,4.0,2.0,1.0,2.0,1.0,1.0,5.0,4.0,3.0,1.0,2.0,2.0,2.0,3.0,5.0,2.0,1.0,4.0,5.0,5.0,4.0,4.0,2.0,3.0,5.0,2.0,1.0
471,2.0,2.0,4.0,3.0,4.0,1.0,3.0,1.0,4.0,2.0,5.0,3.0,3.0,3.0,3.0,2.0,4.0,3.0,1.0,5.0,5.0,1.0,4.0,5.0,3.0,4.0,4.0,2.0,4.0,3.0,5.0,5.0,1.0,5.0,2.0,3.0,2.0,5.0,2.0,2.0,3.0,1.0,2.0,1.0,3.0,1.0,3.0,3.0,1.0,5.0,3.0,5.0,4.0,4.0,3.0,1.0,5.0,3.0,5.0,3.0,1.0,1.0,2.0,2.0,1.0,1.0,1.0,3.0,1.0,4.0,3.0,1.0,2.0,2.0,1.0,5.0,2.0,1.0,5.0,3.0,5.0,2.0,2.0,5.0,2.0,4.0,1.0,2.0,1.0,2.0,1.0,1.0,5.0,4.0,4.0,5.0,3.0,5.0,1.0,5.0,1.0,5.0
472,1.0,2.0,5.0,3.0,5.0,5.0,5.0,4.0,3.0,2.0,3.0,3.0,1.0,3.0,3.0,5.0,2.0,4.0,1.0,5.0,5.0,2.0,5.0,5.0,1.0,3.0,3.0,5.0,3.0,1.0,2.0,5.0,1.0,5.0,4.0,4.0,2.0,5.0,2.0,2.0,4.0,1.0,2.0,2.0,2.0,5.0,4.0,5.0,3.0,5.0,5.0,5.0,3.0,4.0,5.0,3.0,4.0,2.0,4.0,4.0,2.0,2.0,2.0,2.0,4.0,4.0,2.0,5.0,2.0,2.0,3.0,2.0,2.0,4.0,1.0,4.0,2.0,5.0,2.0,2.0,4.0,2.0,5.0,2.0,2.0,2.0,2.0,4.0,4.0,3.0,5.0,1.0,3.0,5.0,1.0,2.0,3.0,2.0,2.0,5.0,4.0,1.0
473,3.0,1.0,5.0,2.0,4.0,5.0,1.0,3.0,4.0,3.0,3.0,5.0,2.0,4.0,3.0,3.0,4.0,3.0,2.0,4.0,3.0,5.0,5.0,3.0,2.0,3.0,4.0,1.0,2.0,4.0,3.0,4.0,5.0,5.0,3.0,4.0,2.0,5.0,1.0,2.0,4.0,3.0,5.0,5.0,4.0,4.0,5.0,5.0,2.0,5.0,5.0,5.0,3.0,4.0,2.0,1.0,2.0,3.0,5.0,5.0,2.0,5.0,3.0,3.0,2.0,3.0,2.0,2.0,4.0,2.0,1.0,3.0,2.0,2.0,1.0,4.0,3.0,2.0,3.0,2.0,2.0,2.0,5.0,3.0,1.0,2.0,4.0,3.0,4.0,4.0,3.0,2.0,3.0,5.0,4.0,4.0,5.0,2.0,3.0,4.0,1.0,3.0
474,5.0,2.0,1.0,2.0,1.0,5.0,5.0,2.0,4.0,5.0,4.0,3.0,1.0,3.0,3.0,5.0,4.0,2.0,1.0,4.0,3.0,5.0,5.0,5.0,4.0,5.0,4.0,3.0,5.0,1.0,5.0,5.0,1.0,4.0,5.0,3.0,2.0,3.0,4.0,2.0,4.0,1.0,1.0,3.0,1.0,5.0,5.0,2.0,1.0,1.0,3.0,5.0,3.0,5.0,1.0,1.0,3.0,2.0,5.0,3.0,1.0,1.0,4.0,3.0,2.0,1.0,1.0,2.0,4.0,3.0,2.0,5.0,5.0,3.0,4.0,5.0,5.0,5.0,5.0,2.0,2.0,5.0,5.0,3.0,4.0,5.0,2.0,1.0,4.0,1.0,1.0,1.0,5.0,1.0,1.0,3.0,5.0,5.0,2.0,5.0,5.0,5.0
475,5.0,1.0,5.0,4.0,1.0,5.0,5.0,2.0,5.0,5.0,5.0,3.0,3.0,5.0,4.0,5.0,3.0,4.0,1.0,5.0,3.0,2.0,5.0,5.0,5.0,1.0,5.0,4.0,1.0,4.0,5.0,5.0,3.0,5.0,5.0,1.0,1.0,5.0,2.0,2.0,3.0,2.0,2.0,4.0,1.0,1.0,2.0,4.0,5.0,3.0,1.0,5.0,1.0,3.0,5.0,5.0,5.0,2.0,2.0,5.0,4.0,2.0,3.0,4.0,5.0,1.0,1.0,1.0,1.0,1.0,4.0,5.0,1.0,1.0,2.0,4.0,5.0,3.0,2.0,2.0,4.0,1.0,5.0,3.0,1.0,4.0,5.0,5.0,5.0,4.0,5.0,4.0,3.0,5.0,2.0,1.0,3.0,3.0,5.0,5.0,3.0,5.0
476,3.0,2.0,5.0,5.0,3.0,2.0,1.0,3.0,4.0,3.0,3.0,3.0,4.0,3.0,4.0,4.0,3.0,4.0,1.0,3.0,2.0,2.0,4.0,2.0,4.0,3.0,3.0,5.0,2.0,1.0,5.0,1.0,1.0,2.0,3.0,3.0,3.0,2.0,2.0,2.0,3.0,1.0,1.0,2.0,2.0,1.0,2.0,1.0,4.0,2.0,4.0,4.0,3.0,3.0,1.0,2.0,2.0,1.0,3.0,3.0,3.0,2.0,4.0,2.0,2.0,2.0,1.0,2.0,4.0,2.0,5.0,2.0,3.0,2.0,1.0,5.0,3.0,2.0,1.0,1.0,1.0,5.0,3.0,3.0,1.0,2.0,1.0,2.0,3.0,1.0,1.0,1.0,3.0,3.0,1.0,2.0,2.0,2.0,1.0,3.0,3.0,3.0
477,3.0,2.0,4.0,1.0,5.0,3.0,4.0,3.0,3.0,1.0,3.0,4.0,3.0,2.0,3.0,5.0,3.0,3.0,1.0,5.0,5.0,4.0,4.0,4.0,1.0,2.0,3.0,3.0,3.0,3.0,4.0,2.0,5.0,4.0,5.0,4.0,4.0,5.0,1.0,1.0,2.0,3.0,1.0,2.0,4.0,3.0,5.0,3.0,2.0,2.0,4.0,5.0,3.0,2.0,2.0,1.0,1.0,3.0,5.0,3.0,2.0,1.0,1.0,1.0,1.0,2.0,1.0,4.0,1.0,1.0,2.0,2.0,2.0,5.0,2.0,5.0,5.0,3.0,2.0,1.0,1.0,2.0,2.0,1.0,1.0,5.0,1.0,1.0,4.0,1.0,1.0,1.0,1.0,1.0,2.0,4.0,3.0,3.0,2.0,2.0,1.0,5.0
478,2.0,2.0,2.0,1.0,5.0,1.0,5.0,3.0,3.0,3.0,3.0,4.0,2.0,3.0,3.0,4.0,4.0,3.0,3.0,1.0,1.0,4.0,2.0,3.0,2.0,3.0,4.0,1.0,2.0,4.0,5.0,5.0,1.0,5.0,5.0,3.0,3.0,4.0,3.0,2.0,4.0,2.0,3.0,2.0,4.0,5.0,5.0,5.0,2.0,3.0,4.0,5.0,3.0,4.0,4.0,4.0,3.0,4.0,5.0,5.0,2.0,2.0,5.0,3.0,3.0,3.0,3.0,4.0,4.0,4.0,4.0,3.0,5.0,2.0,1.0,5.0,3.0,5.0,3.0,1.0,1.0,3.0,5.0,2.0,5.0,4.0,2.0,1.0,4.0,3.0,2.0,1.0,4.0,3.0,2.0,1.0,5.0,4.0,3.0,5.0,4.0,5.0
479,4.0,2.0,3.0,2.0,3.0,5.0,3.0,3.0,3.0,4.0,3.0,3.0,2.0,3.0,2.0,4.0,3.0,3.0,1.0,4.0,3.0,3.0,3.0,4.0,2.0,3.0,3.0,3.0,3.0,2.0,3.0,4.0,2.0,4.0,4.0,3.0,2.0,3.0,2.0,1.0,3.0,3.0,1.0,2.0,2.0,1.0,2.0,4.0,3.0,1.0,3.0,5.0,3.0,1.0,4.0,3.0,5.0,3.0,1.0,5.0,5.0,4.0,1.0,3.0,3.0,5.0,5.0,1.0,1.0,3.0,3.0,3.0,1.0,1.0,3.0,3.0,2.0,1.0,3.0,1.0,4.0,2.0,2.0,2.0,1.0,1.0,3.0,3.0,4.0,1.0,3.0,4.0,4.0,4.0,4.0,1.0,2.0,3.0,3.0,5.0,1.0,5.0
480,2.0,2.0,4.0,3.0,3.0,1.0,3.0,2.0,3.0,2.0,3.0,2.0,3.0,3.0,2.0,4.0,3.0,3.0,1.0,4.0,1.0,3.0,3.0,4.0,3.0,3.0,4.0,3.0,5.0,3.0,4.0,5.0,1.0,2.0,5.0,3.0,1.0,1.0,4.0,1.0,2.0,1.0,1.0,1.0,1.0,4.0,5.0,2.0,3.0,3.0,3.0,3.0,3.0,1.0,3.0,3.0,5.0,5.0,3.0,2.0,2.0,2.0,1.0,1.0,1.0,3.0,1.0,1.0,1.0,4.0,3.0,3.0,5.0,1.0,1.0,5.0,2.0,5.0,1.0,1.0,2.0,4.0,4.0,1.0,4.0,5.0,2.0,1.0,5.0,1.0,1.0,1.0,4.0,2.0,2.0,3.0,4.0,3.0,4.0,5.0,3.0,5.0
481,2.0,3.0,1.0,4.0,3.0,1.0,1.0,4.0,2.0,1.0,3.0,1.0,4.0,2.0,3.0,2.0,3.0,4.0,3.0,4.0,2.0,3.0,5.0,4.0,2.0,3.0,3.0,3.0,3.0,4.0,5.0,3.0,1.0,1.0,5.0,3.0,1.0,2.0,4.0,3.0,1.0,1.0,1.0,4.0,5.0,5.0,2.0,1.0,1.0,3.0,2.0,5.0,2.0,1.0,3.0,2.0,3.0,3.0,3.0,4.0,4.0,3.0,1.0,2.0,1.0,4.0,3.0,3.0,1.0,1.0,1.0,1.0,4.0,1.0,1.0,4.0,2.0,4.0,1.0,1.0,4.0,3.0,2.0,1.0,1.0,2.0,3.0,2.0,2.0,3.0,1.0,1.0,3.0,1.0,1.0,1.0,2.0,3.0,5.0,4.0,3.0,4.0
482,1.0,2.0,3.0,5.0,5.0,4.0,5.0,1.0,4.0,4.0,4.0,3.0,5.0,4.0,1.0,1.0,3.0,2.0,3.0,1.0,3.0,5.0,3.0,3.0,5.0,2.0,5.0,1.0,3.0,5.0,3.0,1.0,1.0,4.0,1.0,1.0,1.0,4.0,2.0,2.0,4.0,2.0,1.0,1.0,1.0,1.0,1.0,1.0,1.0,1.0,2.0,5.0,4.0,5.0,5.0,5.0,5.0,1.0,1.0,4.0,5.0,1.0,5.0,5.0,5.0,5.0,5.0,5.0,5.0,1.0,5.0,4.0,5.0,5.0,5.0,5.0,5.0,1.0,1.0,5.0,5.0,3.0,3.0,3.0,1.0,1.0,1.0,5.0,5.0,2.0,4.0,1.0,1.0,5.0,1.0,1.0,1.0,3.0,1.0,5.0,5.0,3.0
483,2.0,2.0,2.0,4.0,4.0,2.0,5.0,3.0,3.0,2.0,3.0,2.0,3.0,3.0,3.0,4.0,3.0,3.0,3.0,5.0,5.0,4.0,4.0,2.0,2.0,3.0,2.0,2.0,5.0,2.0,3.0,5.0,1.0,2.0,5.0,3.0,1.0,4.0,4.0,2.0,2.0,3.0,1.0,2.0,3.0,5.0,2.0,2.0,4.0,3.0,4.0,5.0,4.0,3.0,2.0,2.0,3.0,2.0,4.0,5.0,4.0,2.0,2.0,2.0,4.0,5.0,4.0,2.0,3.0,2.0,2.0,2.0,3.0,2.0,2.0,5.0,5.0,2.0,5.0,5.0,2.0,1.0,5.0,5.0,1.0,2.0,1.0,1.0,1.0,1.0,4.0,1.0,2.0,3.0,1.0,4.0,2.0,4.0,1.0,5.0,1.0,1.0
